[2026-09-28 10:08:00] [DEBUG] [ESE] Started async parsing
[2026-09-28 10:08:00] [DEBUG] [CONF] Path to .ese for parsing: C:\Users\Terminal\Desktop\LTXX-Full-Pack_20260927153734-260901-0017\LTXX-SECTOR-FILE_20260927153734-260901-0017.ese
[2026-09-28 10:08:00] [DEBUG] [ESE] Started parsing of Positions.
[2026-09-28 10:08:00] [DEBUG] [ESE] Started parsing of Sids/Stars.
[2026-09-28 10:08:00] [DEBUG] [ESE] Parsing SID [ASTAL1A] - sid: [ASTAL1A] / trans : []
[2026-09-28 10:08:00] [DEBUG] [ESE] Stored SID [ASTAL1A] and transition: []
[2026-09-28 10:08:00] [DEBUG] [ESE] Parsing SID [BAKIR1A] - sid: [BAKIR1A] / trans : []
[2026-09-28 10:08:00] [DEBUG] [ESE] Stored SID [BAKIR1A] and transition: []
[2026-09-28 10:08:00] [DEBUG] [ESE] Parsing SID [DEREL1A] - sid: [DEREL1A] / trans : []
[2026-09-28 10:08:00] [DEBUG] [ESE] Stored SID [DEREL1A] and transition: []
[2026-09-28 10:08:00] [DEBUG] [ESE] Parsing SID [GURBU1A] - sid: [GURBU1A] / trans : []
[2026-09-28 10:08:00] [DEBUG] [ESE] Stored SID [GURBU1A] and transition: []
[2026-09-28 10:08:00] [DEBUG] [ESE] Parsing SID [HALIL1A] - sid: [HALIL1A] / trans : []
[2026-09-28 10:08:00] [DEBUG] [ESE] Stored SID [HALIL1A] and transition: []
[2026-09-28 10:08:00] [DEBUG] [ESE] Parsing SID [HALIL1U] - sid: [HALIL1U] / trans : []
[2026-09-28 10:08:00] [DEBUG] [ESE] Stored SID [HALIL1U] and transition: []
[2026-09-28 10:08:00] [DEBUG] [ESE] Parsing SID [HAY1A] - sid: [HAY1A] / trans : []
[2026-09-28 10:08:00] [DEBUG] [ESE] Stored SID [HAY1A] and transition: []
[2026-09-28 10:08:00] [DEBUG] [ESE] Parsing SID [HAY1U] - sid: [HAY1U] / trans : []
[2026-09-28 10:08:00] [DEBUG] [ESE] Stored SID [HAY1U] and transition: []
[2026-09-28 10:08:00] [DEBUG] [ESE] Parsing SID [ILHAN1A] - sid: [ILHAN1A] / trans : []
[2026-09-28 10:08:00] [DEBUG] [ESE] Stored SID [ILHAN1A] and transition: []
[2026-09-28 10:08:00] [DEBUG] [ESE] Parsing SID [KUBER1A] - sid: [KUBER1A] / trans : []
[2026-09-28 10:08:00] [DEBUG] [ESE] Stored SID [KUBER1A] and transition: []
[2026-09-28 10:08:00] [DEBUG] [ESE] Parsing SID [LATGA1A] - sid: [LATGA1A] / trans : []
[2026-09-28 10:08:00] [DEBUG] [ESE] Stored SID [LATGA1A] and transition: []
[2026-09-28 10:08:00] [DEBUG] [ESE] Parsing SID [PETAR1A] - sid: [PETAR1A] / trans : []
[2026-09-28 10:08:00] [DEBUG] [ESE] Stored SID [PETAR1A] and transition: []
[2026-09-28 10:08:00] [DEBUG] [ESE] Parsing SID [SALGO1A] - sid: [SALGO1A] / trans : []
[2026-09-28 10:08:00] [DEBUG] [ESE] Stored SID [SALGO1A] and transition: []
[2026-09-28 10:08:00] [DEBUG] [ESE] Parsing SID [TELVO1A] - sid: [TELVO1A] / trans : []
[2026-09-28 10:08:00] [DEBUG] [ESE] Stored SID [TELVO1A] and transition: []
[2026-09-28 10:08:00] [DEBUG] [ESE] Parsing SID [YUCEL1A] - sid: [YUCEL1A] / trans : []
[2026-09-28 10:08:00] [DEBUG] [ESE] Stored SID [YUCEL1A] and transition: []
[2026-09-28 10:08:00] [DEBUG] [ESE] Parsing SID [ASTAL1T] - sid: [ASTAL1T] / trans : []
[2026-09-28 10:08:00] [DEBUG] [ESE] Stored SID [ASTAL1T] and transition: []
[2026-09-28 10:08:00] [DEBUG] [ESE] Parsing SID [BAKIR1T] - sid: [BAKIR1T] / trans : []
[2026-09-28 10:08:00] [DEBUG] [ESE] Stored SID [BAKIR1T] and transition: []
[2026-09-28 10:08:00] [DEBUG] [ESE] Parsing SID [DEREL1T] - sid: [DEREL1T] / trans : []
[2026-09-28 10:08:00] [DEBUG] [ESE] Stored SID [DEREL1T] and transition: []
[2026-09-28 10:08:00] [DEBUG] [ESE] Parsing SID [GOBIT1T] - sid: [GOBIT1T] / trans : []
[2026-09-28 10:08:00] [DEBUG] [ESE] Stored SID [GOBIT1T] and transition: []
[2026-09-28 10:08:00] [DEBUG] [ESE] Parsing SID [GURBU1T] - sid: [GURBU1T] / trans : []
[2026-09-28 10:08:00] [DEBUG] [ESE] Stored SID [GURBU1T] and transition: []
[2026-09-28 10:08:00] [DEBUG] [ESE] Parsing SID [HALIL1T] - sid: [HALIL1T] / trans : []
[2026-09-28 10:08:00] [DEBUG] [ESE] Stored SID [HALIL1T] and transition: []
[2026-09-28 10:08:00] [DEBUG] [ESE] Parsing SID [ILHAN1T] - sid: [ILHAN1T] / trans : []
[2026-09-28 10:08:00] [DEBUG] [ESE] Stored SID [ILHAN1T] and transition: []
[2026-09-28 10:08:00] [DEBUG] [ESE] Parsing SID [LATGA1T] - sid: [LATGA1T] / trans : []
[2026-09-28 10:08:00] [DEBUG] [ESE] Stored SID [LATGA1T] and transition: []
[2026-09-28 10:08:00] [DEBUG] [ESE] Parsing SID [TELVO1T] - sid: [TELVO1T] / trans : []
[2026-09-28 10:08:00] [DEBUG] [ESE] Stored SID [TELVO1T] and transition: []
[2026-09-28 10:08:00] [DEBUG] [ESE] Parsing SID [UMRUN1T] - sid: [UMRUN1T] / trans : []
[2026-09-28 10:08:00] [DEBUG] [ESE] Stored SID [UMRUN1T] and transition: []
[2026-09-28 10:08:00] [DEBUG] [ESE] Parsing SID [YAVRU1T] - sid: [YAVRU1T] / trans : []
[2026-09-28 10:08:00] [DEBUG] [ESE] Stored SID [YAVRU1T] and transition: []
[2026-09-28 10:08:00] [DEBUG] [ESE] Parsing SID [YUCEL1T] - sid: [YUCEL1T] / trans : []
[2026-09-28 10:08:00] [DEBUG] [ESE] Stored SID [YUCEL1T] and transition: []
[2026-09-28 10:08:00] [DEBUG] [ESE] Parsing SID [ASTAL1A] - sid: [ASTAL1A] / trans : []
[2026-09-28 10:08:00] [DEBUG] [ESE] Stored SID [ASTAL1A] and transition: []
[2026-09-28 10:08:00] [DEBUG] [ESE] Parsing SID [BAKIR1A] - sid: [BAKIR1A] / trans : []
[2026-09-28 10:08:00] [DEBUG] [ESE] Stored SID [BAKIR1A] and transition: []
[2026-09-28 10:08:00] [DEBUG] [ESE] Parsing SID [DEREL1A] - sid: [DEREL1A] / trans : []
[2026-09-28 10:08:00] [DEBUG] [ESE] Stored SID [DEREL1A] and transition: []
[2026-09-28 10:08:00] [DEBUG] [ESE] Parsing SID [GURBU1A] - sid: [GURBU1A] / trans : []
[2026-09-28 10:08:00] [DEBUG] [ESE] Stored SID [GURBU1A] and transition: []
[2026-09-28 10:08:00] [DEBUG] [ESE] Parsing SID [HALIL1A] - sid: [HALIL1A] / trans : []
[2026-09-28 10:08:00] [DEBUG] [ESE] Stored SID [HALIL1A] and transition: []
[2026-09-28 10:08:00] [DEBUG] [ESE] Parsing SID [HALIL1U] - sid: [HALIL1U] / trans : []
[2026-09-28 10:08:00] [DEBUG] [ESE] Stored SID [HALIL1U] and transition: []
[2026-09-28 10:08:00] [DEBUG] [ESE] Parsing SID [HAY1A] - sid: [HAY1A] / trans : []
[2026-09-28 10:08:00] [DEBUG] [ESE] Stored SID [HAY1A] and transition: []
[2026-09-28 10:08:00] [DEBUG] [ESE] Parsing SID [HAY1U] - sid: [HAY1U] / trans : []
[2026-09-28 10:08:00] [DEBUG] [ESE] Stored SID [HAY1U] and transition: []
[2026-09-28 10:08:00] [DEBUG] [ESE] Parsing SID [ILHAN1A] - sid: [ILHAN1A] / trans : []
[2026-09-28 10:08:00] [DEBUG] [ESE] Stored SID [ILHAN1A] and transition: []
[2026-09-28 10:08:00] [DEBUG] [ESE] Parsing SID [KUBER1A] - sid: [KUBER1A] / trans : []
[2026-09-28 10:08:00] [DEBUG] [ESE] Stored SID [KUBER1A] and transition: []
[2026-09-28 10:08:00] [DEBUG] [ESE] Parsing SID [LATGA1A] - sid: [LATGA1A] / trans : []
[2026-09-28 10:08:00] [DEBUG] [ESE] Stored SID [LATGA1A] and transition: []
[2026-09-28 10:08:00] [DEBUG] [ESE] Parsing SID [PETAR1A] - sid: [PETAR1A] / trans : []
[2026-09-28 10:08:00] [DEBUG] [ESE] Stored SID [PETAR1A] and transition: []
[2026-09-28 10:08:00] [DEBUG] [ESE] Parsing SID [SALGO1A] - sid: [SALGO1A] / trans : []
[2026-09-28 10:08:00] [DEBUG] [ESE] Stored SID [SALGO1A] and transition: []
[2026-09-28 10:08:00] [DEBUG] [ESE] Parsing SID [TELVO1A] - sid: [TELVO1A] / trans : []
[2026-09-28 10:08:00] [DEBUG] [ESE] Stored SID [TELVO1A] and transition: []
[2026-09-28 10:08:00] [DEBUG] [ESE] Parsing SID [YUCEL1A] - sid: [YUCEL1A] / trans : []
[2026-09-28 10:08:00] [DEBUG] [ESE] Stored SID [YUCEL1A] and transition: []
[2026-09-28 10:08:00] [DEBUG] [ESE] Parsing SID [ASTAL1T] - sid: [ASTAL1T] / trans : []
[2026-09-28 10:08:00] [DEBUG] [ESE] Stored SID [ASTAL1T] and transition: []
[2026-09-28 10:08:00] [DEBUG] [ESE] Parsing SID [BAKIR1T] - sid: [BAKIR1T] / trans : []
[2026-09-28 10:08:00] [DEBUG] [ESE] Stored SID [BAKIR1T] and transition: []
[2026-09-28 10:08:00] [DEBUG] [ESE] Parsing SID [DEREL1T] - sid: [DEREL1T] / trans : []
[2026-09-28 10:08:00] [DEBUG] [ESE] Stored SID [DEREL1T] and transition: []
[2026-09-28 10:08:00] [DEBUG] [ESE] Parsing SID [GOBIT1T] - sid: [GOBIT1T] / trans : []
[2026-09-28 10:08:00] [DEBUG] [ESE] Stored SID [GOBIT1T] and transition: []
[2026-09-28 10:08:00] [DEBUG] [ESE] Parsing SID [GURBU1T] - sid: [GURBU1T] / trans : []
[2026-09-28 10:08:00] [DEBUG] [MENU] Screen created with id [1]
[2026-09-28 10:08:00] [DEBUG] [MENU] radarScreens id [1] | screen valid [TRUE]
[2026-09-28 10:08:00] [DEBUG] [ESE] Stored SID [GURBU1T] and transition: []
[2026-09-28 10:08:00] [DEBUG] [ESE] Parsing SID [HALIL1T] - sid: [HALIL1T] / trans : []
[2026-09-28 10:08:00] [DEBUG] [ESE] Stored SID [HALIL1T] and transition: []
[2026-09-28 10:08:00] [DEBUG] [ESE] Parsing SID [ILHAN1T] - sid: [ILHAN1T] / trans : []
[2026-09-28 10:08:00] [DEBUG] [ESE] Stored SID [ILHAN1T] and transition: []
[2026-09-28 10:08:00] [DEBUG] [ESE] Parsing SID [LATGA1T] - sid: [LATGA1T] / trans : []
[2026-09-28 10:08:00] [DEBUG] [ESE] Stored SID [LATGA1T] and transition: []
[2026-09-28 10:08:00] [DEBUG] [ESE] Parsing SID [TELVO1T] - sid: [TELVO1T] / trans : []
[2026-09-28 10:08:00] [DEBUG] [ESE] Stored SID [TELVO1T] and transition: []
[2026-09-28 10:08:00] [DEBUG] [ESE] Parsing SID [UMRUN1T] - sid: [UMRUN1T] / trans : []
[2026-09-28 10:08:00] [DEBUG] [ESE] Stored SID [UMRUN1T] and transition: []
[2026-09-28 10:08:00] [DEBUG] [ESE] Parsing SID [YAVRU1T] - sid: [YAVRU1T] / trans : []
[2026-09-28 10:08:00] [DEBUG] [ESE] Stored SID [YAVRU1T] and transition: []
[2026-09-28 10:08:00] [DEBUG] [ESE] Parsing SID [YUCEL1T] - sid: [YUCEL1T] / trans : []
[2026-09-28 10:08:00] [DEBUG] [ESE] Stored SID [YUCEL1T] and transition: []
[2026-09-28 10:08:00] [DEBUG] [ESE] Parsing SID [ASTAL1A] - sid: [ASTAL1A] / trans : []
[2026-09-28 10:08:00] [DEBUG] [ESE] Stored SID [ASTAL1A] and transition: []
[2026-09-28 10:08:00] [DEBUG] [ESE] Parsing SID [BAKIR1A] - sid: [BAKIR1A] / trans : []
[2026-09-28 10:08:00] [DEBUG] [ESE] Stored SID [BAKIR1A] and transition: []
[2026-09-28 10:08:00] [DEBUG] [ESE] Parsing SID [DEREL1A] - sid: [DEREL1A] / trans : []
[2026-09-28 10:08:00] [DEBUG] [ESE] Stored SID [DEREL1A] and transition: []
[2026-09-28 10:08:00] [DEBUG] [ESE] Parsing SID [GURBU1A] - sid: [GURBU1A] / trans : []
[2026-09-28 10:08:00] [DEBUG] [ESE] Stored SID [GURBU1A] and transition: []
[2026-09-28 10:08:00] [DEBUG] [ESE] Parsing SID [HALIL1A] - sid: [HALIL1A] / trans : []
[2026-09-28 10:08:00] [DEBUG] [ESE] Stored SID [HALIL1A] and transition: []
[2026-09-28 10:08:00] [DEBUG] [ESE] Parsing SID [HALIL1U] - sid: [HALIL1U] / trans : []
[2026-09-28 10:08:00] [DEBUG] [ESE] Stored SID [HALIL1U] and transition: []
[2026-09-28 10:08:00] [DEBUG] [ESE] Parsing SID [HAY1A] - sid: [HAY1A] / trans : []
[2026-09-28 10:08:00] [DEBUG] [ESE] Stored SID [HAY1A] and transition: []
[2026-09-28 10:08:00] [DEBUG] [ESE] Parsing SID [HAY1U] - sid: [HAY1U] / trans : []
[2026-09-28 10:08:00] [DEBUG] [ESE] Stored SID [HAY1U] and transition: []
[2026-09-28 10:08:00] [DEBUG] [ESE] Parsing SID [ILHAN1A] - sid: [ILHAN1A] / trans : []
[2026-09-28 10:08:00] [DEBUG] [ESE] Stored SID [ILHAN1A] and transition: []
[2026-09-28 10:08:00] [DEBUG] [ESE] Parsing SID [KUBER1A] - sid: [KUBER1A] / trans : []
[2026-09-28 10:08:00] [DEBUG] [ESE] Stored SID [KUBER1A] and transition: []
[2026-09-28 10:08:00] [DEBUG] [ESE] Parsing SID [LATGA1A] - sid: [LATGA1A] / trans : []
[2026-09-28 10:08:00] [DEBUG] [ESE] Stored SID [LATGA1A] and transition: []
[2026-09-28 10:08:00] [DEBUG] [ESE] Parsing SID [PETAR1A] - sid: [PETAR1A] / trans : []
[2026-09-28 10:08:00] [DEBUG] [ESE] Stored SID [PETAR1A] and transition: []
[2026-09-28 10:08:00] [DEBUG] [ESE] Parsing SID [SALGO1A] - sid: [SALGO1A] / trans : []
[2026-09-28 10:08:00] [DEBUG] [ESE] Stored SID [SALGO1A] and transition: []
[2026-09-28 10:08:00] [DEBUG] [ESE] Parsing SID [TELVO1A] - sid: [TELVO1A] / trans : []
[2026-09-28 10:08:00] [DEBUG] [ESE] Stored SID [TELVO1A] and transition: []
[2026-09-28 10:08:00] [DEBUG] [ESE] Parsing SID [YUCEL1A] - sid: [YUCEL1A] / trans : []
[2026-09-28 10:08:00] [DEBUG] [ESE] Stored SID [YUCEL1A] and transition: []
[2026-09-28 10:08:00] [DEBUG] [ESE] Parsing SID [ASTAL1J] - sid: [ASTAL1J] / trans : []
[2026-09-28 10:08:00] [DEBUG] [ESE] Stored SID [ASTAL1J] and transition: []
[2026-09-28 10:08:00] [DEBUG] [ESE] Parsing SID [ASTAL1L] - sid: [ASTAL1L] / trans : []
[2026-09-28 10:08:00] [DEBUG] [ESE] Stored SID [ASTAL1L] and transition: []
[2026-09-28 10:08:00] [DEBUG] [ESE] Parsing SID [BAKIR1J] - sid: [BAKIR1J] / trans : []
[2026-09-28 10:08:00] [DEBUG] [ESE] Stored SID [BAKIR1J] and transition: []
[2026-09-28 10:08:00] [DEBUG] [ESE] Parsing SID [BAKIR1L] - sid: [BAKIR1L] / trans : []
[2026-09-28 10:08:00] [DEBUG] [ESE] Stored SID [BAKIR1L] and transition: []
[2026-09-28 10:08:00] [DEBUG] [ESE] Parsing SID [DEREL1J] - sid: [DEREL1J] / trans : []
[2026-09-28 10:08:00] [DEBUG] [ESE] Stored SID [DEREL1J] and transition: []
[2026-09-28 10:08:00] [DEBUG] [ESE] Parsing SID [DEREL1L] - sid: [DEREL1L] / trans : []
[2026-09-28 10:08:00] [DEBUG] [ESE] Stored SID [DEREL1L] and transition: []
[2026-09-28 10:08:00] [DEBUG] [ESE] Parsing SID [GOBIT1J] - sid: [GOBIT1J] / trans : []
[2026-09-28 10:08:00] [DEBUG] [ESE] Stored SID [GOBIT1J] and transition: []
[2026-09-28 10:08:00] [DEBUG] [ESE] Parsing SID [GOBIT1L] - sid: [GOBIT1L] / trans : []
[2026-09-28 10:08:00] [DEBUG] [ESE] Stored SID [GOBIT1L] and transition: []
[2026-09-28 10:08:00] [DEBUG] [ESE] Parsing SID [GURBU1J] - sid: [GURBU1J] / trans : []
[2026-09-28 10:08:00] [DEBUG] [ESE] Stored SID [GURBU1J] and transition: []
[2026-09-28 10:08:00] [DEBUG] [ESE] Parsing SID [GURBU1L] - sid: [GURBU1L] / trans : []
[2026-09-28 10:08:00] [DEBUG] [ESE] Stored SID [GURBU1L] and transition: []
[2026-09-28 10:08:00] [DEBUG] [ESE] Parsing SID [HALIL1J] - sid: [HALIL1J] / trans : []
[2026-09-28 10:08:00] [DEBUG] [ESE] Stored SID [HALIL1J] and transition: []
[2026-09-28 10:08:00] [DEBUG] [ESE] Parsing SID [HALIL1L] - sid: [HALIL1L] / trans : []
[2026-09-28 10:08:00] [DEBUG] [ESE] Stored SID [HALIL1L] and transition: []
[2026-09-28 10:08:00] [DEBUG] [ESE] Parsing SID [ILHAN1J] - sid: [ILHAN1J] / trans : []
[2026-09-28 10:08:00] [DEBUG] [ESE] Stored SID [ILHAN1J] and transition: []
[2026-09-28 10:08:00] [DEBUG] [ESE] Parsing SID [ILHAN1L] - sid: [ILHAN1L] / trans : []
[2026-09-28 10:08:00] [DEBUG] [ESE] Stored SID [ILHAN1L] and transition: []
[2026-09-28 10:08:00] [DEBUG] [ESE] Parsing SID [LATGA1J] - sid: [LATGA1J] / trans : []
[2026-09-28 10:08:00] [DEBUG] [ESE] Stored SID [LATGA1J] and transition: []
[2026-09-28 10:08:00] [DEBUG] [ESE] Parsing SID [LATGA1L] - sid: [LATGA1L] / trans : []
[2026-09-28 10:08:00] [DEBUG] [ESE] Stored SID [LATGA1L] and transition: []
[2026-09-28 10:08:00] [DEBUG] [ESE] Parsing SID [TELVO1J] - sid: [TELVO1J] / trans : []
[2026-09-28 10:08:00] [DEBUG] [ESE] Stored SID [TELVO1J] and transition: []
[2026-09-28 10:08:00] [DEBUG] [ESE] Parsing SID [TELVO1L] - sid: [TELVO1L] / trans : []
[2026-09-28 10:08:00] [DEBUG] [ESE] Stored SID [TELVO1L] and transition: []
[2026-09-28 10:08:00] [DEBUG] [ESE] Parsing SID [UMRUN1J] - sid: [UMRUN1J] / trans : []
[2026-09-28 10:08:00] [DEBUG] [ESE] Stored SID [UMRUN1J] and transition: []
[2026-09-28 10:08:00] [DEBUG] [ESE] Parsing SID [UMRUN1L] - sid: [UMRUN1L] / trans : []
[2026-09-28 10:08:00] [DEBUG] [ESE] Stored SID [UMRUN1L] and transition: []
[2026-09-28 10:08:00] [DEBUG] [ESE] Parsing SID [YAVRU1J] - sid: [YAVRU1J] / trans : []
[2026-09-28 10:08:00] [DEBUG] [ESE] Stored SID [YAVRU1J] and transition: []
[2026-09-28 10:08:00] [DEBUG] [ESE] Parsing SID [YAVRU1L] - sid: [YAVRU1L] / trans : []
[2026-09-28 10:08:00] [DEBUG] [ESE] Stored SID [YAVRU1L] and transition: []
[2026-09-28 10:08:00] [DEBUG] [ESE] Parsing SID [YUCEL1J] - sid: [YUCEL1J] / trans : []
[2026-09-28 10:08:00] [DEBUG] [ESE] Stored SID [YUCEL1J] and transition: []
[2026-09-28 10:08:00] [DEBUG] [ESE] Parsing SID [YUCEL1L] - sid: [YUCEL1L] / trans : []
[2026-09-28 10:08:00] [DEBUG] [ESE] Stored SID [YUCEL1L] and transition: []
[2026-09-28 10:08:00] [DEBUG] [ESE] Parsing SID [ASTAL1B] - sid: [ASTAL1B] / trans : []
[2026-09-28 10:08:00] [DEBUG] [ESE] Stored SID [ASTAL1B] and transition: []
[2026-09-28 10:08:00] [DEBUG] [ESE] Parsing SID [BAKIR1B] - sid: [BAKIR1B] / trans : []
[2026-09-28 10:08:00] [DEBUG] [ESE] Stored SID [BAKIR1B] and transition: []
[2026-09-28 10:08:00] [DEBUG] [ESE] Parsing SID [DEREL1B] - sid: [DEREL1B] / trans : []
[2026-09-28 10:08:00] [DEBUG] [ESE] Stored SID [DEREL1B] and transition: []
[2026-09-28 10:08:00] [DEBUG] [ESE] Parsing SID [GURBU1B] - sid: [GURBU1B] / trans : []
[2026-09-28 10:08:00] [DEBUG] [ESE] Stored SID [GURBU1B] and transition: []
[2026-09-28 10:08:00] [DEBUG] [ESE] Parsing SID [HALIL1B] - sid: [HALIL1B] / trans : []
[2026-09-28 10:08:00] [DEBUG] [ESE] Stored SID [HALIL1B] and transition: []
[2026-09-28 10:08:00] [DEBUG] [ESE] Parsing SID [HAY1B] - sid: [HAY1B] / trans : []
[2026-09-28 10:08:00] [DEBUG] [ESE] Stored SID [HAY1B] and transition: []
[2026-09-28 10:08:00] [DEBUG] [ESE] Parsing SID [ILHAN1B] - sid: [ILHAN1B] / trans : []
[2026-09-28 10:08:00] [DEBUG] [ESE] Stored SID [ILHAN1B] and transition: []
[2026-09-28 10:08:00] [DEBUG] [ESE] Parsing SID [KUBER1B] - sid: [KUBER1B] / trans : []
[2026-09-28 10:08:00] [DEBUG] [ESE] Stored SID [KUBER1B] and transition: []
[2026-09-28 10:08:00] [DEBUG] [ESE] Parsing SID [LATGA1B] - sid: [LATGA1B] / trans : []
[2026-09-28 10:08:00] [DEBUG] [ESE] Stored SID [LATGA1B] and transition: []
[2026-09-28 10:08:00] [DEBUG] [ESE] Parsing SID [PETAR1B] - sid: [PETAR1B] / trans : []
[2026-09-28 10:08:00] [DEBUG] [ESE] Stored SID [PETAR1B] and transition: []
[2026-09-28 10:08:00] [DEBUG] [ESE] Parsing SID [SALGO1B] - sid: [SALGO1B] / trans : []
[2026-09-28 10:08:00] [DEBUG] [ESE] Stored SID [SALGO1B] and transition: []
[2026-09-28 10:08:00] [DEBUG] [ESE] Parsing SID [TELVO1B] - sid: [TELVO1B] / trans : []
[2026-09-28 10:08:00] [DEBUG] [ESE] Stored SID [TELVO1B] and transition: []
[2026-09-28 10:08:00] [DEBUG] [ESE] Parsing SID [YUCEL1B] - sid: [YUCEL1B] / trans : []
[2026-09-28 10:08:00] [DEBUG] [ESE] Stored SID [YUCEL1B] and transition: []
[2026-09-28 10:08:00] [DEBUG] [ESE] Parsing SID [AZBUL2H] - sid: [AZBUL2H] / trans : []
[2026-09-28 10:08:00] [DEBUG] [ESE] Stored SID [AZBUL2H] and transition: []
[2026-09-28 10:08:00] [DEBUG] [ESE] Parsing SID [AZBUL2V] - sid: [AZBUL2V] / trans : []
[2026-09-28 10:08:00] [DEBUG] [ESE] Stored SID [AZBUL2V] and transition: []
[2026-09-28 10:08:00] [DEBUG] [ESE] Parsing SID [BALAX2H] - sid: [BALAX2H] / trans : []
[2026-09-28 10:08:00] [DEBUG] [ESE] Stored SID [BALAX2H] and transition: []
[2026-09-28 10:08:00] [DEBUG] [ESE] Parsing SID [BALAX2V] - sid: [BALAX2V] / trans : []
[2026-09-28 10:08:00] [DEBUG] [ESE] Stored SID [BALAX2V] and transition: []
[2026-09-28 10:08:00] [DEBUG] [ESE] Parsing SID [BENTA2H] - sid: [BENTA2H] / trans : []
[2026-09-28 10:08:00] [DEBUG] [ESE] Stored SID [BENTA2H] and transition: []
[2026-09-28 10:08:00] [DEBUG] [ESE] Parsing SID [BENTA2V] - sid: [BENTA2V] / trans : []
[2026-09-28 10:08:00] [DEBUG] [ESE] Stored SID [BENTA2V] and transition: []
[2026-09-28 10:08:00] [DEBUG] [ESE] Parsing SID [DEREL2H] - sid: [DEREL2H] / trans : []
[2026-09-28 10:08:00] [DEBUG] [ESE] Stored SID [DEREL2H] and transition: []
[2026-09-28 10:08:00] [DEBUG] [ESE] Parsing SID [DEREL2V] - sid: [DEREL2V] / trans : []
[2026-09-28 10:08:00] [DEBUG] [ESE] Stored SID [DEREL2V] and transition: []
[2026-09-28 10:08:00] [DEBUG] [ESE] Parsing SID [EKMEK2H] - sid: [EKMEK2H] / trans : []
[2026-09-28 10:08:00] [DEBUG] [ESE] Stored SID [EKMEK2H] and transition: []
[2026-09-28 10:08:00] [DEBUG] [ESE] Parsing SID [EKMEK2V] - sid: [EKMEK2V] / trans : []
[2026-09-28 10:08:00] [DEBUG] [ESE] Stored SID [EKMEK2V] and transition: []
[2026-09-28 10:08:00] [DEBUG] [ESE] Parsing SID [GOBIT2H] - sid: [GOBIT2H] / trans : []
[2026-09-28 10:08:00] [DEBUG] [ESE] Stored SID [GOBIT2H] and transition: []
[2026-09-28 10:08:00] [DEBUG] [ESE] Parsing SID [GOBIT2V] - sid: [GOBIT2V] / trans : []
[2026-09-28 10:08:00] [DEBUG] [ESE] Stored SID [GOBIT2V] and transition: []
[2026-09-28 10:08:00] [DEBUG] [ESE] Parsing SID [HALIL2H] - sid: [HALIL2H] / trans : []
[2026-09-28 10:08:00] [DEBUG] [ESE] Stored SID [HALIL2H] and transition: []
[2026-09-28 10:08:00] [DEBUG] [ESE] Parsing SID [HALIL2V] - sid: [HALIL2V] / trans : []
[2026-09-28 10:08:00] [DEBUG] [ESE] Stored SID [HALIL2V] and transition: []
[2026-09-28 10:08:00] [DEBUG] [ESE] Parsing SID [LATGA2H] - sid: [LATGA2H] / trans : []
[2026-09-28 10:08:00] [DEBUG] [ESE] Stored SID [LATGA2H] and transition: []
[2026-09-28 10:08:00] [DEBUG] [ESE] Parsing SID [LATGA2V] - sid: [LATGA2V] / trans : []
[2026-09-28 10:08:00] [DEBUG] [ESE] Stored SID [LATGA2V] and transition: []
[2026-09-28 10:08:00] [DEBUG] [ESE] Parsing SID [NEMRO2H] - sid: [NEMRO2H] / trans : []
[2026-09-28 10:08:00] [DEBUG] [ESE] Stored SID [NEMRO2H] and transition: []
[2026-09-28 10:08:00] [DEBUG] [ESE] Parsing SID [NEMRO2V] - sid: [NEMRO2V] / trans : []
[2026-09-28 10:08:00] [DEBUG] [ESE] Stored SID [NEMRO2V] and transition: []
[2026-09-28 10:08:00] [DEBUG] [ESE] Parsing SID [PETAR2H] - sid: [PETAR2H] / trans : []
[2026-09-28 10:08:00] [DEBUG] [ESE] Stored SID [PETAR2H] and transition: []
[2026-09-28 10:08:00] [DEBUG] [ESE] Parsing SID [PETAR2V] - sid: [PETAR2V] / trans : []
[2026-09-28 10:08:00] [DEBUG] [ESE] Stored SID [PETAR2V] and transition: []
[2026-09-28 10:08:00] [DEBUG] [ESE] Parsing SID [TELVO2H] - sid: [TELVO2H] / trans : []
[2026-09-28 10:08:00] [DEBUG] [ESE] Stored SID [TELVO2H] and transition: []
[2026-09-28 10:08:00] [DEBUG] [ESE] Parsing SID [TELVO2V] - sid: [TELVO2V] / trans : []
[2026-09-28 10:08:00] [DEBUG] [ESE] Stored SID [TELVO2V] and transition: []
[2026-09-28 10:08:00] [DEBUG] [ESE] Parsing SID [YAVRU2H] - sid: [YAVRU2H] / trans : []
[2026-09-28 10:08:00] [DEBUG] [ESE] Stored SID [YAVRU2H] and transition: []
[2026-09-28 10:08:00] [DEBUG] [ESE] Parsing SID [YAVRU2V] - sid: [YAVRU2V] / trans : []
[2026-09-28 10:08:00] [DEBUG] [ESE] Stored SID [YAVRU2V] and transition: []
[2026-09-28 10:08:00] [DEBUG] [ESE] Parsing SID [ASTAL1B] - sid: [ASTAL1B] / trans : []
[2026-09-28 10:08:00] [DEBUG] [ESE] Stored SID [ASTAL1B] and transition: []
[2026-09-28 10:08:00] [DEBUG] [ESE] Parsing SID [BAKIR1B] - sid: [BAKIR1B] / trans : []
[2026-09-28 10:08:00] [DEBUG] [ESE] Stored SID [BAKIR1B] and transition: []
[2026-09-28 10:08:00] [DEBUG] [ESE] Parsing SID [DEREL1B] - sid: [DEREL1B] / trans : []
[2026-09-28 10:08:00] [DEBUG] [ESE] Stored SID [DEREL1B] and transition: []
[2026-09-28 10:08:00] [DEBUG] [ESE] Parsing SID [GURBU1B] - sid: [GURBU1B] / trans : []
[2026-09-28 10:08:00] [DEBUG] [ESE] Stored SID [GURBU1B] and transition: []
[2026-09-28 10:08:00] [DEBUG] [ESE] Parsing SID [HALIL1B] - sid: [HALIL1B] / trans : []
[2026-09-28 10:08:00] [DEBUG] [ESE] Stored SID [HALIL1B] and transition: []
[2026-09-28 10:08:00] [DEBUG] [ESE] Parsing SID [HAY1B] - sid: [HAY1B] / trans : []
[2026-09-28 10:08:00] [DEBUG] [ESE] Stored SID [HAY1B] and transition: []
[2026-09-28 10:08:00] [DEBUG] [ESE] Parsing SID [ILHAN1B] - sid: [ILHAN1B] / trans : []
[2026-09-28 10:08:00] [DEBUG] [ESE] Stored SID [ILHAN1B] and transition: []
[2026-09-28 10:08:00] [DEBUG] [ESE] Parsing SID [KUBER1B] - sid: [KUBER1B] / trans : []
[2026-09-28 10:08:00] [DEBUG] [ESE] Stored SID [KUBER1B] and transition: []
[2026-09-28 10:08:00] [DEBUG] [ESE] Parsing SID [LATGA1B] - sid: [LATGA1B] / trans : []
[2026-09-28 10:08:00] [DEBUG] [ESE] Stored SID [LATGA1B] and transition: []
[2026-09-28 10:08:00] [DEBUG] [ESE] Parsing SID [PETAR1B] - sid: [PETAR1B] / trans : []
[2026-09-28 10:08:00] [DEBUG] [ESE] Stored SID [PETAR1B] and transition: []
[2026-09-28 10:08:00] [DEBUG] [ESE] Parsing SID [SALGO1B] - sid: [SALGO1B] / trans : []
[2026-09-28 10:08:00] [DEBUG] [ESE] Stored SID [SALGO1B] and transition: []
[2026-09-28 10:08:00] [DEBUG] [ESE] Parsing SID [TELVO1B] - sid: [TELVO1B] / trans : []
[2026-09-28 10:08:00] [DEBUG] [ESE] Stored SID [TELVO1B] and transition: []
[2026-09-28 10:08:00] [DEBUG] [ESE] Parsing SID [YUCEL1B] - sid: [YUCEL1B] / trans : []
[2026-09-28 10:08:00] [DEBUG] [ESE] Stored SID [YUCEL1B] and transition: []
[2026-09-28 10:08:00] [DEBUG] [ESE] Parsing SID [AZBUL2D] - sid: [AZBUL2D] / trans : []
[2026-09-28 10:08:00] [DEBUG] [ESE] Stored SID [AZBUL2D] and transition: []
[2026-09-28 10:08:00] [DEBUG] [ESE] Parsing SID [BALAX2D] - sid: [BALAX2D] / trans : []
[2026-09-28 10:08:00] [DEBUG] [ESE] Stored SID [BALAX2D] and transition: []
[2026-09-28 10:08:00] [DEBUG] [ESE] Parsing SID [BENTA2D] - sid: [BENTA2D] / trans : []
[2026-09-28 10:08:00] [DEBUG] [ESE] Stored SID [BENTA2D] and transition: []
[2026-09-28 10:08:00] [DEBUG] [ESE] Parsing SID [DEREL2D] - sid: [DEREL2D] / trans : []
[2026-09-28 10:08:00] [DEBUG] [ESE] Stored SID [DEREL2D] and transition: []
[2026-09-28 10:08:00] [DEBUG] [ESE] Parsing SID [EKMEK2D] - sid: [EKMEK2D] / trans : []
[2026-09-28 10:08:00] [DEBUG] [ESE] Stored SID [EKMEK2D] and transition: []
[2026-09-28 10:08:00] [DEBUG] [ESE] Parsing SID [GOBIT2D] - sid: [GOBIT2D] / trans : []
[2026-09-28 10:08:00] [DEBUG] [ESE] Stored SID [GOBIT2D] and transition: []
[2026-09-28 10:08:00] [DEBUG] [ESE] Parsing SID [HALIL2D] - sid: [HALIL2D] / trans : []
[2026-09-28 10:08:00] [DEBUG] [ESE] Stored SID [HALIL2D] and transition: []
[2026-09-28 10:08:00] [DEBUG] [ESE] Parsing SID [LATGA2D] - sid: [LATGA2D] / trans : []
[2026-09-28 10:08:00] [DEBUG] [ESE] Stored SID [LATGA2D] and transition: []
[2026-09-28 10:08:00] [DEBUG] [ESE] Parsing SID [NEMRO2D] - sid: [NEMRO2D] / trans : []
[2026-09-28 10:08:00] [DEBUG] [ESE] Stored SID [NEMRO2D] and transition: []
[2026-09-28 10:08:00] [DEBUG] [ESE] Parsing SID [PETAR2D] - sid: [PETAR2D] / trans : []
[2026-09-28 10:08:00] [DEBUG] [ESE] Stored SID [PETAR2D] and transition: []
[2026-09-28 10:08:00] [DEBUG] [ESE] Parsing SID [TELVO2D] - sid: [TELVO2D] / trans : []
[2026-09-28 10:08:00] [DEBUG] [ESE] Stored SID [TELVO2D] and transition: []
[2026-09-28 10:08:00] [DEBUG] [ESE] Parsing SID [YAVRU2D] - sid: [YAVRU2D] / trans : []
[2026-09-28 10:08:00] [DEBUG] [ESE] Stored SID [YAVRU2D] and transition: []
[2026-09-28 10:08:00] [DEBUG] [ESE] Parsing SID [ASTAL1B] - sid: [ASTAL1B] / trans : []
[2026-09-28 10:08:00] [DEBUG] [ESE] Stored SID [ASTAL1B] and transition: []
[2026-09-28 10:08:00] [DEBUG] [ESE] Parsing SID [BAKIR1B] - sid: [BAKIR1B] / trans : []
[2026-09-28 10:08:00] [DEBUG] [ESE] Stored SID [BAKIR1B] and transition: []
[2026-09-28 10:08:00] [DEBUG] [ESE] Parsing SID [DEREL1B] - sid: [DEREL1B] / trans : []
[2026-09-28 10:08:00] [DEBUG] [ESE] Stored SID [DEREL1B] and transition: []
[2026-09-28 10:08:00] [DEBUG] [ESE] Parsing SID [GURBU1B] - sid: [GURBU1B] / trans : []
[2026-09-28 10:08:00] [DEBUG] [ESE] Stored SID [GURBU1B] and transition: []
[2026-09-28 10:08:00] [DEBUG] [ESE] Parsing SID [HALIL1B] - sid: [HALIL1B] / trans : []
[2026-09-28 10:08:00] [DEBUG] [ESE] Stored SID [HALIL1B] and transition: []
[2026-09-28 10:08:00] [DEBUG] [ESE] Parsing SID [HAY1B] - sid: [HAY1B] / trans : []
[2026-09-28 10:08:00] [DEBUG] [ESE] Stored SID [HAY1B] and transition: []
[2026-09-28 10:08:00] [DEBUG] [ESE] Parsing SID [ILHAN1B] - sid: [ILHAN1B] / trans : []
[2026-09-28 10:08:00] [DEBUG] [ESE] Stored SID [ILHAN1B] and transition: []
[2026-09-28 10:08:00] [DEBUG] [ESE] Parsing SID [KUBER1B] - sid: [KUBER1B] / trans : []
[2026-09-28 10:08:00] [DEBUG] [ESE] Stored SID [KUBER1B] and transition: []
[2026-09-28 10:08:00] [DEBUG] [ESE] Parsing SID [LATGA1B] - sid: [LATGA1B] / trans : []
[2026-09-28 10:08:00] [DEBUG] [ESE] Stored SID [LATGA1B] and transition: []
[2026-09-28 10:08:00] [DEBUG] [ESE] Parsing SID [PETAR1B] - sid: [PETAR1B] / trans : []
[2026-09-28 10:08:00] [DEBUG] [ESE] Stored SID [PETAR1B] and transition: []
[2026-09-28 10:08:00] [DEBUG] [ESE] Parsing SID [SALGO1B] - sid: [SALGO1B] / trans : []
[2026-09-28 10:08:00] [DEBUG] [ESE] Stored SID [SALGO1B] and transition: []
[2026-09-28 10:08:00] [DEBUG] [ESE] Parsing SID [TELVO1B] - sid: [TELVO1B] / trans : []
[2026-09-28 10:08:00] [DEBUG] [ESE] Stored SID [TELVO1B] and transition: []
[2026-09-28 10:08:00] [DEBUG] [ESE] Parsing SID [YUCEL1B] - sid: [YUCEL1B] / trans : []
[2026-09-28 10:08:00] [DEBUG] [ESE] Stored SID [YUCEL1B] and transition: []
[2026-09-28 10:08:00] [DEBUG] [ESE] Parsing SID [AZBUL2D] - sid: [AZBUL2D] / trans : []
[2026-09-28 10:08:00] [DEBUG] [ESE] Stored SID [AZBUL2D] and transition: []
[2026-09-28 10:08:00] [DEBUG] [ESE] Parsing SID [BALAX2D] - sid: [BALAX2D] / trans : []
[2026-09-28 10:08:00] [DEBUG] [ESE] Stored SID [BALAX2D] and transition: []
[2026-09-28 10:08:00] [DEBUG] [ESE] Parsing SID [BENTA2D] - sid: [BENTA2D] / trans : []
[2026-09-28 10:08:00] [DEBUG] [ESE] Stored SID [BENTA2D] and transition: []
[2026-09-28 10:08:00] [DEBUG] [ESE] Parsing SID [DEREL2D] - sid: [DEREL2D] / trans : []
[2026-09-28 10:08:00] [DEBUG] [ESE] Stored SID [DEREL2D] and transition: []
[2026-09-28 10:08:00] [DEBUG] [ESE] Parsing SID [EKMEK2D] - sid: [EKMEK2D] / trans : []
[2026-09-28 10:08:00] [DEBUG] [ESE] Stored SID [EKMEK2D] and transition: []
[2026-09-28 10:08:00] [DEBUG] [ESE] Parsing SID [GOBIT2D] - sid: [GOBIT2D] / trans : []
[2026-09-28 10:08:00] [DEBUG] [ESE] Stored SID [GOBIT2D] and transition: []
[2026-09-28 10:08:00] [DEBUG] [ESE] Parsing SID [HALIL2D] - sid: [HALIL2D] / trans : []
[2026-09-28 10:08:00] [DEBUG] [ESE] Stored SID [HALIL2D] and transition: []
[2026-09-28 10:08:00] [DEBUG] [ESE] Parsing SID [LATGA2D] - sid: [LATGA2D] / trans : []
[2026-09-28 10:08:00] [DEBUG] [ESE] Stored SID [LATGA2D] and transition: []
[2026-09-28 10:08:00] [DEBUG] [ESE] Parsing SID [NEMRO2D] - sid: [NEMRO2D] / trans : []
[2026-09-28 10:08:00] [DEBUG] [ESE] Stored SID [NEMRO2D] and transition: []
[2026-09-28 10:08:00] [DEBUG] [ESE] Parsing SID [PETAR2D] - sid: [PETAR2D] / trans : []
[2026-09-28 10:08:00] [DEBUG] [ESE] Stored SID [PETAR2D] and transition: []
[2026-09-28 10:08:00] [DEBUG] [ESE] Parsing SID [TELVO2D] - sid: [TELVO2D] / trans : []
[2026-09-28 10:08:00] [DEBUG] [ESE] Stored SID [TELVO2D] and transition: []
[2026-09-28 10:08:00] [DEBUG] [ESE] Parsing SID [YAVRU2D] - sid: [YAVRU2D] / trans : []
[2026-09-28 10:08:00] [DEBUG] [ESE] Stored SID [YAVRU2D] and transition: []
[2026-09-28 10:08:00] [DEBUG] [ESE] Parsing SID [ASTAL7D] - sid: [ASTAL7D] / trans : []
[2026-09-28 10:08:00] [DEBUG] [ESE] Stored SID [ASTAL7D] and transition: []
[2026-09-28 10:08:00] [DEBUG] [ESE] Parsing SID [AZBUL7D] - sid: [AZBUL7D] / trans : []
[2026-09-28 10:08:00] [DEBUG] [ESE] Stored SID [AZBUL7D] and transition: []
[2026-09-28 10:08:00] [DEBUG] [ESE] Parsing SID [BAG1F] - sid: [BAG1F] / trans : []
[2026-09-28 10:08:00] [DEBUG] [ESE] Stored SID [BAG1F] and transition: []
[2026-09-28 10:08:00] [DEBUG] [ESE] Parsing SID [DEREL7D] - sid: [DEREL7D] / trans : []
[2026-09-28 10:08:00] [DEBUG] [ESE] Stored SID [DEREL7D] and transition: []
[2026-09-28 10:08:00] [DEBUG] [ESE] Parsing SID [ELQUL7D] - sid: [ELQUL7D] / trans : []
[2026-09-28 10:08:00] [DEBUG] [ESE] Stored SID [ELQUL7D] and transition: []
[2026-09-28 10:08:00] [DEBUG] [ESE] Parsing SID [GOBIT7D] - sid: [GOBIT7D] / trans : []
[2026-09-28 10:08:00] [DEBUG] [ESE] Stored SID [GOBIT7D] and transition: []
[2026-09-28 10:08:00] [DEBUG] [ESE] Parsing SID [GURBU7D] - sid: [GURBU7D] / trans : []
[2026-09-28 10:08:00] [DEBUG] [ESE] Stored SID [GURBU7D] and transition: []
[2026-09-28 10:08:00] [DEBUG] [ESE] Parsing SID [HALIL7D] - sid: [HALIL7D] / trans : []
[2026-09-28 10:08:00] [DEBUG] [ESE] Stored SID [HALIL7D] and transition: []
[2026-09-28 10:08:00] [DEBUG] [ESE] Parsing SID [HAY1F] - sid: [HAY1F] / trans : []
[2026-09-28 10:08:00] [DEBUG] [ESE] Stored SID [HAY1F] and transition: []
[2026-09-28 10:08:00] [DEBUG] [ESE] Parsing SID [ILHAN7D] - sid: [ILHAN7D] / trans : []
[2026-09-28 10:08:00] [DEBUG] [ESE] Stored SID [ILHAN7D] and transition: []
[2026-09-28 10:08:00] [DEBUG] [ESE] Parsing SID [KIZIK7D] - sid: [KIZIK7D] / trans : []
[2026-09-28 10:08:00] [DEBUG] [ESE] Stored SID [KIZIK7D] and transition: []
[2026-09-28 10:08:00] [DEBUG] [ESE] Parsing SID [PETAR1P] - sid: [PETAR1P] / trans : []
[2026-09-28 10:08:00] [DEBUG] [ESE] Stored SID [PETAR1P] and transition: []
[2026-09-28 10:08:00] [DEBUG] [ESE] Parsing SID [TELVO7D] - sid: [TELVO7D] / trans : []
[2026-09-28 10:08:00] [DEBUG] [ESE] Stored SID [TELVO7D] and transition: []
[2026-09-28 10:08:00] [DEBUG] [ESE] Parsing SID [UMRUN7D] - sid: [UMRUN7D] / trans : []
[2026-09-28 10:08:00] [DEBUG] [ESE] Stored SID [UMRUN7D] and transition: []
[2026-09-28 10:08:00] [DEBUG] [ESE] Parsing SID [ASTAL7A] - sid: [ASTAL7A] / trans : []
[2026-09-28 10:08:00] [DEBUG] [ESE] Stored SID [ASTAL7A] and transition: []
[2026-09-28 10:08:00] [DEBUG] [ESE] Parsing SID [AZBUL7A] - sid: [AZBUL7A] / trans : []
[2026-09-28 10:08:00] [DEBUG] [ESE] Stored SID [AZBUL7A] and transition: []
[2026-09-28 10:08:00] [DEBUG] [ESE] Parsing SID [BENTA7A] - sid: [BENTA7A] / trans : []
[2026-09-28 10:08:00] [DEBUG] [ESE] Stored SID [BENTA7A] and transition: []
[2026-09-28 10:08:00] [DEBUG] [ESE] Parsing SID [DEREL7A] - sid: [DEREL7A] / trans : []
[2026-09-28 10:08:00] [DEBUG] [ESE] Stored SID [DEREL7A] and transition: []
[2026-09-28 10:08:00] [DEBUG] [ESE] Parsing SID [EKMEK7A] - sid: [EKMEK7A] / trans : []
[2026-09-28 10:08:00] [DEBUG] [ESE] Stored SID [EKMEK7A] and transition: []
[2026-09-28 10:08:00] [DEBUG] [ESE] Parsing SID [ELQUL7A] - sid: [ELQUL7A] / trans : []
[2026-09-28 10:08:00] [DEBUG] [ESE] Stored SID [ELQUL7A] and transition: []
[2026-09-28 10:08:00] [DEBUG] [ESE] Parsing SID [GOBIT7A] - sid: [GOBIT7A] / trans : []
[2026-09-28 10:08:00] [DEBUG] [ESE] Stored SID [GOBIT7A] and transition: []
[2026-09-28 10:08:00] [DEBUG] [ESE] Parsing SID [HALIL7A] - sid: [HALIL7A] / trans : []
[2026-09-28 10:08:00] [DEBUG] [ESE] Stored SID [HALIL7A] and transition: []
[2026-09-28 10:08:00] [DEBUG] [ESE] Parsing SID [TELVO7A] - sid: [TELVO7A] / trans : []
[2026-09-28 10:08:00] [DEBUG] [ESE] Stored SID [TELVO7A] and transition: []
[2026-09-28 10:08:00] [DEBUG] [ESE] Parsing SID [UMRUN7A] - sid: [UMRUN7A] / trans : []
[2026-09-28 10:08:00] [DEBUG] [ESE] Stored SID [UMRUN7A] and transition: []
[2026-09-28 10:08:00] [DEBUG] [ESE] Parsing SID [YAVRU7A] - sid: [YAVRU7A] / trans : []
[2026-09-28 10:08:00] [DEBUG] [ESE] Stored SID [YAVRU7A] and transition: []
[2026-09-28 10:08:00] [DEBUG] [ESE] Parsing SID [ASTAL7C] - sid: [ASTAL7C] / trans : []
[2026-09-28 10:08:00] [DEBUG] [ESE] Stored SID [ASTAL7C] and transition: []
[2026-09-28 10:08:00] [DEBUG] [ESE] Parsing SID [AZBUL7C] - sid: [AZBUL7C] / trans : []
[2026-09-28 10:08:00] [DEBUG] [ESE] Stored SID [AZBUL7C] and transition: []
[2026-09-28 10:08:00] [DEBUG] [ESE] Parsing SID [BAG1G] - sid: [BAG1G] / trans : []
[2026-09-28 10:08:00] [DEBUG] [ESE] Stored SID [BAG1G] and transition: []
[2026-09-28 10:08:00] [DEBUG] [ESE] Parsing SID [DEREL7C] - sid: [DEREL7C] / trans : []
[2026-09-28 10:08:00] [DEBUG] [ESE] Stored SID [DEREL7C] and transition: []
[2026-09-28 10:08:00] [DEBUG] [ESE] Parsing SID [ELQUL7C] - sid: [ELQUL7C] / trans : []
[2026-09-28 10:08:00] [DEBUG] [ESE] Stored SID [ELQUL7C] and transition: []
[2026-09-28 10:08:00] [DEBUG] [ESE] Parsing SID [GOBIT7C] - sid: [GOBIT7C] / trans : []
[2026-09-28 10:08:00] [DEBUG] [ESE] Stored SID [GOBIT7C] and transition: []
[2026-09-28 10:08:00] [DEBUG] [ESE] Parsing SID [GURBU7C] - sid: [GURBU7C] / trans : []
[2026-09-28 10:08:00] [DEBUG] [ESE] Stored SID [GURBU7C] and transition: []
[2026-09-28 10:08:00] [DEBUG] [ESE] Parsing SID [HALIL7C] - sid: [HALIL7C] / trans : []
[2026-09-28 10:08:00] [DEBUG] [ESE] Stored SID [HALIL7C] and transition: []
[2026-09-28 10:08:00] [DEBUG] [ESE] Parsing SID [HAY1G] - sid: [HAY1G] / trans : []
[2026-09-28 10:08:00] [DEBUG] [ESE] Stored SID [HAY1G] and transition: []
[2026-09-28 10:08:00] [DEBUG] [ESE] Parsing SID [HAY1H] - sid: [HAY1H] / trans : []
[2026-09-28 10:08:00] [DEBUG] [ESE] Stored SID [HAY1H] and transition: []
[2026-09-28 10:08:00] [DEBUG] [ESE] Parsing SID [ILHAN7C] - sid: [ILHAN7C] / trans : []
[2026-09-28 10:08:00] [DEBUG] [ESE] Stored SID [ILHAN7C] and transition: []
[2026-09-28 10:08:00] [DEBUG] [ESE] Parsing SID [KIZIK7C] - sid: [KIZIK7C] / trans : []
[2026-09-28 10:08:00] [DEBUG] [ESE] Stored SID [KIZIK7C] and transition: []
[2026-09-28 10:08:00] [DEBUG] [ESE] Parsing SID [PETAR1R] - sid: [PETAR1R] / trans : []
[2026-09-28 10:08:00] [DEBUG] [ESE] Stored SID [PETAR1R] and transition: []
[2026-09-28 10:08:00] [DEBUG] [ESE] Parsing SID [TELVO7C] - sid: [TELVO7C] / trans : []
[2026-09-28 10:08:00] [DEBUG] [ESE] Stored SID [TELVO7C] and transition: []
[2026-09-28 10:08:00] [DEBUG] [ESE] Parsing SID [UMRUN7C] - sid: [UMRUN7C] / trans : []
[2026-09-28 10:08:00] [DEBUG] [ESE] Stored SID [UMRUN7C] and transition: []
[2026-09-28 10:08:00] [DEBUG] [ESE] Parsing SID [ASTAL7B] - sid: [ASTAL7B] / trans : []
[2026-09-28 10:08:00] [DEBUG] [ESE] Stored SID [ASTAL7B] and transition: []
[2026-09-28 10:08:00] [DEBUG] [ESE] Parsing SID [AZBUL7B] - sid: [AZBUL7B] / trans : []
[2026-09-28 10:08:00] [DEBUG] [ESE] Stored SID [AZBUL7B] and transition: []
[2026-09-28 10:08:00] [DEBUG] [ESE] Parsing SID [BENTA7B] - sid: [BENTA7B] / trans : []
[2026-09-28 10:08:00] [DEBUG] [ESE] Stored SID [BENTA7B] and transition: []
[2026-09-28 10:08:00] [DEBUG] [ESE] Parsing SID [DEREL7B] - sid: [DEREL7B] / trans : []
[2026-09-28 10:08:00] [DEBUG] [ESE] Stored SID [DEREL7B] and transition: []
[2026-09-28 10:08:00] [DEBUG] [ESE] Parsing SID [EKMEK7B] - sid: [EKMEK7B] / trans : []
[2026-09-28 10:08:00] [DEBUG] [ESE] Stored SID [EKMEK7B] and transition: []
[2026-09-28 10:08:00] [DEBUG] [ESE] Parsing SID [ELQUL7B] - sid: [ELQUL7B] / trans : []
[2026-09-28 10:08:00] [DEBUG] [ESE] Stored SID [ELQUL7B] and transition: []
[2026-09-28 10:08:00] [DEBUG] [ESE] Parsing SID [GOBIT7B] - sid: [GOBIT7B] / trans : []
[2026-09-28 10:08:00] [DEBUG] [ESE] Stored SID [GOBIT7B] and transition: []
[2026-09-28 10:08:00] [DEBUG] [ESE] Parsing SID [HALIL7B] - sid: [HALIL7B] / trans : []
[2026-09-28 10:08:00] [DEBUG] [ESE] Stored SID [HALIL7B] and transition: []
[2026-09-28 10:08:00] [DEBUG] [ESE] Parsing SID [TELVO7B] - sid: [TELVO7B] / trans : []
[2026-09-28 10:08:00] [DEBUG] [ESE] Stored SID [TELVO7B] and transition: []
[2026-09-28 10:08:00] [DEBUG] [ESE] Parsing SID [UMRUN7B] - sid: [UMRUN7B] / trans : []
[2026-09-28 10:08:00] [DEBUG] [ESE] Stored SID [UMRUN7B] and transition: []
[2026-09-28 10:08:00] [DEBUG] [ESE] Parsing SID [YAVRU7B] - sid: [YAVRU7B] / trans : []
[2026-09-28 10:08:00] [DEBUG] [ESE] Stored SID [YAVRU7B] and transition: []
[2026-09-28 10:08:00] [DEBUG] [ESE] Parsing SID [KEMER1A] - sid: [KEMER1A] / trans : []
[2026-09-28 10:08:00] [DEBUG] [ESE] Stored SID [KEMER1A] and transition: []
[2026-09-28 10:08:00] [DEBUG] [ESE] Parsing SID [KEMER1C] - sid: [KEMER1C] / trans : []
[2026-09-28 10:08:00] [DEBUG] [ESE] Stored SID [KEMER1C] and transition: []
[2026-09-28 10:08:00] [DEBUG] [ESE] Parsing SID [MANAZ1A] - sid: [MANAZ1A] / trans : []
[2026-09-28 10:08:00] [DEBUG] [ESE] Stored SID [MANAZ1A] and transition: []
[2026-09-28 10:08:00] [DEBUG] [ESE] Parsing SID [MANAZ1C] - sid: [MANAZ1C] / trans : []
[2026-09-28 10:08:00] [DEBUG] [ESE] Stored SID [MANAZ1C] and transition: []
[2026-09-28 10:08:00] [DEBUG] [ESE] Parsing SID [MILBA1A] - sid: [MILBA1A] / trans : []
[2026-09-28 10:08:00] [DEBUG] [ESE] Stored SID [MILBA1A] and transition: []
[2026-09-28 10:08:00] [DEBUG] [ESE] Parsing SID [MILBA1C] - sid: [MILBA1C] / trans : []
[2026-09-28 10:08:00] [DEBUG] [ESE] Stored SID [MILBA1C] and transition: []
[2026-09-28 10:08:00] [DEBUG] [ESE] Parsing SID [TUNLA1A] - sid: [TUNLA1A] / trans : []
[2026-09-28 10:08:00] [DEBUG] [ESE] Stored SID [TUNLA1A] and transition: []
[2026-09-28 10:08:00] [DEBUG] [ESE] Parsing SID [TUNLA1C] - sid: [TUNLA1C] / trans : []
[2026-09-28 10:08:00] [DEBUG] [ESE] Stored SID [TUNLA1C] and transition: []
[2026-09-28 10:08:00] [DEBUG] [ESE] Parsing SID [YAPZU1A] - sid: [YAPZU1A] / trans : []
[2026-09-28 10:08:00] [DEBUG] [ESE] Stored SID [YAPZU1A] and transition: []
[2026-09-28 10:08:00] [DEBUG] [ESE] Parsing SID [YAPZU1C] - sid: [YAPZU1C] / trans : []
[2026-09-28 10:08:00] [DEBUG] [ESE] Stored SID [YAPZU1C] and transition: []
[2026-09-28 10:08:00] [DEBUG] [ESE] Parsing SID [KEMER1B] - sid: [KEMER1B] / trans : []
[2026-09-28 10:08:00] [DEBUG] [ESE] Stored SID [KEMER1B] and transition: []
[2026-09-28 10:08:00] [DEBUG] [ESE] Parsing SID [KEMER1E] - sid: [KEMER1E] / trans : []
[2026-09-28 10:08:00] [DEBUG] [ESE] Stored SID [KEMER1E] and transition: []
[2026-09-28 10:08:00] [DEBUG] [ESE] Parsing SID [MANAZ1B] - sid: [MANAZ1B] / trans : []
[2026-09-28 10:08:00] [DEBUG] [ESE] Stored SID [MANAZ1B] and transition: []
[2026-09-28 10:08:00] [DEBUG] [ESE] Parsing SID [MANAZ1E] - sid: [MANAZ1E] / trans : []
[2026-09-28 10:08:00] [DEBUG] [ESE] Stored SID [MANAZ1E] and transition: []
[2026-09-28 10:08:00] [DEBUG] [ESE] Parsing SID [MILBA1B] - sid: [MILBA1B] / trans : []
[2026-09-28 10:08:00] [DEBUG] [ESE] Stored SID [MILBA1B] and transition: []
[2026-09-28 10:08:00] [DEBUG] [ESE] Parsing SID [MILBA1E] - sid: [MILBA1E] / trans : []
[2026-09-28 10:08:00] [DEBUG] [ESE] Stored SID [MILBA1E] and transition: []
[2026-09-28 10:08:00] [DEBUG] [ESE] Parsing SID [TUNLA1B] - sid: [TUNLA1B] / trans : []
[2026-09-28 10:08:00] [DEBUG] [ESE] Stored SID [TUNLA1B] and transition: []
[2026-09-28 10:08:00] [DEBUG] [ESE] Parsing SID [TUNLA1E] - sid: [TUNLA1E] / trans : []
[2026-09-28 10:08:00] [DEBUG] [ESE] Stored SID [TUNLA1E] and transition: []
[2026-09-28 10:08:00] [DEBUG] [ESE] Parsing SID [YAPZU1B] - sid: [YAPZU1B] / trans : []
[2026-09-28 10:08:00] [DEBUG] [ESE] Stored SID [YAPZU1B] and transition: []
[2026-09-28 10:08:00] [DEBUG] [ESE] Parsing SID [YAPZU1E] - sid: [YAPZU1E] / trans : []
[2026-09-28 10:08:00] [DEBUG] [ESE] Stored SID [YAPZU1E] and transition: []
[2026-09-28 10:08:00] [DEBUG] [ESE] Parsing SID [HALIL1G] - sid: [HALIL1G] / trans : []
[2026-09-28 10:08:00] [DEBUG] [ESE] Stored SID [HALIL1G] and transition: []
[2026-09-28 10:08:00] [DEBUG] [ESE] Parsing SID [HISAR1G] - sid: [HISAR1G] / trans : []
[2026-09-28 10:08:00] [DEBUG] [ESE] Stored SID [HISAR1G] and transition: []
[2026-09-28 10:08:00] [DEBUG] [ESE] Parsing SID [KARGI1G] - sid: [KARGI1G] / trans : []
[2026-09-28 10:08:00] [DEBUG] [ESE] Stored SID [KARGI1G] and transition: []
[2026-09-28 10:08:00] [DEBUG] [ESE] Parsing SID [KINIK1G] - sid: [KINIK1G] / trans : []
[2026-09-28 10:08:00] [DEBUG] [ESE] Stored SID [KINIK1G] and transition: []
[2026-09-28 10:08:00] [DEBUG] [ESE] Parsing SID [LEMDA1G] - sid: [LEMDA1G] / trans : []
[2026-09-28 10:08:00] [DEBUG] [ESE] Stored SID [LEMDA1G] and transition: []
[2026-09-28 10:08:00] [DEBUG] [ESE] Parsing SID [RESLI1G] - sid: [RESLI1G] / trans : []
[2026-09-28 10:08:00] [DEBUG] [ESE] Stored SID [RESLI1G] and transition: []
[2026-09-28 10:08:00] [DEBUG] [ESE] Parsing SID [HALIL1H] - sid: [HALIL1H] / trans : []
[2026-09-28 10:08:00] [DEBUG] [ESE] Stored SID [HALIL1H] and transition: []
[2026-09-28 10:08:00] [DEBUG] [ESE] Parsing SID [HISAR1H] - sid: [HISAR1H] / trans : []
[2026-09-28 10:08:00] [DEBUG] [ESE] Stored SID [HISAR1H] and transition: []
[2026-09-28 10:08:00] [DEBUG] [ESE] Parsing SID [KARGI1H] - sid: [KARGI1H] / trans : []
[2026-09-28 10:08:00] [DEBUG] [ESE] Stored SID [KARGI1H] and transition: []
[2026-09-28 10:08:00] [DEBUG] [ESE] Parsing SID [KINIK1H] - sid: [KINIK1H] / trans : []
[2026-09-28 10:08:00] [DEBUG] [ESE] Stored SID [KINIK1H] and transition: []
[2026-09-28 10:08:00] [DEBUG] [ESE] Parsing SID [LEMDA1H] - sid: [LEMDA1H] / trans : []
[2026-09-28 10:08:00] [DEBUG] [ESE] Stored SID [LEMDA1H] and transition: []
[2026-09-28 10:08:00] [DEBUG] [ESE] Parsing SID [RESLI1H] - sid: [RESLI1H] / trans : []
[2026-09-28 10:08:00] [DEBUG] [ESE] Stored SID [RESLI1H] and transition: []
[2026-09-28 10:08:00] [DEBUG] [ESE] Parsing SID [ALNYA1L] - sid: [ALNYA1L] / trans : []
[2026-09-28 10:08:00] [DEBUG] [ESE] Stored SID [ALNYA1L] and transition: []
[2026-09-28 10:08:00] [DEBUG] [ESE] Parsing SID [EKNUD1L] - sid: [EKNUD1L] / trans : []
[2026-09-28 10:08:00] [DEBUG] [ESE] Stored SID [EKNUD1L] and transition: []
[2026-09-28 10:08:00] [DEBUG] [ESE] Parsing SID [EKSEN1L] - sid: [EKSEN1L] / trans : []
[2026-09-28 10:08:00] [DEBUG] [ESE] Stored SID [EKSEN1L] and transition: []
[2026-09-28 10:08:00] [DEBUG] [ESE] Parsing SID [EVBOL1L] - sid: [EVBOL1L] / trans : []
[2026-09-28 10:08:00] [DEBUG] [ESE] Stored SID [EVBOL1L] and transition: []
[2026-09-28 10:08:00] [DEBUG] [ESE] Parsing SID [HISAR1L] - sid: [HISAR1L] / trans : []
[2026-09-28 10:08:00] [DEBUG] [ESE] Stored SID [HISAR1L] and transition: []
[2026-09-28 10:08:00] [DEBUG] [ESE] Parsing SID [LORKO1L] - sid: [LORKO1L] / trans : []
[2026-09-28 10:08:00] [DEBUG] [ESE] Stored SID [LORKO1L] and transition: []
[2026-09-28 10:08:00] [DEBUG] [ESE] Parsing SID [OSVEL1L] - sid: [OSVEL1L] / trans : []
[2026-09-28 10:08:00] [DEBUG] [ESE] Stored SID [OSVEL1L] and transition: []
[2026-09-28 10:08:00] [DEBUG] [ESE] Parsing SID [TEWHE1L] - sid: [TEWHE1L] / trans : []
[2026-09-28 10:08:00] [DEBUG] [ESE] Stored SID [TEWHE1L] and transition: []
[2026-09-28 10:08:00] [DEBUG] [ESE] Parsing SID [TOMBI1L] - sid: [TOMBI1L] / trans : []
[2026-09-28 10:08:00] [DEBUG] [ESE] Stored SID [TOMBI1L] and transition: []
[2026-09-28 10:08:00] [DEBUG] [ESE] Parsing SID [VAPEK1L] - sid: [VAPEK1L] / trans : []
[2026-09-28 10:08:00] [DEBUG] [ESE] Stored SID [VAPEK1L] and transition: []
[2026-09-28 10:08:00] [DEBUG] [ESE] Parsing SID [VEMEK1L] - sid: [VEMEK1L] / trans : []
[2026-09-28 10:08:00] [DEBUG] [ESE] Stored SID [VEMEK1L] and transition: []
[2026-09-28 10:08:00] [DEBUG] [ESE] Parsing SID [ADASU1Y] - sid: [ADASU1Y] / trans : []
[2026-09-28 10:08:00] [DEBUG] [ESE] Stored SID [ADASU1Y] and transition: []
[2026-09-28 10:08:00] [DEBUG] [ESE] Parsing SID [ALPAY1Y] - sid: [ALPAY1Y] / trans : []
[2026-09-28 10:08:00] [DEBUG] [ESE] Stored SID [ALPAY1Y] and transition: []
[2026-09-28 10:08:00] [DEBUG] [ESE] Parsing SID [DAMLA1Y] - sid: [DAMLA1Y] / trans : []
[2026-09-28 10:08:00] [DEBUG] [ESE] Stored SID [DAMLA1Y] and transition: []
[2026-09-28 10:08:00] [DEBUG] [ESE] Parsing SID [DERYA1Y] - sid: [DERYA1Y] / trans : []
[2026-09-28 10:08:00] [DEBUG] [ESE] Stored SID [DERYA1Y] and transition: []
[2026-09-28 10:08:00] [DEBUG] [ESE] Parsing SID [KONAK1Y] - sid: [KONAK1Y] / trans : []
[2026-09-28 10:08:00] [DEBUG] [ESE] Stored SID [KONAK1Y] and transition: []
[2026-09-28 10:08:00] [DEBUG] [ESE] Parsing SID [KUMRU1Y] - sid: [KUMRU1Y] / trans : []
[2026-09-28 10:08:00] [DEBUG] [ESE] Stored SID [KUMRU1Y] and transition: []
[2026-09-28 10:08:00] [DEBUG] [ESE] Parsing SID [LAMSA1Y] - sid: [LAMSA1Y] / trans : []
[2026-09-28 10:08:00] [DEBUG] [ESE] Stored SID [LAMSA1Y] and transition: []
[2026-09-28 10:08:00] [DEBUG] [ESE] Parsing SID [LAMSA1Z] - sid: [LAMSA1Z] / trans : []
[2026-09-28 10:08:00] [DEBUG] [ESE] Stored SID [LAMSA1Z] and transition: []
[2026-09-28 10:08:00] [DEBUG] [ESE] Parsing SID [MANAV1Y] - sid: [MANAV1Y] / trans : []
[2026-09-28 10:08:00] [DEBUG] [ESE] Stored SID [MANAV1Y] and transition: []
[2026-09-28 10:08:00] [DEBUG] [ESE] Parsing SID [ALNYA1L] - sid: [ALNYA1L] / trans : []
[2026-09-28 10:08:00] [DEBUG] [ESE] Stored SID [ALNYA1L] and transition: []
[2026-09-28 10:08:00] [DEBUG] [ESE] Parsing SID [EKNUD1L] - sid: [EKNUD1L] / trans : []
[2026-09-28 10:08:00] [DEBUG] [ESE] Stored SID [EKNUD1L] and transition: []
[2026-09-28 10:08:00] [DEBUG] [ESE] Parsing SID [EKSEN1L] - sid: [EKSEN1L] / trans : []
[2026-09-28 10:08:00] [DEBUG] [ESE] Stored SID [EKSEN1L] and transition: []
[2026-09-28 10:08:00] [DEBUG] [ESE] Parsing SID [EVBOL1L] - sid: [EVBOL1L] / trans : []
[2026-09-28 10:08:00] [DEBUG] [ESE] Stored SID [EVBOL1L] and transition: []
[2026-09-28 10:08:00] [DEBUG] [ESE] Parsing SID [HISAR1L] - sid: [HISAR1L] / trans : []
[2026-09-28 10:08:00] [DEBUG] [ESE] Stored SID [HISAR1L] and transition: []
[2026-09-28 10:08:00] [DEBUG] [ESE] Parsing SID [LORKO1L] - sid: [LORKO1L] / trans : []
[2026-09-28 10:08:00] [DEBUG] [ESE] Stored SID [LORKO1L] and transition: []
[2026-09-28 10:08:00] [DEBUG] [ESE] Parsing SID [OSVEL1L] - sid: [OSVEL1L] / trans : []
[2026-09-28 10:08:00] [DEBUG] [ESE] Stored SID [OSVEL1L] and transition: []
[2026-09-28 10:08:00] [DEBUG] [ESE] Parsing SID [TEWHE1L] - sid: [TEWHE1L] / trans : []
[2026-09-28 10:08:00] [DEBUG] [ESE] Stored SID [TEWHE1L] and transition: []
[2026-09-28 10:08:00] [DEBUG] [ESE] Parsing SID [TOMBI1L] - sid: [TOMBI1L] / trans : []
[2026-09-28 10:08:00] [DEBUG] [ESE] Stored SID [TOMBI1L] and transition: []
[2026-09-28 10:08:00] [DEBUG] [ESE] Parsing SID [VAPEK1L] - sid: [VAPEK1L] / trans : []
[2026-09-28 10:08:00] [DEBUG] [ESE] Stored SID [VAPEK1L] and transition: []
[2026-09-28 10:08:00] [DEBUG] [ESE] Parsing SID [VEMEK1L] - sid: [VEMEK1L] / trans : []
[2026-09-28 10:08:00] [DEBUG] [ESE] Stored SID [VEMEK1L] and transition: []
[2026-09-28 10:08:00] [DEBUG] [ESE] Parsing SID [ADASU1Y] - sid: [ADASU1Y] / trans : []
[2026-09-28 10:08:00] [DEBUG] [ESE] Stored SID [ADASU1Y] and transition: []
[2026-09-28 10:08:00] [DEBUG] [ESE] Parsing SID [ALPAY1Y] - sid: [ALPAY1Y] / trans : []
[2026-09-28 10:08:00] [DEBUG] [ESE] Stored SID [ALPAY1Y] and transition: []
[2026-09-28 10:08:00] [DEBUG] [ESE] Parsing SID [DAMLA1Y] - sid: [DAMLA1Y] / trans : []
[2026-09-28 10:08:00] [DEBUG] [ESE] Stored SID [DAMLA1Y] and transition: []
[2026-09-28 10:08:00] [DEBUG] [ESE] Parsing SID [DERYA1Y] - sid: [DERYA1Y] / trans : []
[2026-09-28 10:08:00] [DEBUG] [ESE] Stored SID [DERYA1Y] and transition: []
[2026-09-28 10:08:00] [DEBUG] [ESE] Parsing SID [KONAK1Y] - sid: [KONAK1Y] / trans : []
[2026-09-28 10:08:00] [DEBUG] [ESE] Stored SID [KONAK1Y] and transition: []
[2026-09-28 10:08:00] [DEBUG] [ESE] Parsing SID [KUMRU1Y] - sid: [KUMRU1Y] / trans : []
[2026-09-28 10:08:00] [DEBUG] [ESE] Stored SID [KUMRU1Y] and transition: []
[2026-09-28 10:08:00] [DEBUG] [ESE] Parsing SID [LAMSA1Y] - sid: [LAMSA1Y] / trans : []
[2026-09-28 10:08:00] [DEBUG] [ESE] Stored SID [LAMSA1Y] and transition: []
[2026-09-28 10:08:00] [DEBUG] [ESE] Parsing SID [LAMSA1Z] - sid: [LAMSA1Z] / trans : []
[2026-09-28 10:08:00] [DEBUG] [ESE] Stored SID [LAMSA1Z] and transition: []
[2026-09-28 10:08:00] [DEBUG] [ESE] Parsing SID [MANAV1Y] - sid: [MANAV1Y] / trans : []
[2026-09-28 10:08:00] [DEBUG] [ESE] Stored SID [MANAV1Y] and transition: []
[2026-09-28 10:08:00] [DEBUG] [ESE] Parsing SID [ALNYA2J] - sid: [ALNYA2J] / trans : []
[2026-09-28 10:08:00] [DEBUG] [ESE] Stored SID [ALNYA2J] and transition: []
[2026-09-28 10:08:00] [DEBUG] [ESE] Parsing SID [EKNUD2J] - sid: [EKNUD2J] / trans : []
[2026-09-28 10:08:00] [DEBUG] [ESE] Stored SID [EKNUD2J] and transition: []
[2026-09-28 10:08:00] [DEBUG] [ESE] Parsing SID [EKSEN2J] - sid: [EKSEN2J] / trans : []
[2026-09-28 10:08:00] [DEBUG] [ESE] Stored SID [EKSEN2J] and transition: []
[2026-09-28 10:08:00] [DEBUG] [ESE] Parsing SID [EVBOL2J] - sid: [EVBOL2J] / trans : []
[2026-09-28 10:08:00] [DEBUG] [ESE] Stored SID [EVBOL2J] and transition: []
[2026-09-28 10:08:00] [DEBUG] [ESE] Parsing SID [HISAR2J] - sid: [HISAR2J] / trans : []
[2026-09-28 10:08:00] [DEBUG] [ESE] Stored SID [HISAR2J] and transition: []
[2026-09-28 10:08:00] [DEBUG] [ESE] Parsing SID [LORKO2J] - sid: [LORKO2J] / trans : []
[2026-09-28 10:08:00] [DEBUG] [ESE] Stored SID [LORKO2J] and transition: []
[2026-09-28 10:08:00] [DEBUG] [ESE] Parsing SID [OSVEL2J] - sid: [OSVEL2J] / trans : []
[2026-09-28 10:08:00] [DEBUG] [ESE] Stored SID [OSVEL2J] and transition: []
[2026-09-28 10:08:00] [DEBUG] [ESE] Parsing SID [TEWHE2J] - sid: [TEWHE2J] / trans : []
[2026-09-28 10:08:00] [DEBUG] [ESE] Stored SID [TEWHE2J] and transition: []
[2026-09-28 10:08:00] [DEBUG] [ESE] Parsing SID [TOMBI2J] - sid: [TOMBI2J] / trans : []
[2026-09-28 10:08:00] [DEBUG] [ESE] Stored SID [TOMBI2J] and transition: []
[2026-09-28 10:08:00] [DEBUG] [ESE] Parsing SID [VAPEK2J] - sid: [VAPEK2J] / trans : []
[2026-09-28 10:08:00] [DEBUG] [ESE] Stored SID [VAPEK2J] and transition: []
[2026-09-28 10:08:00] [DEBUG] [ESE] Parsing SID [VEMEK2J] - sid: [VEMEK2J] / trans : []
[2026-09-28 10:08:00] [DEBUG] [ESE] Stored SID [VEMEK2J] and transition: []
[2026-09-28 10:08:00] [DEBUG] [ESE] Parsing SID [ADASU1T] - sid: [ADASU1T] / trans : []
[2026-09-28 10:08:00] [DEBUG] [ESE] Stored SID [ADASU1T] and transition: []
[2026-09-28 10:08:00] [DEBUG] [ESE] Parsing SID [ALPAY1T] - sid: [ALPAY1T] / trans : []
[2026-09-28 10:08:00] [DEBUG] [ESE] Stored SID [ALPAY1T] and transition: []
[2026-09-28 10:08:00] [DEBUG] [ESE] Parsing SID [BRONZ1T] - sid: [BRONZ1T] / trans : []
[2026-09-28 10:08:00] [DEBUG] [ESE] Stored SID [BRONZ1T] and transition: []
[2026-09-28 10:08:00] [DEBUG] [ESE] Parsing SID [DAMLA1T] - sid: [DAMLA1T] / trans : []
[2026-09-28 10:08:00] [DEBUG] [ESE] Stored SID [DAMLA1T] and transition: []
[2026-09-28 10:08:00] [DEBUG] [ESE] Parsing SID [DERYA1T] - sid: [DERYA1T] / trans : []
[2026-09-28 10:08:00] [DEBUG] [ESE] Stored SID [DERYA1T] and transition: []
[2026-09-28 10:08:00] [DEBUG] [ESE] Parsing SID [ERGIN1T] - sid: [ERGIN1T] / trans : []
[2026-09-28 10:08:00] [DEBUG] [ESE] Stored SID [ERGIN1T] and transition: []
[2026-09-28 10:08:00] [DEBUG] [ESE] Parsing SID [KONAK1T] - sid: [KONAK1T] / trans : []
[2026-09-28 10:08:00] [DEBUG] [ESE] Stored SID [KONAK1T] and transition: []
[2026-09-28 10:08:00] [DEBUG] [ESE] Parsing SID [KUMRU1M] - sid: [KUMRU1M] / trans : []
[2026-09-28 10:08:00] [DEBUG] [ESE] Stored SID [KUMRU1M] and transition: []
[2026-09-28 10:08:00] [DEBUG] [ESE] Parsing SID [KUMRU1T] - sid: [KUMRU1T] / trans : []
[2026-09-28 10:08:00] [DEBUG] [ESE] Stored SID [KUMRU1T] and transition: []
[2026-09-28 10:08:00] [DEBUG] [ESE] Parsing SID [LAMSA1T] - sid: [LAMSA1T] / trans : []
[2026-09-28 10:08:00] [DEBUG] [ESE] Stored SID [LAMSA1T] and transition: []
[2026-09-28 10:08:00] [DEBUG] [ESE] Parsing SID [MANAV1T] - sid: [MANAV1T] / trans : []
[2026-09-28 10:08:00] [DEBUG] [ESE] Stored SID [MANAV1T] and transition: []
[2026-09-28 10:08:00] [DEBUG] [ESE] Parsing SID [ALNYA2J] - sid: [ALNYA2J] / trans : []
[2026-09-28 10:08:00] [DEBUG] [ESE] Stored SID [ALNYA2J] and transition: []
[2026-09-28 10:08:00] [DEBUG] [ESE] Parsing SID [EKNUD2J] - sid: [EKNUD2J] / trans : []
[2026-09-28 10:08:00] [DEBUG] [ESE] Stored SID [EKNUD2J] and transition: []
[2026-09-28 10:08:00] [DEBUG] [ESE] Parsing SID [EKSEN2J] - sid: [EKSEN2J] / trans : []
[2026-09-28 10:08:00] [DEBUG] [ESE] Stored SID [EKSEN2J] and transition: []
[2026-09-28 10:08:00] [DEBUG] [ESE] Parsing SID [EVBOL2J] - sid: [EVBOL2J] / trans : []
[2026-09-28 10:08:00] [DEBUG] [ESE] Stored SID [EVBOL2J] and transition: []
[2026-09-28 10:08:00] [DEBUG] [ESE] Parsing SID [HISAR2J] - sid: [HISAR2J] / trans : []
[2026-09-28 10:08:00] [DEBUG] [ESE] Stored SID [HISAR2J] and transition: []
[2026-09-28 10:08:00] [DEBUG] [ESE] Parsing SID [LORKO2J] - sid: [LORKO2J] / trans : []
[2026-09-28 10:08:00] [DEBUG] [ESE] Stored SID [LORKO2J] and transition: []
[2026-09-28 10:08:00] [DEBUG] [ESE] Parsing SID [OSVEL2J] - sid: [OSVEL2J] / trans : []
[2026-09-28 10:08:00] [DEBUG] [ESE] Stored SID [OSVEL2J] and transition: []
[2026-09-28 10:08:00] [DEBUG] [ESE] Parsing SID [TEWHE2J] - sid: [TEWHE2J] / trans : []
[2026-09-28 10:08:00] [DEBUG] [ESE] Stored SID [TEWHE2J] and transition: []
[2026-09-28 10:08:00] [DEBUG] [ESE] Parsing SID [TOMBI2J] - sid: [TOMBI2J] / trans : []
[2026-09-28 10:08:00] [DEBUG] [ESE] Stored SID [TOMBI2J] and transition: []
[2026-09-28 10:08:00] [DEBUG] [ESE] Parsing SID [VAPEK2J] - sid: [VAPEK2J] / trans : []
[2026-09-28 10:08:00] [DEBUG] [ESE] Stored SID [VAPEK2J] and transition: []
[2026-09-28 10:08:00] [DEBUG] [ESE] Parsing SID [VEMEK2J] - sid: [VEMEK2J] / trans : []
[2026-09-28 10:08:00] [DEBUG] [ESE] Stored SID [VEMEK2J] and transition: []
[2026-09-28 10:08:00] [DEBUG] [ESE] Parsing SID [ADASU1T] - sid: [ADASU1T] / trans : []
[2026-09-28 10:08:00] [DEBUG] [ESE] Stored SID [ADASU1T] and transition: []
[2026-09-28 10:08:00] [DEBUG] [ESE] Parsing SID [ALPAY1T] - sid: [ALPAY1T] / trans : []
[2026-09-28 10:08:00] [DEBUG] [ESE] Stored SID [ALPAY1T] and transition: []
[2026-09-28 10:08:00] [DEBUG] [ESE] Parsing SID [BRONZ1T] - sid: [BRONZ1T] / trans : []
[2026-09-28 10:08:00] [DEBUG] [ESE] Stored SID [BRONZ1T] and transition: []
[2026-09-28 10:08:00] [DEBUG] [ESE] Parsing SID [DAMLA1T] - sid: [DAMLA1T] / trans : []
[2026-09-28 10:08:00] [DEBUG] [ESE] Stored SID [DAMLA1T] and transition: []
[2026-09-28 10:08:00] [DEBUG] [ESE] Parsing SID [DERYA1T] - sid: [DERYA1T] / trans : []
[2026-09-28 10:08:00] [DEBUG] [ESE] Stored SID [DERYA1T] and transition: []
[2026-09-28 10:08:00] [DEBUG] [ESE] Parsing SID [ERGIN1T] - sid: [ERGIN1T] / trans : []
[2026-09-28 10:08:00] [DEBUG] [ESE] Stored SID [ERGIN1T] and transition: []
[2026-09-28 10:08:00] [DEBUG] [ESE] Parsing SID [KONAK1T] - sid: [KONAK1T] / trans : []
[2026-09-28 10:08:00] [DEBUG] [ESE] Stored SID [KONAK1T] and transition: []
[2026-09-28 10:08:00] [DEBUG] [ESE] Parsing SID [KUMRU1M] - sid: [KUMRU1M] / trans : []
[2026-09-28 10:08:00] [DEBUG] [ESE] Stored SID [KUMRU1M] and transition: []
[2026-09-28 10:08:00] [DEBUG] [ESE] Parsing SID [KUMRU1T] - sid: [KUMRU1T] / trans : []
[2026-09-28 10:08:00] [DEBUG] [ESE] Stored SID [KUMRU1T] and transition: []
[2026-09-28 10:08:00] [DEBUG] [ESE] Parsing SID [LAMSA1T] - sid: [LAMSA1T] / trans : []
[2026-09-28 10:08:00] [DEBUG] [ESE] Stored SID [LAMSA1T] and transition: []
[2026-09-28 10:08:00] [DEBUG] [ESE] Parsing SID [MANAV1T] - sid: [MANAV1T] / trans : []
[2026-09-28 10:08:00] [DEBUG] [ESE] Stored SID [MANAV1T] and transition: []
[2026-09-28 10:08:00] [DEBUG] [ESE] Parsing SID [ALNYA1K] - sid: [ALNYA1K] / trans : []
[2026-09-28 10:08:00] [DEBUG] [ESE] Stored SID [ALNYA1K] and transition: []
[2026-09-28 10:08:00] [DEBUG] [ESE] Parsing SID [EKNUD1K] - sid: [EKNUD1K] / trans : []
[2026-09-28 10:08:00] [DEBUG] [ESE] Stored SID [EKNUD1K] and transition: []
[2026-09-28 10:08:00] [DEBUG] [ESE] Parsing SID [EKSEN1K] - sid: [EKSEN1K] / trans : []
[2026-09-28 10:08:00] [DEBUG] [ESE] Stored SID [EKSEN1K] and transition: []
[2026-09-28 10:08:00] [DEBUG] [ESE] Parsing SID [EVBOL1K] - sid: [EVBOL1K] / trans : []
[2026-09-28 10:08:00] [DEBUG] [ESE] Stored SID [EVBOL1K] and transition: []
[2026-09-28 10:08:00] [DEBUG] [ESE] Parsing SID [HISAR1K] - sid: [HISAR1K] / trans : []
[2026-09-28 10:08:00] [DEBUG] [ESE] Stored SID [HISAR1K] and transition: []
[2026-09-28 10:08:00] [DEBUG] [ESE] Parsing SID [LORKO1K] - sid: [LORKO1K] / trans : []
[2026-09-28 10:08:00] [DEBUG] [ESE] Stored SID [LORKO1K] and transition: []
[2026-09-28 10:08:00] [DEBUG] [ESE] Parsing SID [OSVEL1K] - sid: [OSVEL1K] / trans : []
[2026-09-28 10:08:00] [DEBUG] [ESE] Stored SID [OSVEL1K] and transition: []
[2026-09-28 10:08:00] [DEBUG] [ESE] Parsing SID [TEWHE1K] - sid: [TEWHE1K] / trans : []
[2026-09-28 10:08:00] [DEBUG] [ESE] Stored SID [TEWHE1K] and transition: []
[2026-09-28 10:08:00] [DEBUG] [ESE] Parsing SID [TOMBI1K] - sid: [TOMBI1K] / trans : []
[2026-09-28 10:08:00] [DEBUG] [ESE] Stored SID [TOMBI1K] and transition: []
[2026-09-28 10:08:00] [DEBUG] [ESE] Parsing SID [VAPEK1K] - sid: [VAPEK1K] / trans : []
[2026-09-28 10:08:00] [DEBUG] [ESE] Stored SID [VAPEK1K] and transition: []
[2026-09-28 10:08:00] [DEBUG] [ESE] Parsing SID [VEMEK1K] - sid: [VEMEK1K] / trans : []
[2026-09-28 10:08:00] [DEBUG] [ESE] Stored SID [VEMEK1K] and transition: []
[2026-09-28 10:08:00] [DEBUG] [ESE] Parsing SID [ADASU1B] - sid: [ADASU1B] / trans : []
[2026-09-28 10:08:00] [DEBUG] [ESE] Stored SID [ADASU1B] and transition: []
[2026-09-28 10:08:00] [DEBUG] [ESE] Parsing SID [ADASU1F] - sid: [ADASU1F] / trans : []
[2026-09-28 10:08:00] [DEBUG] [ESE] Stored SID [ADASU1F] and transition: []
[2026-09-28 10:08:00] [DEBUG] [ESE] Parsing SID [ALPAY1B] - sid: [ALPAY1B] / trans : []
[2026-09-28 10:08:00] [DEBUG] [ESE] Stored SID [ALPAY1B] and transition: []
[2026-09-28 10:08:00] [DEBUG] [ESE] Parsing SID [ALPAY1F] - sid: [ALPAY1F] / trans : []
[2026-09-28 10:08:00] [DEBUG] [ESE] Stored SID [ALPAY1F] and transition: []
[2026-09-28 10:08:00] [DEBUG] [ESE] Parsing SID [BRONZ1B] - sid: [BRONZ1B] / trans : []
[2026-09-28 10:08:00] [DEBUG] [ESE] Stored SID [BRONZ1B] and transition: []
[2026-09-28 10:08:00] [DEBUG] [ESE] Parsing SID [BRONZ1F] - sid: [BRONZ1F] / trans : []
[2026-09-28 10:08:00] [DEBUG] [ESE] Stored SID [BRONZ1F] and transition: []
[2026-09-28 10:08:00] [DEBUG] [ESE] Parsing SID [DAMLA1B] - sid: [DAMLA1B] / trans : []
[2026-09-28 10:08:00] [DEBUG] [ESE] Stored SID [DAMLA1B] and transition: []
[2026-09-28 10:08:00] [DEBUG] [ESE] Parsing SID [DAMLA1F] - sid: [DAMLA1F] / trans : []
[2026-09-28 10:08:00] [DEBUG] [ESE] Stored SID [DAMLA1F] and transition: []
[2026-09-28 10:08:00] [DEBUG] [ESE] Parsing SID [DERYA1B] - sid: [DERYA1B] / trans : []
[2026-09-28 10:08:00] [DEBUG] [ESE] Stored SID [DERYA1B] and transition: []
[2026-09-28 10:08:00] [DEBUG] [ESE] Parsing SID [DERYA1F] - sid: [DERYA1F] / trans : []
[2026-09-28 10:08:00] [DEBUG] [ESE] Stored SID [DERYA1F] and transition: []
[2026-09-28 10:08:00] [DEBUG] [ESE] Parsing SID [ERGIN1B] - sid: [ERGIN1B] / trans : []
[2026-09-28 10:08:00] [DEBUG] [ESE] Stored SID [ERGIN1B] and transition: []
[2026-09-28 10:08:00] [DEBUG] [ESE] Parsing SID [ERGIN1F] - sid: [ERGIN1F] / trans : []
[2026-09-28 10:08:00] [DEBUG] [ESE] Stored SID [ERGIN1F] and transition: []
[2026-09-28 10:08:00] [DEBUG] [ESE] Parsing SID [KONAK1B] - sid: [KONAK1B] / trans : []
[2026-09-28 10:08:00] [DEBUG] [ESE] Stored SID [KONAK1B] and transition: []
[2026-09-28 10:08:00] [DEBUG] [ESE] Parsing SID [KONAK1F] - sid: [KONAK1F] / trans : []
[2026-09-28 10:08:00] [DEBUG] [ESE] Stored SID [KONAK1F] and transition: []
[2026-09-28 10:08:00] [DEBUG] [ESE] Parsing SID [KUMRU1B] - sid: [KUMRU1B] / trans : []
[2026-09-28 10:08:00] [DEBUG] [ESE] Stored SID [KUMRU1B] and transition: []
[2026-09-28 10:08:00] [DEBUG] [ESE] Parsing SID [KUMRU1F] - sid: [KUMRU1F] / trans : []
[2026-09-28 10:08:00] [DEBUG] [ESE] Stored SID [KUMRU1F] and transition: []
[2026-09-28 10:08:00] [DEBUG] [ESE] Parsing SID [LAMSA1B] - sid: [LAMSA1B] / trans : []
[2026-09-28 10:08:00] [DEBUG] [ESE] Stored SID [LAMSA1B] and transition: []
[2026-09-28 10:08:00] [DEBUG] [ESE] Parsing SID [LAMSA1F] - sid: [LAMSA1F] / trans : []
[2026-09-28 10:08:00] [DEBUG] [ESE] Stored SID [LAMSA1F] and transition: []
[2026-09-28 10:08:00] [DEBUG] [ESE] Parsing SID [MANAV1B] - sid: [MANAV1B] / trans : []
[2026-09-28 10:08:00] [DEBUG] [ESE] Stored SID [MANAV1B] and transition: []
[2026-09-28 10:08:00] [DEBUG] [ESE] Parsing SID [MANAV1F] - sid: [MANAV1F] / trans : []
[2026-09-28 10:08:00] [DEBUG] [ESE] Stored SID [MANAV1F] and transition: []
[2026-09-28 10:08:00] [DEBUG] [ESE] Parsing SID [ALNYA2F] - sid: [ALNYA2F] / trans : []
[2026-09-28 10:08:00] [DEBUG] [ESE] Stored SID [ALNYA2F] and transition: []
[2026-09-28 10:08:00] [DEBUG] [ESE] Parsing SID [EKNUD2F] - sid: [EKNUD2F] / trans : []
[2026-09-28 10:08:00] [DEBUG] [ESE] Stored SID [EKNUD2F] and transition: []
[2026-09-28 10:08:00] [DEBUG] [ESE] Parsing SID [EKSEN2F] - sid: [EKSEN2F] / trans : []
[2026-09-28 10:08:00] [DEBUG] [ESE] Stored SID [EKSEN2F] and transition: []
[2026-09-28 10:08:00] [DEBUG] [ESE] Parsing SID [EVBOL2F] - sid: [EVBOL2F] / trans : []
[2026-09-28 10:08:00] [DEBUG] [ESE] Stored SID [EVBOL2F] and transition: []
[2026-09-28 10:08:00] [DEBUG] [ESE] Parsing SID [HISAR2F] - sid: [HISAR2F] / trans : []
[2026-09-28 10:08:00] [DEBUG] [ESE] Stored SID [HISAR2F] and transition: []
[2026-09-28 10:08:00] [DEBUG] [ESE] Parsing SID [LORKO2F] - sid: [LORKO2F] / trans : []
[2026-09-28 10:08:00] [DEBUG] [ESE] Stored SID [LORKO2F] and transition: []
[2026-09-28 10:08:00] [DEBUG] [ESE] Parsing SID [OSVEL2F] - sid: [OSVEL2F] / trans : []
[2026-09-28 10:08:00] [DEBUG] [ESE] Stored SID [OSVEL2F] and transition: []
[2026-09-28 10:08:00] [DEBUG] [ESE] Parsing SID [TEWHE2F] - sid: [TEWHE2F] / trans : []
[2026-09-28 10:08:00] [DEBUG] [ESE] Stored SID [TEWHE2F] and transition: []
[2026-09-28 10:08:00] [DEBUG] [ESE] Parsing SID [TOMBI2F] - sid: [TOMBI2F] / trans : []
[2026-09-28 10:08:00] [DEBUG] [ESE] Stored SID [TOMBI2F] and transition: []
[2026-09-28 10:08:00] [DEBUG] [ESE] Parsing SID [VAPEK2F] - sid: [VAPEK2F] / trans : []
[2026-09-28 10:08:00] [DEBUG] [ESE] Stored SID [VAPEK2F] and transition: []
[2026-09-28 10:08:00] [DEBUG] [ESE] Parsing SID [VEMEK2F] - sid: [VEMEK2F] / trans : []
[2026-09-28 10:08:00] [DEBUG] [ESE] Stored SID [VEMEK2F] and transition: []
[2026-09-28 10:08:00] [DEBUG] [ESE] Parsing SID [ADASU1H] - sid: [ADASU1H] / trans : []
[2026-09-28 10:08:00] [DEBUG] [ESE] Stored SID [ADASU1H] and transition: []
[2026-09-28 10:08:00] [DEBUG] [ESE] Parsing SID [ADASU1N] - sid: [ADASU1N] / trans : []
[2026-09-28 10:08:00] [DEBUG] [ESE] Stored SID [ADASU1N] and transition: []
[2026-09-28 10:08:00] [DEBUG] [ESE] Parsing SID [ALPAY1H] - sid: [ALPAY1H] / trans : []
[2026-09-28 10:08:00] [DEBUG] [ESE] Stored SID [ALPAY1H] and transition: []
[2026-09-28 10:08:00] [DEBUG] [ESE] Parsing SID [ALPAY1N] - sid: [ALPAY1N] / trans : []
[2026-09-28 10:08:00] [DEBUG] [ESE] Stored SID [ALPAY1N] and transition: []
[2026-09-28 10:08:00] [DEBUG] [ESE] Parsing SID [BRONZ1H] - sid: [BRONZ1H] / trans : []
[2026-09-28 10:08:00] [DEBUG] [ESE] Stored SID [BRONZ1H] and transition: []
[2026-09-28 10:08:00] [DEBUG] [ESE] Parsing SID [BRONZ1N] - sid: [BRONZ1N] / trans : []
[2026-09-28 10:08:00] [DEBUG] [ESE] Stored SID [BRONZ1N] and transition: []
[2026-09-28 10:08:00] [DEBUG] [ESE] Parsing SID [DAMLA1H] - sid: [DAMLA1H] / trans : []
[2026-09-28 10:08:00] [DEBUG] [ESE] Stored SID [DAMLA1H] and transition: []
[2026-09-28 10:08:00] [DEBUG] [ESE] Parsing SID [DAMLA1N] - sid: [DAMLA1N] / trans : []
[2026-09-28 10:08:00] [DEBUG] [ESE] Stored SID [DAMLA1N] and transition: []
[2026-09-28 10:08:00] [DEBUG] [ESE] Parsing SID [DERYA1H] - sid: [DERYA1H] / trans : []
[2026-09-28 10:08:00] [DEBUG] [ESE] Stored SID [DERYA1H] and transition: []
[2026-09-28 10:08:00] [DEBUG] [ESE] Parsing SID [DERYA1N] - sid: [DERYA1N] / trans : []
[2026-09-28 10:08:00] [DEBUG] [ESE] Stored SID [DERYA1N] and transition: []
[2026-09-28 10:08:00] [DEBUG] [ESE] Parsing SID [ERGIN1H] - sid: [ERGIN1H] / trans : []
[2026-09-28 10:08:00] [DEBUG] [ESE] Stored SID [ERGIN1H] and transition: []
[2026-09-28 10:08:00] [DEBUG] [ESE] Parsing SID [ERGIN1N] - sid: [ERGIN1N] / trans : []
[2026-09-28 10:08:00] [DEBUG] [ESE] Stored SID [ERGIN1N] and transition: []
[2026-09-28 10:08:00] [DEBUG] [ESE] Parsing SID [KONAK1H] - sid: [KONAK1H] / trans : []
[2026-09-28 10:08:00] [DEBUG] [ESE] Stored SID [KONAK1H] and transition: []
[2026-09-28 10:08:00] [DEBUG] [ESE] Parsing SID [KONAK1N] - sid: [KONAK1N] / trans : []
[2026-09-28 10:08:00] [DEBUG] [ESE] Stored SID [KONAK1N] and transition: []
[2026-09-28 10:08:00] [DEBUG] [ESE] Parsing SID [KUMRU1C] - sid: [KUMRU1C] / trans : []
[2026-09-28 10:08:00] [DEBUG] [ESE] Stored SID [KUMRU1C] and transition: []
[2026-09-28 10:08:00] [DEBUG] [ESE] Parsing SID [KUMRU1H] - sid: [KUMRU1H] / trans : []
[2026-09-28 10:08:00] [DEBUG] [ESE] Stored SID [KUMRU1H] and transition: []
[2026-09-28 10:08:00] [DEBUG] [ESE] Parsing SID [KUMRU1N] - sid: [KUMRU1N] / trans : []
[2026-09-28 10:08:00] [DEBUG] [ESE] Stored SID [KUMRU1N] and transition: []
[2026-09-28 10:08:00] [DEBUG] [ESE] Parsing SID [LAMSA1H] - sid: [LAMSA1H] / trans : []
[2026-09-28 10:08:00] [DEBUG] [ESE] Stored SID [LAMSA1H] and transition: []
[2026-09-28 10:08:00] [DEBUG] [ESE] Parsing SID [LAMSA1N] - sid: [LAMSA1N] / trans : []
[2026-09-28 10:08:00] [DEBUG] [ESE] Stored SID [LAMSA1N] and transition: []
[2026-09-28 10:08:00] [DEBUG] [ESE] Parsing SID [MANAV1H] - sid: [MANAV1H] / trans : []
[2026-09-28 10:08:00] [DEBUG] [ESE] Stored SID [MANAV1H] and transition: []
[2026-09-28 10:08:00] [DEBUG] [ESE] Parsing SID [MANAV1N] - sid: [MANAV1N] / trans : []
[2026-09-28 10:08:00] [DEBUG] [ESE] Stored SID [MANAV1N] and transition: []
[2026-09-28 10:08:00] [DEBUG] [ESE] Parsing SID [ARPAG1P] - sid: [ARPAG1P] / trans : []
[2026-09-28 10:08:00] [DEBUG] [ESE] Stored SID [ARPAG1P] and transition: []
[2026-09-28 10:08:00] [DEBUG] [ESE] Parsing SID [ASBOM1P] - sid: [ASBOM1P] / trans : []
[2026-09-28 10:08:00] [DEBUG] [ESE] Stored SID [ASBOM1P] and transition: []
[2026-09-28 10:08:00] [DEBUG] [ESE] Parsing SID [BUPUN1P] - sid: [BUPUN1P] / trans : []
[2026-09-28 10:08:00] [DEBUG] [ESE] Stored SID [BUPUN1P] and transition: []
[2026-09-28 10:08:00] [DEBUG] [ESE] Parsing SID [ELGEX1P] - sid: [ELGEX1P] / trans : []
[2026-09-28 10:08:00] [DEBUG] [ESE] Stored SID [ELGEX1P] and transition: []
[2026-09-28 10:08:00] [DEBUG] [ESE] Parsing SID [MILBA1P] - sid: [MILBA1P] / trans : []
[2026-09-28 10:08:00] [DEBUG] [ESE] Stored SID [MILBA1P] and transition: []
[2026-09-28 10:08:00] [DEBUG] [ESE] Parsing SID [SURUC1P] - sid: [SURUC1P] / trans : []
[2026-09-28 10:08:00] [DEBUG] [ESE] Stored SID [SURUC1P] and transition: []
[2026-09-28 10:08:00] [DEBUG] [ESE] Parsing SID [ADRES1A] - sid: [ADRES1A] / trans : []
[2026-09-28 10:08:00] [DEBUG] [ESE] Stored SID [ADRES1A] and transition: []
[2026-09-28 10:08:00] [DEBUG] [ESE] Parsing SID [BOYAT1A] - sid: [BOYAT1A] / trans : []
[2026-09-28 10:08:00] [DEBUG] [ESE] Stored SID [BOYAT1A] and transition: []
[2026-09-28 10:08:00] [DEBUG] [ESE] Parsing SID [FIRAT1A] - sid: [FIRAT1A] / trans : []
[2026-09-28 10:08:00] [DEBUG] [ESE] Stored SID [FIRAT1A] and transition: []
[2026-09-28 10:08:00] [DEBUG] [ESE] Parsing SID [KIVZE1A] - sid: [KIVZE1A] / trans : []
[2026-09-28 10:08:00] [DEBUG] [ESE] Stored SID [KIVZE1A] and transition: []
[2026-09-28 10:08:00] [DEBUG] [ESE] Parsing SID [KOZAN1A] - sid: [KOZAN1A] / trans : []
[2026-09-28 10:08:00] [DEBUG] [ESE] Stored SID [KOZAN1A] and transition: []
[2026-09-28 10:08:00] [DEBUG] [ESE] Parsing SID [NIZIP1A] - sid: [NIZIP1A] / trans : []
[2026-09-28 10:08:00] [DEBUG] [ESE] Stored SID [NIZIP1A] and transition: []
[2026-09-28 10:08:00] [DEBUG] [ESE] Parsing SID [SUGAT1A] - sid: [SUGAT1A] / trans : []
[2026-09-28 10:08:00] [DEBUG] [ESE] Stored SID [SUGAT1A] and transition: []
[2026-09-28 10:08:00] [DEBUG] [ESE] Parsing SID [ARPAG1M] - sid: [ARPAG1M] / trans : []
[2026-09-28 10:08:00] [DEBUG] [ESE] Stored SID [ARPAG1M] and transition: []
[2026-09-28 10:08:00] [DEBUG] [ESE] Parsing SID [ARTAR1M] - sid: [ARTAR1M] / trans : []
[2026-09-28 10:08:00] [DEBUG] [ESE] Stored SID [ARTAR1M] and transition: []
[2026-09-28 10:08:00] [DEBUG] [ESE] Parsing SID [BUPUN1M] - sid: [BUPUN1M] / trans : []
[2026-09-28 10:08:00] [DEBUG] [ESE] Stored SID [BUPUN1M] and transition: []
[2026-09-28 10:08:00] [DEBUG] [ESE] Parsing SID [ELGEX1M] - sid: [ELGEX1M] / trans : []
[2026-09-28 10:08:00] [DEBUG] [ESE] Stored SID [ELGEX1M] and transition: []
[2026-09-28 10:08:00] [DEBUG] [ESE] Parsing SID [MILBA1M] - sid: [MILBA1M] / trans : []
[2026-09-28 10:08:00] [DEBUG] [ESE] Stored SID [MILBA1M] and transition: []
[2026-09-28 10:08:00] [DEBUG] [ESE] Parsing SID [POGEN1M] - sid: [POGEN1M] / trans : []
[2026-09-28 10:08:00] [DEBUG] [ESE] Stored SID [POGEN1M] and transition: []
[2026-09-28 10:08:00] [DEBUG] [ESE] Parsing SID [ADRES1B] - sid: [ADRES1B] / trans : []
[2026-09-28 10:08:00] [DEBUG] [ESE] Stored SID [ADRES1B] and transition: []
[2026-09-28 10:08:00] [DEBUG] [ESE] Parsing SID [BOYAT1B] - sid: [BOYAT1B] / trans : []
[2026-09-28 10:08:00] [DEBUG] [ESE] Stored SID [BOYAT1B] and transition: []
[2026-09-28 10:08:00] [DEBUG] [ESE] Parsing SID [FIRAT1B] - sid: [FIRAT1B] / trans : []
[2026-09-28 10:08:00] [DEBUG] [ESE] Stored SID [FIRAT1B] and transition: []
[2026-09-28 10:08:00] [DEBUG] [ESE] Parsing SID [KIVZE1B] - sid: [KIVZE1B] / trans : []
[2026-09-28 10:08:00] [DEBUG] [ESE] Stored SID [KIVZE1B] and transition: []
[2026-09-28 10:08:00] [DEBUG] [ESE] Parsing SID [KOZAN1B] - sid: [KOZAN1B] / trans : []
[2026-09-28 10:08:00] [DEBUG] [ESE] Stored SID [KOZAN1B] and transition: []
[2026-09-28 10:08:00] [DEBUG] [ESE] Parsing SID [NIZIP1B] - sid: [NIZIP1B] / trans : []
[2026-09-28 10:08:00] [DEBUG] [ESE] Stored SID [NIZIP1B] and transition: []
[2026-09-28 10:08:00] [DEBUG] [ESE] Parsing SID [SUGAT1B] - sid: [SUGAT1B] / trans : []
[2026-09-28 10:08:00] [DEBUG] [ESE] Stored SID [SUGAT1B] and transition: []
[2026-09-28 10:08:00] [DEBUG] [ESE] Parsing SID [BAVBO1E] - sid: [BAVBO1E] / trans : []
[2026-09-28 10:08:00] [DEBUG] [ESE] Stored SID [BAVBO1E] and transition: []
[2026-09-28 10:08:00] [DEBUG] [ESE] Parsing SID [GIRNO1E] - sid: [GIRNO1E] / trans : []
[2026-09-28 10:08:00] [DEBUG] [ESE] Stored SID [GIRNO1E] and transition: []
[2026-09-28 10:08:00] [DEBUG] [ESE] Parsing SID [IBURA1E] - sid: [IBURA1E] / trans : []
[2026-09-28 10:08:00] [DEBUG] [ESE] Stored SID [IBURA1E] and transition: []
[2026-09-28 10:08:00] [DEBUG] [ESE] Parsing SID [INB1C] - sid: [INB1C] / trans : []
[2026-09-28 10:08:00] [DEBUG] [ESE] Stored SID [INB1C] and transition: []
[2026-09-28 10:08:00] [DEBUG] [ESE] Parsing SID [INB1D] - sid: [INB1D] / trans : []
[2026-09-28 10:08:00] [DEBUG] [ESE] Stored SID [INB1D] and transition: []
[2026-09-28 10:08:00] [DEBUG] [ESE] Parsing SID [OSRIN1C] - sid: [OSRIN1C] / trans : []
[2026-09-28 10:08:00] [DEBUG] [ESE] Stored SID [OSRIN1C] and transition: []
[2026-09-28 10:08:00] [DEBUG] [ESE] Parsing SID [OSRIN1D] - sid: [OSRIN1D] / trans : []
[2026-09-28 10:08:00] [DEBUG] [ESE] Stored SID [OSRIN1D] and transition: []
[2026-09-28 10:08:00] [DEBUG] [ESE] Parsing SID [BAVBO1F] - sid: [BAVBO1F] / trans : []
[2026-09-28 10:08:00] [DEBUG] [ESE] Stored SID [BAVBO1F] and transition: []
[2026-09-28 10:08:00] [DEBUG] [ESE] Parsing SID [GIRNO1F] - sid: [GIRNO1F] / trans : []
[2026-09-28 10:08:00] [DEBUG] [ESE] Stored SID [GIRNO1F] and transition: []
[2026-09-28 10:08:00] [DEBUG] [ESE] Parsing SID [IBURA1F] - sid: [IBURA1F] / trans : []
[2026-09-28 10:08:00] [DEBUG] [ESE] Stored SID [IBURA1F] and transition: []
[2026-09-28 10:08:00] [DEBUG] [ESE] Parsing SID [INB1A] - sid: [INB1A] / trans : []
[2026-09-28 10:08:00] [DEBUG] [ESE] Stored SID [INB1A] and transition: []
[2026-09-28 10:08:00] [DEBUG] [ESE] Parsing SID [OSRIN1A] - sid: [OSRIN1A] / trans : []
[2026-09-28 10:08:00] [DEBUG] [ESE] Stored SID [OSRIN1A] and transition: []
[2026-09-28 10:08:00] [DEBUG] [ESE] Parsing SID [OSRIN1B] - sid: [OSRIN1B] / trans : []
[2026-09-28 10:08:00] [DEBUG] [ESE] Stored SID [OSRIN1B] and transition: []
[2026-09-28 10:08:00] [DEBUG] [ESE] Parsing SID [HISAR1A] - sid: [HISAR1A] / trans : []
[2026-09-28 10:08:00] [DEBUG] [ESE] Stored SID [HISAR1A] and transition: []
[2026-09-28 10:08:00] [DEBUG] [ESE] Parsing SID [HISAR1C] - sid: [HISAR1C] / trans : []
[2026-09-28 10:08:00] [DEBUG] [ESE] Stored SID [HISAR1C] and transition: []
[2026-09-28 10:08:00] [DEBUG] [ESE] Parsing SID [OBRUK1A] - sid: [OBRUK1A] / trans : []
[2026-09-28 10:08:00] [DEBUG] [ESE] Stored SID [OBRUK1A] and transition: []
[2026-09-28 10:08:00] [DEBUG] [ESE] Parsing SID [OBRUK1D] - sid: [OBRUK1D] / trans : []
[2026-09-28 10:08:00] [DEBUG] [ESE] Stored SID [OBRUK1D] and transition: []
[2026-09-28 10:08:00] [DEBUG] [ESE] Parsing SID [OKELI1A] - sid: [OKELI1A] / trans : []
[2026-09-28 10:08:00] [DEBUG] [ESE] Stored SID [OKELI1A] and transition: []
[2026-09-28 10:08:00] [DEBUG] [ESE] Parsing SID [OKELI1D] - sid: [OKELI1D] / trans : []
[2026-09-28 10:08:00] [DEBUG] [ESE] Stored SID [OKELI1D] and transition: []
[2026-09-28 10:08:00] [DEBUG] [ESE] Parsing SID [SEHIR1A] - sid: [SEHIR1A] / trans : []
[2026-09-28 10:08:00] [DEBUG] [ESE] Stored SID [SEHIR1A] and transition: []
[2026-09-28 10:08:00] [DEBUG] [ESE] Parsing SID [SEHIR1B] - sid: [SEHIR1B] / trans : []
[2026-09-28 10:08:00] [DEBUG] [ESE] Stored SID [SEHIR1B] and transition: []
[2026-09-28 10:08:00] [DEBUG] [ESE] Parsing SID [SEHIR1D] - sid: [SEHIR1D] / trans : []
[2026-09-28 10:08:00] [DEBUG] [ESE] Stored SID [SEHIR1D] and transition: []
[2026-09-28 10:08:00] [DEBUG] [ESE] Parsing SID [SEHIR1E] - sid: [SEHIR1E] / trans : []
[2026-09-28 10:08:00] [DEBUG] [ESE] Stored SID [SEHIR1E] and transition: []
[2026-09-28 10:08:00] [DEBUG] [ESE] Parsing SID [HISAR1A] - sid: [HISAR1A] / trans : []
[2026-09-28 10:08:00] [DEBUG] [ESE] Stored SID [HISAR1A] and transition: []
[2026-09-28 10:08:00] [DEBUG] [ESE] Parsing SID [HISAR1C] - sid: [HISAR1C] / trans : []
[2026-09-28 10:08:00] [DEBUG] [ESE] Stored SID [HISAR1C] and transition: []
[2026-09-28 10:08:00] [DEBUG] [ESE] Parsing SID [OBRUK1A] - sid: [OBRUK1A] / trans : []
[2026-09-28 10:08:00] [DEBUG] [ESE] Stored SID [OBRUK1A] and transition: []
[2026-09-28 10:08:00] [DEBUG] [ESE] Parsing SID [OBRUK1D] - sid: [OBRUK1D] / trans : []
[2026-09-28 10:08:00] [DEBUG] [ESE] Stored SID [OBRUK1D] and transition: []
[2026-09-28 10:08:00] [DEBUG] [ESE] Parsing SID [OKELI1A] - sid: [OKELI1A] / trans : []
[2026-09-28 10:08:00] [DEBUG] [ESE] Stored SID [OKELI1A] and transition: []
[2026-09-28 10:08:00] [DEBUG] [ESE] Parsing SID [OKELI1D] - sid: [OKELI1D] / trans : []
[2026-09-28 10:08:00] [DEBUG] [ESE] Stored SID [OKELI1D] and transition: []
[2026-09-28 10:08:00] [DEBUG] [ESE] Parsing SID [SEHIR1A] - sid: [SEHIR1A] / trans : []
[2026-09-28 10:08:00] [DEBUG] [ESE] Stored SID [SEHIR1A] and transition: []
[2026-09-28 10:08:00] [DEBUG] [ESE] Parsing SID [SEHIR1B] - sid: [SEHIR1B] / trans : []
[2026-09-28 10:08:00] [DEBUG] [ESE] Stored SID [SEHIR1B] and transition: []
[2026-09-28 10:08:00] [DEBUG] [ESE] Parsing SID [SEHIR1D] - sid: [SEHIR1D] / trans : []
[2026-09-28 10:08:00] [DEBUG] [ESE] Stored SID [SEHIR1D] and transition: []
[2026-09-28 10:08:00] [DEBUG] [ESE] Parsing SID [SEHIR1E] - sid: [SEHIR1E] / trans : []
[2026-09-28 10:08:00] [DEBUG] [ESE] Stored SID [SEHIR1E] and transition: []
[2026-09-28 10:08:00] [DEBUG] [ESE] Parsing SID [HISAR1B] - sid: [HISAR1B] / trans : []
[2026-09-28 10:08:00] [DEBUG] [ESE] Stored SID [HISAR1B] and transition: []
[2026-09-28 10:08:00] [DEBUG] [ESE] Parsing SID [HISAR1D] - sid: [HISAR1D] / trans : []
[2026-09-28 10:08:00] [DEBUG] [ESE] Stored SID [HISAR1D] and transition: []
[2026-09-28 10:08:00] [DEBUG] [ESE] Parsing SID [OBRUK1B] - sid: [OBRUK1B] / trans : []
[2026-09-28 10:08:00] [DEBUG] [ESE] Stored SID [OBRUK1B] and transition: []
[2026-09-28 10:08:00] [DEBUG] [ESE] Parsing SID [OBRUK1C] - sid: [OBRUK1C] / trans : []
[2026-09-28 10:08:00] [DEBUG] [ESE] Stored SID [OBRUK1C] and transition: []
[2026-09-28 10:08:00] [DEBUG] [ESE] Parsing SID [OBRUK1E] - sid: [OBRUK1E] / trans : []
[2026-09-28 10:08:00] [DEBUG] [ESE] Stored SID [OBRUK1E] and transition: []
[2026-09-28 10:08:00] [DEBUG] [ESE] Parsing SID [OBRUK1F] - sid: [OBRUK1F] / trans : []
[2026-09-28 10:08:00] [DEBUG] [ESE] Stored SID [OBRUK1F] and transition: []
[2026-09-28 10:08:00] [DEBUG] [ESE] Parsing SID [OKELI1B] - sid: [OKELI1B] / trans : []
[2026-09-28 10:08:00] [DEBUG] [ESE] Stored SID [OKELI1B] and transition: []
[2026-09-28 10:08:00] [DEBUG] [ESE] Parsing SID [OKELI1C] - sid: [OKELI1C] / trans : []
[2026-09-28 10:08:00] [DEBUG] [ESE] Stored SID [OKELI1C] and transition: []
[2026-09-28 10:08:00] [DEBUG] [ESE] Parsing SID [SEHIR1C] - sid: [SEHIR1C] / trans : []
[2026-09-28 10:08:00] [DEBUG] [ESE] Stored SID [SEHIR1C] and transition: []
[2026-09-28 10:08:00] [DEBUG] [ESE] Parsing SID [SEHIR1F] - sid: [SEHIR1F] / trans : []
[2026-09-28 10:08:00] [DEBUG] [ESE] Stored SID [SEHIR1F] and transition: []
[2026-09-28 10:08:00] [DEBUG] [ESE] Parsing SID [HISAR1B] - sid: [HISAR1B] / trans : []
[2026-09-28 10:08:00] [DEBUG] [ESE] Stored SID [HISAR1B] and transition: []
[2026-09-28 10:08:00] [DEBUG] [ESE] Parsing SID [HISAR1D] - sid: [HISAR1D] / trans : []
[2026-09-28 10:08:00] [DEBUG] [ESE] Stored SID [HISAR1D] and transition: []
[2026-09-28 10:08:00] [DEBUG] [ESE] Parsing SID [OBRUK1B] - sid: [OBRUK1B] / trans : []
[2026-09-28 10:08:00] [DEBUG] [ESE] Stored SID [OBRUK1B] and transition: []
[2026-09-28 10:08:00] [DEBUG] [ESE] Parsing SID [OBRUK1C] - sid: [OBRUK1C] / trans : []
[2026-09-28 10:08:00] [DEBUG] [ESE] Stored SID [OBRUK1C] and transition: []
[2026-09-28 10:08:00] [DEBUG] [ESE] Parsing SID [OBRUK1E] - sid: [OBRUK1E] / trans : []
[2026-09-28 10:08:00] [DEBUG] [ESE] Stored SID [OBRUK1E] and transition: []
[2026-09-28 10:08:00] [DEBUG] [ESE] Parsing SID [OBRUK1F] - sid: [OBRUK1F] / trans : []
[2026-09-28 10:08:00] [DEBUG] [ESE] Stored SID [OBRUK1F] and transition: []
[2026-09-28 10:08:00] [DEBUG] [ESE] Parsing SID [OKELI1B] - sid: [OKELI1B] / trans : []
[2026-09-28 10:08:00] [DEBUG] [ESE] Stored SID [OKELI1B] and transition: []
[2026-09-28 10:08:00] [DEBUG] [ESE] Parsing SID [OKELI1C] - sid: [OKELI1C] / trans : []
[2026-09-28 10:08:00] [DEBUG] [ESE] Stored SID [OKELI1C] and transition: []
[2026-09-28 10:08:00] [DEBUG] [ESE] Parsing SID [SEHIR1C] - sid: [SEHIR1C] / trans : []
[2026-09-28 10:08:00] [DEBUG] [ESE] Stored SID [SEHIR1C] and transition: []
[2026-09-28 10:08:00] [DEBUG] [ESE] Parsing SID [SEHIR1F] - sid: [SEHIR1F] / trans : []
[2026-09-28 10:08:00] [DEBUG] [ESE] Stored SID [SEHIR1F] and transition: []
[2026-09-28 10:08:00] [DEBUG] [ESE] Parsing SID [ASKER1R] - sid: [ASKER1R] / trans : []
[2026-09-28 10:08:00] [DEBUG] [ESE] Stored SID [ASKER1R] and transition: []
[2026-09-28 10:08:00] [DEBUG] [ESE] Parsing SID [RASVA2R] - sid: [RASVA2R] / trans : []
[2026-09-28 10:08:00] [DEBUG] [ESE] Stored SID [RASVA2R] and transition: []
[2026-09-28 10:08:00] [DEBUG] [ESE] Parsing SID [UREBO1R] - sid: [UREBO1R] / trans : []
[2026-09-28 10:08:00] [DEBUG] [ESE] Stored SID [UREBO1R] and transition: []
[2026-09-28 10:08:00] [DEBUG] [ESE] Parsing SID [UREBO2R] - sid: [UREBO2R] / trans : []
[2026-09-28 10:08:00] [DEBUG] [ESE] Stored SID [UREBO2R] and transition: []
[2026-09-28 10:08:00] [DEBUG] [ESE] Parsing SID [ASKER1S] - sid: [ASKER1S] / trans : []
[2026-09-28 10:08:00] [DEBUG] [ESE] Stored SID [ASKER1S] and transition: []
[2026-09-28 10:08:00] [DEBUG] [ESE] Parsing SID [RASVA2R] - sid: [RASVA2R] / trans : []
[2026-09-28 10:08:00] [DEBUG] [ESE] Stored SID [RASVA2R] and transition: []
[2026-09-28 10:08:00] [DEBUG] [ESE] Parsing SID [UREBO1S] - sid: [UREBO1S] / trans : []
[2026-09-28 10:08:00] [DEBUG] [ESE] Stored SID [UREBO1S] and transition: []
[2026-09-28 10:08:00] [DEBUG] [ESE] Parsing SID [UREBO2R] - sid: [UREBO2R] / trans : []
[2026-09-28 10:08:00] [DEBUG] [ESE] Stored SID [UREBO2R] and transition: []
[2026-09-28 10:08:00] [DEBUG] [ESE] Parsing SID [RASVA2R] - sid: [RASVA2R] / trans : []
[2026-09-28 10:08:00] [DEBUG] [ESE] Stored SID [RASVA2R] and transition: []
[2026-09-28 10:08:00] [DEBUG] [ESE] Parsing SID [UREBO2R] - sid: [UREBO2R] / trans : []
[2026-09-28 10:08:00] [DEBUG] [ESE] Stored SID [UREBO2R] and transition: []
[2026-09-28 10:08:00] [DEBUG] [ESE] Parsing SID [RASVA2R愛ASVA2R] - sid: [RASVA2R愛ASVA2R] / trans : []
[2026-09-28 10:08:00] [DEBUG] [ESE] Stored SID [RASVA2R愛ASVA2R] and transition: []
[2026-09-28 10:08:00] [DEBUG] [ESE] Parsing SID [UREBO2R愈REBO2R] - sid: [UREBO2R愈REBO2R] / trans : []
[2026-09-28 10:08:00] [DEBUG] [ESE] Stored SID [UREBO2R愈REBO2R] and transition: []
[2026-09-28 10:08:00] [DEBUG] [ESE] Parsing SID [RASV2R] - sid: [RASV2R] / trans : []
[2026-09-28 10:08:00] [DEBUG] [ESE] Stored SID [RASV2R] and transition: []
[2026-09-28 10:08:00] [DEBUG] [ESE] Parsing SID [UREB2R] - sid: [UREB2R] / trans : []
[2026-09-28 10:08:00] [DEBUG] [ESE] Stored SID [UREB2R] and transition: []
[2026-09-28 10:08:00] [DEBUG] [ESE] Parsing SID [RASVA2R] - sid: [RASVA2R] / trans : []
[2026-09-28 10:08:00] [DEBUG] [ESE] Stored SID [RASVA2R] and transition: []
[2026-09-28 10:08:00] [DEBUG] [ESE] Parsing SID [UREBO2R] - sid: [UREBO2R] / trans : []
[2026-09-28 10:08:00] [DEBUG] [ESE] Stored SID [UREBO2R] and transition: []
[2026-09-28 10:08:00] [DEBUG] [ESE] Parsing SID [RASVA2R愛ASVA2R] - sid: [RASVA2R愛ASVA2R] / trans : []
[2026-09-28 10:08:00] [DEBUG] [ESE] Stored SID [RASVA2R愛ASVA2R] and transition: []
[2026-09-28 10:08:00] [DEBUG] [ESE] Parsing SID [UREBO2R愈REBO2R] - sid: [UREBO2R愈REBO2R] / trans : []
[2026-09-28 10:08:00] [DEBUG] [ESE] Stored SID [UREBO2R愈REBO2R] and transition: []
[2026-09-28 10:08:00] [DEBUG] [ESE] Parsing SID [RASV2R] - sid: [RASV2R] / trans : []
[2026-09-28 10:08:00] [DEBUG] [ESE] Stored SID [RASV2R] and transition: []
[2026-09-28 10:08:00] [DEBUG] [ESE] Parsing SID [UREB2R] - sid: [UREB2R] / trans : []
[2026-09-28 10:08:00] [DEBUG] [ESE] Stored SID [UREB2R] and transition: []
[2026-09-28 10:08:00] [DEBUG] [ESE] Parsing SID [AKEDO1M] - sid: [AKEDO1M] / trans : []
[2026-09-28 10:08:00] [DEBUG] [ESE] Stored SID [AKEDO1M] and transition: []
[2026-09-28 10:08:00] [DEBUG] [ESE] Parsing SID [AKEDO1N] - sid: [AKEDO1N] / trans : []
[2026-09-28 10:08:00] [DEBUG] [ESE] Stored SID [AKEDO1N] and transition: []
[2026-09-28 10:08:00] [DEBUG] [ESE] Parsing SID [ERGUN1M] - sid: [ERGUN1M] / trans : []
[2026-09-28 10:08:00] [DEBUG] [ESE] Stored SID [ERGUN1M] and transition: []
[2026-09-28 10:08:00] [DEBUG] [ESE] Parsing SID [ERGUN1N] - sid: [ERGUN1N] / trans : []
[2026-09-28 10:08:00] [DEBUG] [ESE] Stored SID [ERGUN1N] and transition: []
[2026-09-28 10:08:00] [DEBUG] [ESE] Parsing SID [HAVZA1M] - sid: [HAVZA1M] / trans : []
[2026-09-28 10:08:00] [DEBUG] [ESE] Stored SID [HAVZA1M] and transition: []
[2026-09-28 10:08:00] [DEBUG] [ESE] Parsing SID [HAVZA1N] - sid: [HAVZA1N] / trans : []
[2026-09-28 10:08:00] [DEBUG] [ESE] Stored SID [HAVZA1N] and transition: []
[2026-09-28 10:08:00] [DEBUG] [ESE] Parsing SID [AKEDO1C] - sid: [AKEDO1C] / trans : []
[2026-09-28 10:08:00] [DEBUG] [ESE] Stored SID [AKEDO1C] and transition: []
[2026-09-28 10:08:00] [DEBUG] [ESE] Parsing SID [AKEDO1D] - sid: [AKEDO1D] / trans : []
[2026-09-28 10:08:00] [DEBUG] [ESE] Stored SID [AKEDO1D] and transition: []
[2026-09-28 10:08:00] [DEBUG] [ESE] Parsing SID [ERGUN1C] - sid: [ERGUN1C] / trans : []
[2026-09-28 10:08:00] [DEBUG] [ESE] Stored SID [ERGUN1C] and transition: []
[2026-09-28 10:08:00] [DEBUG] [ESE] Parsing SID [ERGUN1D] - sid: [ERGUN1D] / trans : []
[2026-09-28 10:08:00] [DEBUG] [ESE] Stored SID [ERGUN1D] and transition: []
[2026-09-28 10:08:00] [DEBUG] [ESE] Parsing SID [HAVZA1C] - sid: [HAVZA1C] / trans : []
[2026-09-28 10:08:00] [DEBUG] [ESE] Stored SID [HAVZA1C] and transition: []
[2026-09-28 10:08:00] [DEBUG] [ESE] Parsing SID [HAVZA1D] - sid: [HAVZA1D] / trans : []
[2026-09-28 10:08:00] [DEBUG] [ESE] Stored SID [HAVZA1D] and transition: []
[2026-09-28 10:08:00] [DEBUG] [ESE] Parsing SID [AKEDO1E] - sid: [AKEDO1E] / trans : []
[2026-09-28 10:08:00] [DEBUG] [ESE] Stored SID [AKEDO1E] and transition: []
[2026-09-28 10:08:00] [DEBUG] [ESE] Parsing SID [AKEDO1K] - sid: [AKEDO1K] / trans : []
[2026-09-28 10:08:00] [DEBUG] [ESE] Stored SID [AKEDO1K] and transition: []
[2026-09-28 10:08:00] [DEBUG] [ESE] Parsing SID [ERGUN1E] - sid: [ERGUN1E] / trans : []
[2026-09-28 10:08:00] [DEBUG] [ESE] Stored SID [ERGUN1E] and transition: []
[2026-09-28 10:08:00] [DEBUG] [ESE] Parsing SID [ERGUN1K] - sid: [ERGUN1K] / trans : []
[2026-09-28 10:08:00] [DEBUG] [ESE] Stored SID [ERGUN1K] and transition: []
[2026-09-28 10:08:00] [DEBUG] [ESE] Parsing SID [HAVZA1E] - sid: [HAVZA1E] / trans : []
[2026-09-28 10:08:00] [DEBUG] [ESE] Stored SID [HAVZA1E] and transition: []
[2026-09-28 10:08:00] [DEBUG] [ESE] Parsing SID [HAVZA1K] - sid: [HAVZA1K] / trans : []
[2026-09-28 10:08:00] [DEBUG] [ESE] Stored SID [HAVZA1K] and transition: []
[2026-09-28 10:08:00] [DEBUG] [ESE] Parsing SID [AKEDO1P] - sid: [AKEDO1P] / trans : []
[2026-09-28 10:08:00] [DEBUG] [ESE] Stored SID [AKEDO1P] and transition: []
[2026-09-28 10:08:00] [DEBUG] [ESE] Parsing SID [AKEDO1S] - sid: [AKEDO1S] / trans : []
[2026-09-28 10:08:00] [DEBUG] [ESE] Stored SID [AKEDO1S] and transition: []
[2026-09-28 10:08:00] [DEBUG] [ESE] Parsing SID [ERGUN1P] - sid: [ERGUN1P] / trans : []
[2026-09-28 10:08:00] [DEBUG] [ESE] Stored SID [ERGUN1P] and transition: []
[2026-09-28 10:08:00] [DEBUG] [ESE] Parsing SID [ERGUN1S] - sid: [ERGUN1S] / trans : []
[2026-09-28 10:08:00] [DEBUG] [ESE] Stored SID [ERGUN1S] and transition: []
[2026-09-28 10:08:00] [DEBUG] [ESE] Parsing SID [HAVZA1P] - sid: [HAVZA1P] / trans : []
[2026-09-28 10:08:00] [DEBUG] [ESE] Stored SID [HAVZA1P] and transition: []
[2026-09-28 10:08:00] [DEBUG] [ESE] Parsing SID [HAVZA1S] - sid: [HAVZA1S] / trans : []
[2026-09-28 10:08:00] [DEBUG] [ESE] Stored SID [HAVZA1S] and transition: []
[2026-09-28 10:08:00] [DEBUG] [ESE] Parsing SID [ADVOK1C] - sid: [ADVOK1C] / trans : []
[2026-09-28 10:08:00] [DEBUG] [ESE] Stored SID [ADVOK1C] and transition: []
[2026-09-28 10:08:00] [DEBUG] [ESE] Parsing SID [NUNTU1C] - sid: [NUNTU1C] / trans : []
[2026-09-28 10:08:00] [DEBUG] [ESE] Stored SID [NUNTU1C] and transition: []
[2026-09-28 10:08:00] [DEBUG] [ESE] Parsing SID [OLPOT1C] - sid: [OLPOT1C] / trans : []
[2026-09-28 10:08:00] [DEBUG] [ESE] Stored SID [OLPOT1C] and transition: []
[2026-09-28 10:08:00] [DEBUG] [ESE] Parsing SID [OTSOV1C] - sid: [OTSOV1C] / trans : []
[2026-09-28 10:08:00] [DEBUG] [ESE] Stored SID [OTSOV1C] and transition: []
[2026-09-28 10:08:00] [DEBUG] [ESE] Parsing SID [SOPOV1C] - sid: [SOPOV1C] / trans : []
[2026-09-28 10:08:00] [DEBUG] [ESE] Stored SID [SOPOV1C] and transition: []
[2026-09-28 10:08:00] [DEBUG] [ESE] Parsing SID [ADVOK1A] - sid: [ADVOK1A] / trans : []
[2026-09-28 10:08:00] [DEBUG] [ESE] Stored SID [ADVOK1A] and transition: []
[2026-09-28 10:08:00] [DEBUG] [ESE] Parsing SID [NUNTU1A] - sid: [NUNTU1A] / trans : []
[2026-09-28 10:08:00] [DEBUG] [ESE] Stored SID [NUNTU1A] and transition: []
[2026-09-28 10:08:00] [DEBUG] [ESE] Parsing SID [OLPOT1A] - sid: [OLPOT1A] / trans : []
[2026-09-28 10:08:00] [DEBUG] [ESE] Stored SID [OLPOT1A] and transition: []
[2026-09-28 10:08:00] [DEBUG] [ESE] Parsing SID [OTSOV1A] - sid: [OTSOV1A] / trans : []
[2026-09-28 10:08:00] [DEBUG] [ESE] Stored SID [OTSOV1A] and transition: []
[2026-09-28 10:08:00] [DEBUG] [ESE] Parsing SID [SOPOV1A] - sid: [SOPOV1A] / trans : []
[2026-09-28 10:08:00] [DEBUG] [ESE] Stored SID [SOPOV1A] and transition: []
[2026-09-28 10:08:00] [DEBUG] [ESE] Parsing SID [ADVOK1F] - sid: [ADVOK1F] / trans : []
[2026-09-28 10:08:00] [DEBUG] [ESE] Stored SID [ADVOK1F] and transition: []
[2026-09-28 10:08:00] [DEBUG] [ESE] Parsing SID [NUNTU1F] - sid: [NUNTU1F] / trans : []
[2026-09-28 10:08:00] [DEBUG] [ESE] Stored SID [NUNTU1F] and transition: []
[2026-09-28 10:08:00] [DEBUG] [ESE] Parsing SID [OLPOT1F] - sid: [OLPOT1F] / trans : []
[2026-09-28 10:08:00] [DEBUG] [ESE] Stored SID [OLPOT1F] and transition: []
[2026-09-28 10:08:00] [DEBUG] [ESE] Parsing SID [OTSOV1F] - sid: [OTSOV1F] / trans : []
[2026-09-28 10:08:00] [DEBUG] [ESE] Stored SID [OTSOV1F] and transition: []
[2026-09-28 10:08:00] [DEBUG] [ESE] Parsing SID [SOPOV1F] - sid: [SOPOV1F] / trans : []
[2026-09-28 10:08:00] [DEBUG] [ESE] Stored SID [SOPOV1F] and transition: []
[2026-09-28 10:08:00] [DEBUG] [ESE] Parsing SID [ADVOK1B] - sid: [ADVOK1B] / trans : []
[2026-09-28 10:08:00] [DEBUG] [ESE] Stored SID [ADVOK1B] and transition: []
[2026-09-28 10:08:00] [DEBUG] [ESE] Parsing SID [NUNTU1B] - sid: [NUNTU1B] / trans : []
[2026-09-28 10:08:00] [DEBUG] [ESE] Stored SID [NUNTU1B] and transition: []
[2026-09-28 10:08:00] [DEBUG] [ESE] Parsing SID [OLPOT1B] - sid: [OLPOT1B] / trans : []
[2026-09-28 10:08:00] [DEBUG] [ESE] Stored SID [OLPOT1B] and transition: []
[2026-09-28 10:08:00] [DEBUG] [ESE] Parsing SID [OTSOV1B] - sid: [OTSOV1B] / trans : []
[2026-09-28 10:08:00] [DEBUG] [ESE] Stored SID [OTSOV1B] and transition: []
[2026-09-28 10:08:00] [DEBUG] [ESE] Parsing SID [SOPOV1B] - sid: [SOPOV1B] / trans : []
[2026-09-28 10:08:00] [DEBUG] [ESE] Stored SID [SOPOV1B] and transition: []
[2026-09-28 10:08:00] [DEBUG] [ESE] Parsing SID [EVLAP1D] - sid: [EVLAP1D] / trans : []
[2026-09-28 10:08:00] [DEBUG] [ESE] Stored SID [EVLAP1D] and transition: []
[2026-09-28 10:08:00] [DEBUG] [ESE] Parsing SID [DIGIL1F] - sid: [DIGIL1F] / trans : []
[2026-09-28 10:08:00] [DEBUG] [ESE] Stored SID [DIGIL1F] and transition: []
[2026-09-28 10:08:00] [DEBUG] [ESE] Parsing SID [DIGIL1N] - sid: [DIGIL1N] / trans : []
[2026-09-28 10:08:00] [DEBUG] [ESE] Stored SID [DIGIL1N] and transition: []
[2026-09-28 10:08:00] [DEBUG] [ESE] Parsing SID [OKUDU1F] - sid: [OKUDU1F] / trans : []
[2026-09-28 10:08:00] [DEBUG] [ESE] Stored SID [OKUDU1F] and transition: []
[2026-09-28 10:08:00] [DEBUG] [ESE] Parsing SID [OKUDU1N] - sid: [OKUDU1N] / trans : []
[2026-09-28 10:08:00] [DEBUG] [ESE] Stored SID [OKUDU1N] and transition: []
[2026-09-28 10:08:00] [DEBUG] [ESE] Parsing SID [RASVA1F] - sid: [RASVA1F] / trans : []
[2026-09-28 10:08:00] [DEBUG] [ESE] Stored SID [RASVA1F] and transition: []
[2026-09-28 10:08:00] [DEBUG] [ESE] Parsing SID [RASVA1N] - sid: [RASVA1N] / trans : []
[2026-09-28 10:08:00] [DEBUG] [ESE] Stored SID [RASVA1N] and transition: []
[2026-09-28 10:08:00] [DEBUG] [ESE] Parsing SID [SONSU1F] - sid: [SONSU1F] / trans : []
[2026-09-28 10:08:00] [DEBUG] [ESE] Stored SID [SONSU1F] and transition: []
[2026-09-28 10:08:00] [DEBUG] [ESE] Parsing SID [SONSU1N] - sid: [SONSU1N] / trans : []
[2026-09-28 10:08:00] [DEBUG] [ESE] Stored SID [SONSU1N] and transition: []
[2026-09-28 10:08:00] [DEBUG] [ESE] Parsing SID [UREBO1F] - sid: [UREBO1F] / trans : []
[2026-09-28 10:08:00] [DEBUG] [ESE] Stored SID [UREBO1F] and transition: []
[2026-09-28 10:08:00] [DEBUG] [ESE] Parsing SID [UREBO1N] - sid: [UREBO1N] / trans : []
[2026-09-28 10:08:00] [DEBUG] [ESE] Stored SID [UREBO1N] and transition: []
[2026-09-28 10:08:00] [DEBUG] [ESE] Parsing SID [DIGIL1F] - sid: [DIGIL1F] / trans : []
[2026-09-28 10:08:00] [DEBUG] [ESE] Stored SID [DIGIL1F] and transition: []
[2026-09-28 10:08:00] [DEBUG] [ESE] Parsing SID [DIGIL1N] - sid: [DIGIL1N] / trans : []
[2026-09-28 10:08:00] [DEBUG] [ESE] Stored SID [DIGIL1N] and transition: []
[2026-09-28 10:08:00] [DEBUG] [ESE] Parsing SID [OKUDU1F] - sid: [OKUDU1F] / trans : []
[2026-09-28 10:08:00] [DEBUG] [ESE] Stored SID [OKUDU1F] and transition: []
[2026-09-28 10:08:00] [DEBUG] [ESE] Parsing SID [OKUDU1N] - sid: [OKUDU1N] / trans : []
[2026-09-28 10:08:00] [DEBUG] [ESE] Stored SID [OKUDU1N] and transition: []
[2026-09-28 10:08:00] [DEBUG] [ESE] Parsing SID [RASVA1F] - sid: [RASVA1F] / trans : []
[2026-09-28 10:08:00] [DEBUG] [ESE] Stored SID [RASVA1F] and transition: []
[2026-09-28 10:08:00] [DEBUG] [ESE] Parsing SID [RASVA1N] - sid: [RASVA1N] / trans : []
[2026-09-28 10:08:00] [DEBUG] [ESE] Stored SID [RASVA1N] and transition: []
[2026-09-28 10:08:00] [DEBUG] [ESE] Parsing SID [SONSU1F] - sid: [SONSU1F] / trans : []
[2026-09-28 10:08:00] [DEBUG] [ESE] Stored SID [SONSU1F] and transition: []
[2026-09-28 10:08:00] [DEBUG] [ESE] Parsing SID [SONSU1N] - sid: [SONSU1N] / trans : []
[2026-09-28 10:08:00] [DEBUG] [ESE] Stored SID [SONSU1N] and transition: []
[2026-09-28 10:08:00] [DEBUG] [ESE] Parsing SID [UREBO1F] - sid: [UREBO1F] / trans : []
[2026-09-28 10:08:00] [DEBUG] [ESE] Stored SID [UREBO1F] and transition: []
[2026-09-28 10:08:00] [DEBUG] [ESE] Parsing SID [UREBO1N] - sid: [UREBO1N] / trans : []
[2026-09-28 10:08:00] [DEBUG] [ESE] Stored SID [UREBO1N] and transition: []
[2026-09-28 10:08:00] [DEBUG] [ESE] Parsing SID [DIGIL1E] - sid: [DIGIL1E] / trans : []
[2026-09-28 10:08:00] [DEBUG] [ESE] Stored SID [DIGIL1E] and transition: []
[2026-09-28 10:08:00] [DEBUG] [ESE] Parsing SID [DIGIL1M] - sid: [DIGIL1M] / trans : []
[2026-09-28 10:08:00] [DEBUG] [ESE] Stored SID [DIGIL1M] and transition: []
[2026-09-28 10:08:00] [DEBUG] [ESE] Parsing SID [OKUDU1E] - sid: [OKUDU1E] / trans : []
[2026-09-28 10:08:00] [DEBUG] [ESE] Stored SID [OKUDU1E] and transition: []
[2026-09-28 10:08:00] [DEBUG] [ESE] Parsing SID [OKUDU1M] - sid: [OKUDU1M] / trans : []
[2026-09-28 10:08:00] [DEBUG] [ESE] Stored SID [OKUDU1M] and transition: []
[2026-09-28 10:08:00] [DEBUG] [ESE] Parsing SID [RASVA1E] - sid: [RASVA1E] / trans : []
[2026-09-28 10:08:00] [DEBUG] [ESE] Stored SID [RASVA1E] and transition: []
[2026-09-28 10:08:00] [DEBUG] [ESE] Parsing SID [RASVA1M] - sid: [RASVA1M] / trans : []
[2026-09-28 10:08:00] [DEBUG] [ESE] Stored SID [RASVA1M] and transition: []
[2026-09-28 10:08:00] [DEBUG] [ESE] Parsing SID [SONSU1E] - sid: [SONSU1E] / trans : []
[2026-09-28 10:08:00] [DEBUG] [ESE] Stored SID [SONSU1E] and transition: []
[2026-09-28 10:08:00] [DEBUG] [ESE] Parsing SID [SONSU1M] - sid: [SONSU1M] / trans : []
[2026-09-28 10:08:00] [DEBUG] [ESE] Stored SID [SONSU1M] and transition: []
[2026-09-28 10:08:00] [DEBUG] [ESE] Parsing SID [UREBO1E] - sid: [UREBO1E] / trans : []
[2026-09-28 10:08:00] [DEBUG] [ESE] Stored SID [UREBO1E] and transition: []
[2026-09-28 10:08:00] [DEBUG] [ESE] Parsing SID [UREBO1M] - sid: [UREBO1M] / trans : []
[2026-09-28 10:08:00] [DEBUG] [ESE] Stored SID [UREBO1M] and transition: []
[2026-09-28 10:08:00] [DEBUG] [ESE] Parsing SID [DIGIL1E] - sid: [DIGIL1E] / trans : []
[2026-09-28 10:08:00] [DEBUG] [ESE] Stored SID [DIGIL1E] and transition: []
[2026-09-28 10:08:00] [DEBUG] [ESE] Parsing SID [DIGIL1M] - sid: [DIGIL1M] / trans : []
[2026-09-28 10:08:00] [DEBUG] [ESE] Stored SID [DIGIL1M] and transition: []
[2026-09-28 10:08:00] [DEBUG] [ESE] Parsing SID [OKUDU1E] - sid: [OKUDU1E] / trans : []
[2026-09-28 10:08:00] [DEBUG] [ESE] Stored SID [OKUDU1E] and transition: []
[2026-09-28 10:08:00] [DEBUG] [ESE] Parsing SID [OKUDU1M] - sid: [OKUDU1M] / trans : []
[2026-09-28 10:08:00] [DEBUG] [ESE] Stored SID [OKUDU1M] and transition: []
[2026-09-28 10:08:00] [DEBUG] [ESE] Parsing SID [RASVA1E] - sid: [RASVA1E] / trans : []
[2026-09-28 10:08:00] [DEBUG] [ESE] Stored SID [RASVA1E] and transition: []
[2026-09-28 10:08:00] [DEBUG] [ESE] Parsing SID [RASVA1M] - sid: [RASVA1M] / trans : []
[2026-09-28 10:08:00] [DEBUG] [ESE] Stored SID [RASVA1M] and transition: []
[2026-09-28 10:08:00] [DEBUG] [ESE] Parsing SID [SONSU1E] - sid: [SONSU1E] / trans : []
[2026-09-28 10:08:00] [DEBUG] [ESE] Stored SID [SONSU1E] and transition: []
[2026-09-28 10:08:00] [DEBUG] [ESE] Parsing SID [SONSU1M] - sid: [SONSU1M] / trans : []
[2026-09-28 10:08:00] [DEBUG] [ESE] Stored SID [SONSU1M] and transition: []
[2026-09-28 10:08:00] [DEBUG] [ESE] Parsing SID [UREBO1E] - sid: [UREBO1E] / trans : []
[2026-09-28 10:08:00] [DEBUG] [ESE] Stored SID [UREBO1E] and transition: []
[2026-09-28 10:08:00] [DEBUG] [ESE] Parsing SID [UREBO1M] - sid: [UREBO1M] / trans : []
[2026-09-28 10:08:00] [DEBUG] [ESE] Stored SID [UREBO1M] and transition: []
[2026-09-28 10:08:00] [DEBUG] [ESE] Parsing SID [ERCIS1N] - sid: [ERCIS1N] / trans : []
[2026-09-28 10:08:00] [DEBUG] [ESE] Stored SID [ERCIS1N] and transition: []
[2026-09-28 10:08:00] [DEBUG] [ESE] Parsing SID [KISLA1N] - sid: [KISLA1N] / trans : []
[2026-09-28 10:08:00] [DEBUG] [ESE] Stored SID [KISLA1N] and transition: []
[2026-09-28 10:08:00] [DEBUG] [ESE] Parsing SID [SARIZ1N] - sid: [SARIZ1N] / trans : []
[2026-09-28 10:08:00] [DEBUG] [ESE] Stored SID [SARIZ1N] and transition: []
[2026-09-28 10:08:00] [DEBUG] [ESE] Parsing SID [SOLSA1N] - sid: [SOLSA1N] / trans : []
[2026-09-28 10:08:00] [DEBUG] [ESE] Stored SID [SOLSA1N] and transition: []
[2026-09-28 10:08:00] [DEBUG] [ESE] Parsing SID [TIRMA1N] - sid: [TIRMA1N] / trans : []
[2026-09-28 10:08:00] [DEBUG] [ESE] Stored SID [TIRMA1N] and transition: []
[2026-09-28 10:08:00] [DEBUG] [ESE] Parsing SID [ERCIS1A] - sid: [ERCIS1A] / trans : []
[2026-09-28 10:08:00] [DEBUG] [ESE] Stored SID [ERCIS1A] and transition: []
[2026-09-28 10:08:00] [DEBUG] [ESE] Parsing SID [ERCIS1B] - sid: [ERCIS1B] / trans : []
[2026-09-28 10:08:00] [DEBUG] [ESE] Stored SID [ERCIS1B] and transition: []
[2026-09-28 10:08:00] [DEBUG] [ESE] Parsing SID [ERCIS1F] - sid: [ERCIS1F] / trans : []
[2026-09-28 10:08:00] [DEBUG] [ESE] Stored SID [ERCIS1F] and transition: []
[2026-09-28 10:08:00] [DEBUG] [ESE] Parsing SID [ERCIS1G] - sid: [ERCIS1G] / trans : []
[2026-09-28 10:08:00] [DEBUG] [ESE] Stored SID [ERCIS1G] and transition: []
[2026-09-28 10:08:00] [DEBUG] [ESE] Parsing SID [KISLA1A] - sid: [KISLA1A] / trans : []
[2026-09-28 10:08:00] [DEBUG] [ESE] Stored SID [KISLA1A] and transition: []
[2026-09-28 10:08:00] [DEBUG] [ESE] Parsing SID [KISLA1B] - sid: [KISLA1B] / trans : []
[2026-09-28 10:08:00] [DEBUG] [ESE] Stored SID [KISLA1B] and transition: []
[2026-09-28 10:08:00] [DEBUG] [ESE] Parsing SID [KISLA1F] - sid: [KISLA1F] / trans : []
[2026-09-28 10:08:00] [DEBUG] [ESE] Stored SID [KISLA1F] and transition: []
[2026-09-28 10:08:00] [DEBUG] [ESE] Parsing SID [KISLA1G] - sid: [KISLA1G] / trans : []
[2026-09-28 10:08:00] [DEBUG] [ESE] Stored SID [KISLA1G] and transition: []
[2026-09-28 10:08:00] [DEBUG] [ESE] Parsing SID [SARIZ1A] - sid: [SARIZ1A] / trans : []
[2026-09-28 10:08:00] [DEBUG] [ESE] Stored SID [SARIZ1A] and transition: []
[2026-09-28 10:08:00] [DEBUG] [ESE] Parsing SID [SARIZ1B] - sid: [SARIZ1B] / trans : []
[2026-09-28 10:08:00] [DEBUG] [ESE] Stored SID [SARIZ1B] and transition: []
[2026-09-28 10:08:00] [DEBUG] [ESE] Parsing SID [SARIZ1G] - sid: [SARIZ1G] / trans : []
[2026-09-28 10:08:00] [DEBUG] [ESE] Stored SID [SARIZ1G] and transition: []
[2026-09-28 10:08:00] [DEBUG] [ESE] Parsing SID [SOLSA1A] - sid: [SOLSA1A] / trans : []
[2026-09-28 10:08:00] [DEBUG] [ESE] Stored SID [SOLSA1A] and transition: []
[2026-09-28 10:08:00] [DEBUG] [ESE] Parsing SID [SOLSA1B] - sid: [SOLSA1B] / trans : []
[2026-09-28 10:08:00] [DEBUG] [ESE] Stored SID [SOLSA1B] and transition: []
[2026-09-28 10:08:00] [DEBUG] [ESE] Parsing SID [SOLSA1F] - sid: [SOLSA1F] / trans : []
[2026-09-28 10:08:00] [DEBUG] [ESE] Stored SID [SOLSA1F] and transition: []
[2026-09-28 10:08:00] [DEBUG] [ESE] Parsing SID [SOLSA1G] - sid: [SOLSA1G] / trans : []
[2026-09-28 10:08:00] [DEBUG] [ESE] Stored SID [SOLSA1G] and transition: []
[2026-09-28 10:08:00] [DEBUG] [ESE] Parsing SID [TIRMA1A] - sid: [TIRMA1A] / trans : []
[2026-09-28 10:08:00] [DEBUG] [ESE] Stored SID [TIRMA1A] and transition: []
[2026-09-28 10:08:00] [DEBUG] [ESE] Parsing SID [TIRMA1B] - sid: [TIRMA1B] / trans : []
[2026-09-28 10:08:00] [DEBUG] [ESE] Stored SID [TIRMA1B] and transition: []
[2026-09-28 10:08:00] [DEBUG] [ESE] Parsing SID [TIRMA1F] - sid: [TIRMA1F] / trans : []
[2026-09-28 10:08:00] [DEBUG] [ESE] Stored SID [TIRMA1F] and transition: []
[2026-09-28 10:08:00] [DEBUG] [ESE] Parsing SID [TIRMA1G] - sid: [TIRMA1G] / trans : []
[2026-09-28 10:08:00] [DEBUG] [ESE] Stored SID [TIRMA1G] and transition: []
[2026-09-28 10:08:00] [DEBUG] [ESE] Parsing SID [ERCIS1C] - sid: [ERCIS1C] / trans : []
[2026-09-28 10:08:00] [DEBUG] [ESE] Stored SID [ERCIS1C] and transition: []
[2026-09-28 10:08:00] [DEBUG] [ESE] Parsing SID [ERCIS1D] - sid: [ERCIS1D] / trans : []
[2026-09-28 10:08:00] [DEBUG] [ESE] Stored SID [ERCIS1D] and transition: []
[2026-09-28 10:08:00] [DEBUG] [ESE] Parsing SID [ERCIS1H] - sid: [ERCIS1H] / trans : []
[2026-09-28 10:08:00] [DEBUG] [ESE] Stored SID [ERCIS1H] and transition: []
[2026-09-28 10:08:00] [DEBUG] [ESE] Parsing SID [ERCIS1K] - sid: [ERCIS1K] / trans : []
[2026-09-28 10:08:00] [DEBUG] [ESE] Stored SID [ERCIS1K] and transition: []
[2026-09-28 10:08:00] [DEBUG] [ESE] Parsing SID [KISLA1C] - sid: [KISLA1C] / trans : []
[2026-09-28 10:08:00] [DEBUG] [ESE] Stored SID [KISLA1C] and transition: []
[2026-09-28 10:08:00] [DEBUG] [ESE] Parsing SID [KISLA1D] - sid: [KISLA1D] / trans : []
[2026-09-28 10:08:00] [DEBUG] [ESE] Stored SID [KISLA1D] and transition: []
[2026-09-28 10:08:00] [DEBUG] [ESE] Parsing SID [KISLA1H] - sid: [KISLA1H] / trans : []
[2026-09-28 10:08:00] [DEBUG] [ESE] Stored SID [KISLA1H] and transition: []
[2026-09-28 10:08:00] [DEBUG] [ESE] Parsing SID [KISLA1K] - sid: [KISLA1K] / trans : []
[2026-09-28 10:08:00] [DEBUG] [ESE] Stored SID [KISLA1K] and transition: []
[2026-09-28 10:08:00] [DEBUG] [ESE] Parsing SID [SARIZ1C] - sid: [SARIZ1C] / trans : []
[2026-09-28 10:08:00] [DEBUG] [ESE] Stored SID [SARIZ1C] and transition: []
[2026-09-28 10:08:00] [DEBUG] [ESE] Parsing SID [SARIZ1D] - sid: [SARIZ1D] / trans : []
[2026-09-28 10:08:00] [DEBUG] [ESE] Stored SID [SARIZ1D] and transition: []
[2026-09-28 10:08:00] [DEBUG] [ESE] Parsing SID [SARIZ1K] - sid: [SARIZ1K] / trans : []
[2026-09-28 10:08:00] [DEBUG] [ESE] Stored SID [SARIZ1K] and transition: []
[2026-09-28 10:08:00] [DEBUG] [ESE] Parsing SID [SOLSA1C] - sid: [SOLSA1C] / trans : []
[2026-09-28 10:08:00] [DEBUG] [ESE] Stored SID [SOLSA1C] and transition: []
[2026-09-28 10:08:00] [DEBUG] [ESE] Parsing SID [SOLSA1D] - sid: [SOLSA1D] / trans : []
[2026-09-28 10:08:00] [DEBUG] [ESE] Stored SID [SOLSA1D] and transition: []
[2026-09-28 10:08:00] [DEBUG] [ESE] Parsing SID [SOLSA1H] - sid: [SOLSA1H] / trans : []
[2026-09-28 10:08:00] [DEBUG] [ESE] Stored SID [SOLSA1H] and transition: []
[2026-09-28 10:08:00] [DEBUG] [ESE] Parsing SID [SOLSA1K] - sid: [SOLSA1K] / trans : []
[2026-09-28 10:08:00] [DEBUG] [ESE] Stored SID [SOLSA1K] and transition: []
[2026-09-28 10:08:00] [DEBUG] [ESE] Parsing SID [TIRMA1C] - sid: [TIRMA1C] / trans : []
[2026-09-28 10:08:00] [DEBUG] [ESE] Stored SID [TIRMA1C] and transition: []
[2026-09-28 10:08:00] [DEBUG] [ESE] Parsing SID [TIRMA1D] - sid: [TIRMA1D] / trans : []
[2026-09-28 10:08:00] [DEBUG] [ESE] Stored SID [TIRMA1D] and transition: []
[2026-09-28 10:08:00] [DEBUG] [ESE] Parsing SID [TIRMA1H] - sid: [TIRMA1H] / trans : []
[2026-09-28 10:08:00] [DEBUG] [ESE] Stored SID [TIRMA1H] and transition: []
[2026-09-28 10:08:00] [DEBUG] [ESE] Parsing SID [TIRMA1K] - sid: [TIRMA1K] / trans : []
[2026-09-28 10:08:00] [DEBUG] [ESE] Stored SID [TIRMA1K] and transition: []
[2026-09-28 10:08:00] [DEBUG] [ESE] Parsing SID [ENFOR2A] - sid: [ENFOR2A] / trans : []
[2026-09-28 10:08:00] [DEBUG] [ESE] Stored SID [ENFOR2A] and transition: []
[2026-09-28 10:08:00] [DEBUG] [ESE] Parsing SID [ENFOR3A] - sid: [ENFOR3A] / trans : []
[2026-09-28 10:08:00] [DEBUG] [ESE] Stored SID [ENFOR3A] and transition: []
[2026-09-28 10:08:00] [DEBUG] [ESE] Parsing SID [ENFOR2B] - sid: [ENFOR2B] / trans : []
[2026-09-28 10:08:00] [DEBUG] [ESE] Stored SID [ENFOR2B] and transition: []
[2026-09-28 10:08:00] [DEBUG] [ESE] Parsing SID [ENFOR3B] - sid: [ENFOR3B] / trans : []
[2026-09-28 10:08:00] [DEBUG] [ESE] Stored SID [ENFOR3B] and transition: []
[2026-09-28 10:08:00] [DEBUG] [ESE] Parsing SID [BAGLU1M] - sid: [BAGLU1M] / trans : []
[2026-09-28 10:08:00] [DEBUG] [ESE] Stored SID [BAGLU1M] and transition: []
[2026-09-28 10:08:00] [DEBUG] [ESE] Parsing SID [BALSU1M] - sid: [BALSU1M] / trans : []
[2026-09-28 10:08:00] [DEBUG] [ESE] Stored SID [BALSU1M] and transition: []
[2026-09-28 10:08:00] [DEBUG] [ESE] Parsing SID [DESEM1M] - sid: [DESEM1M] / trans : []
[2026-09-28 10:08:00] [DEBUG] [ESE] Stored SID [DESEM1M] and transition: []
[2026-09-28 10:08:00] [DEBUG] [ESE] Parsing SID [KOZLU1D] - sid: [KOZLU1D] / trans : []
[2026-09-28 10:08:00] [DEBUG] [ESE] Stored SID [KOZLU1D] and transition: []
[2026-09-28 10:08:00] [DEBUG] [ESE] Parsing SID [PELIL1M] - sid: [PELIL1M] / trans : []
[2026-09-28 10:08:00] [DEBUG] [ESE] Stored SID [PELIL1M] and transition: []
[2026-09-28 10:08:00] [DEBUG] [ESE] Parsing SID [TAVAS1M] - sid: [TAVAS1M] / trans : []
[2026-09-28 10:08:00] [DEBUG] [ESE] Stored SID [TAVAS1M] and transition: []
[2026-09-28 10:08:00] [DEBUG] [ESE] Parsing SID [ATGIT1N] - sid: [ATGIT1N] / trans : []
[2026-09-28 10:08:00] [DEBUG] [ESE] Stored SID [ATGIT1N] and transition: []
[2026-09-28 10:08:00] [DEBUG] [ESE] Parsing SID [BAGLU1N] - sid: [BAGLU1N] / trans : []
[2026-09-28 10:08:00] [DEBUG] [ESE] Stored SID [BAGLU1N] and transition: []
[2026-09-28 10:08:00] [DEBUG] [ESE] Parsing SID [BALSU1N] - sid: [BALSU1N] / trans : []
[2026-09-28 10:08:00] [DEBUG] [ESE] Stored SID [BALSU1N] and transition: []
[2026-09-28 10:08:00] [DEBUG] [ESE] Parsing SID [KOZLU1N] - sid: [KOZLU1N] / trans : []
[2026-09-28 10:08:00] [DEBUG] [ESE] Stored SID [KOZLU1N] and transition: []
[2026-09-28 10:08:00] [DEBUG] [ESE] Parsing SID [PELIL1J] - sid: [PELIL1J] / trans : []
[2026-09-28 10:08:00] [DEBUG] [ESE] Stored SID [PELIL1J] and transition: []
[2026-09-28 10:08:00] [DEBUG] [ESE] Parsing SID [TAVAS1N] - sid: [TAVAS1N] / trans : []
[2026-09-28 10:08:00] [DEBUG] [ESE] Stored SID [TAVAS1N] and transition: []
[2026-09-28 10:08:00] [DEBUG] [ESE] Parsing SID [BAGLU1K] - sid: [BAGLU1K] / trans : []
[2026-09-28 10:08:00] [DEBUG] [ESE] Stored SID [BAGLU1K] and transition: []
[2026-09-28 10:08:00] [DEBUG] [ESE] Parsing SID [BALSU1K] - sid: [BALSU1K] / trans : []
[2026-09-28 10:08:00] [DEBUG] [ESE] Stored SID [BALSU1K] and transition: []
[2026-09-28 10:08:00] [DEBUG] [ESE] Parsing SID [DESEM1K] - sid: [DESEM1K] / trans : []
[2026-09-28 10:08:00] [DEBUG] [ESE] Stored SID [DESEM1K] and transition: []
[2026-09-28 10:08:00] [DEBUG] [ESE] Parsing SID [KOZLU1K] - sid: [KOZLU1K] / trans : []
[2026-09-28 10:08:00] [DEBUG] [ESE] Stored SID [KOZLU1K] and transition: []
[2026-09-28 10:08:00] [DEBUG] [ESE] Parsing SID [PELIL1K] - sid: [PELIL1K] / trans : []
[2026-09-28 10:08:00] [DEBUG] [ESE] Stored SID [PELIL1K] and transition: []
[2026-09-28 10:08:00] [DEBUG] [ESE] Parsing SID [TAVAS1K] - sid: [TAVAS1K] / trans : []
[2026-09-28 10:08:00] [DEBUG] [ESE] Stored SID [TAVAS1K] and transition: []
[2026-09-28 10:08:00] [DEBUG] [ESE] Parsing SID [ATGIT1L] - sid: [ATGIT1L] / trans : []
[2026-09-28 10:08:00] [DEBUG] [ESE] Stored SID [ATGIT1L] and transition: []
[2026-09-28 10:08:00] [DEBUG] [ESE] Parsing SID [BAGLU1L] - sid: [BAGLU1L] / trans : []
[2026-09-28 10:08:00] [DEBUG] [ESE] Stored SID [BAGLU1L] and transition: []
[2026-09-28 10:08:00] [DEBUG] [ESE] Parsing SID [BALSU1L] - sid: [BALSU1L] / trans : []
[2026-09-28 10:08:00] [DEBUG] [ESE] Stored SID [BALSU1L] and transition: []
[2026-09-28 10:08:00] [DEBUG] [ESE] Parsing SID [IPT1L] - sid: [IPT1L] / trans : []
[2026-09-28 10:08:00] [DEBUG] [ESE] Stored SID [IPT1L] and transition: []
[2026-09-28 10:08:00] [DEBUG] [ESE] Parsing SID [KOZLU1L] - sid: [KOZLU1L] / trans : []
[2026-09-28 10:08:00] [DEBUG] [ESE] Stored SID [KOZLU1L] and transition: []
[2026-09-28 10:08:00] [DEBUG] [ESE] Parsing SID [TAVAS1L] - sid: [TAVAS1L] / trans : []
[2026-09-28 10:08:00] [DEBUG] [ESE] Stored SID [TAVAS1L] and transition: []
[2026-09-28 10:08:00] [DEBUG] [ESE] Parsing SID [AZBUL1A] - sid: [AZBUL1A] / trans : []
[2026-09-28 10:08:00] [DEBUG] [ESE] Stored SID [AZBUL1A] and transition: []
[2026-09-28 10:08:00] [DEBUG] [ESE] Parsing SID [AZBUL1Z] - sid: [AZBUL1Z] / trans : []
[2026-09-28 10:08:00] [DEBUG] [ESE] Stored SID [AZBUL1Z] and transition: []
[2026-09-28 10:08:00] [DEBUG] [ESE] Parsing SID [URGUP1A] - sid: [URGUP1A] / trans : []
[2026-09-28 10:08:00] [DEBUG] [ESE] Stored SID [URGUP1A] and transition: []
[2026-09-28 10:08:00] [DEBUG] [ESE] Parsing SID [URGUP1Z] - sid: [URGUP1Z] / trans : []
[2026-09-28 10:08:00] [DEBUG] [ESE] Stored SID [URGUP1Z] and transition: []
[2026-09-28 10:08:00] [DEBUG] [ESE] Parsing SID [AZBUL1B] - sid: [AZBUL1B] / trans : []
[2026-09-28 10:08:00] [DEBUG] [ESE] Stored SID [AZBUL1B] and transition: []
[2026-09-28 10:08:00] [DEBUG] [ESE] Parsing SID [URGUP1B] - sid: [URGUP1B] / trans : []
[2026-09-28 10:08:00] [DEBUG] [ESE] Stored SID [URGUP1B] and transition: []
[2026-09-28 10:08:00] [DEBUG] [ESE] Parsing SID [URGUP1Y] - sid: [URGUP1Y] / trans : []
[2026-09-28 10:08:00] [DEBUG] [ESE] Stored SID [URGUP1Y] and transition: []
[2026-09-28 10:08:00] [DEBUG] [ESE] Parsing SID [BKZ1N] - sid: [BKZ1N] / trans : []
[2026-09-28 10:08:00] [DEBUG] [ESE] Stored SID [BKZ1N] and transition: []
[2026-09-28 10:08:00] [DEBUG] [ESE] Parsing SID [ERTAS1M] - sid: [ERTAS1M] / trans : []
[2026-09-28 10:08:00] [DEBUG] [ESE] Stored SID [ERTAS1M] and transition: []
[2026-09-28 10:08:00] [DEBUG] [ESE] Parsing SID [ERTAS1N] - sid: [ERTAS1N] / trans : []
[2026-09-28 10:08:00] [DEBUG] [ESE] Stored SID [ERTAS1N] and transition: []
[2026-09-28 10:08:00] [DEBUG] [ESE] Parsing SID [YAA1N] - sid: [YAA1N] / trans : []
[2026-09-28 10:08:00] [DEBUG] [ESE] Stored SID [YAA1N] and transition: []
[2026-09-28 10:08:00] [DEBUG] [ESE] Parsing SID [BARPE1A] - sid: [BARPE1A] / trans : []
[2026-09-28 10:08:00] [DEBUG] [ESE] Stored SID [BARPE1A] and transition: []
[2026-09-28 10:08:00] [DEBUG] [ESE] Parsing SID [EKAWE1A] - sid: [EKAWE1A] / trans : []
[2026-09-28 10:08:00] [DEBUG] [ESE] Stored SID [EKAWE1A] and transition: []
[2026-09-28 10:08:00] [DEBUG] [ESE] Parsing SID [EKAWE1N] - sid: [EKAWE1N] / trans : []
[2026-09-28 10:08:00] [DEBUG] [ESE] Stored SID [EKAWE1N] and transition: []
[2026-09-28 10:08:00] [DEBUG] [ESE] Parsing SID [IBLAL1A] - sid: [IBLAL1A] / trans : []
[2026-09-28 10:08:00] [DEBUG] [ESE] Stored SID [IBLAL1A] and transition: []
[2026-09-28 10:08:00] [DEBUG] [ESE] Parsing SID [IVGUS1A] - sid: [IVGUS1A] / trans : []
[2026-09-28 10:08:00] [DEBUG] [ESE] Stored SID [IVGUS1A] and transition: []
[2026-09-28 10:08:00] [DEBUG] [ESE] Parsing SID [MAKOL1A] - sid: [MAKOL1A] / trans : []
[2026-09-28 10:08:00] [DEBUG] [ESE] Stored SID [MAKOL1A] and transition: []
[2026-09-28 10:08:00] [DEBUG] [ESE] Parsing SID [REZOV1A] - sid: [REZOV1A] / trans : []
[2026-09-28 10:08:00] [DEBUG] [ESE] Stored SID [REZOV1A] and transition: []
[2026-09-28 10:08:00] [DEBUG] [ESE] Parsing SID [ROXUK1A] - sid: [ROXUK1A] / trans : []
[2026-09-28 10:08:00] [DEBUG] [ESE] Stored SID [ROXUK1A] and transition: []
[2026-09-28 10:08:00] [DEBUG] [ESE] Parsing SID [ROXUK1N] - sid: [ROXUK1N] / trans : []
[2026-09-28 10:08:00] [DEBUG] [ESE] Stored SID [ROXUK1N] and transition: []
[2026-09-28 10:08:00] [DEBUG] [ESE] Parsing SID [TUDBU1A] - sid: [TUDBU1A] / trans : []
[2026-09-28 10:08:00] [DEBUG] [ESE] Stored SID [TUDBU1A] and transition: []
[2026-09-28 10:08:00] [DEBUG] [ESE] Parsing SID [VADEN1A] - sid: [VADEN1A] / trans : []
[2026-09-28 10:08:00] [DEBUG] [ESE] Stored SID [VADEN1A] and transition: []
[2026-09-28 10:08:00] [DEBUG] [ESE] Parsing SID [VICEN1A] - sid: [VICEN1A] / trans : []
[2026-09-28 10:08:00] [DEBUG] [ESE] Stored SID [VICEN1A] and transition: []
[2026-09-28 10:08:00] [DEBUG] [ESE] Parsing SID [VICEN1N] - sid: [VICEN1N] / trans : []
[2026-09-28 10:08:00] [DEBUG] [ESE] Stored SID [VICEN1N] and transition: []
[2026-09-28 10:08:00] [DEBUG] [ESE] Parsing SID [BIG1G] - sid: [BIG1G] / trans : []
[2026-09-28 10:08:00] [DEBUG] [ESE] Stored SID [BIG1G] and transition: []
[2026-09-28 10:08:00] [DEBUG] [ESE] Parsing SID [BKZ1P] - sid: [BKZ1P] / trans : []
[2026-09-28 10:08:00] [DEBUG] [ESE] Stored SID [BKZ1P] and transition: []
[2026-09-28 10:08:00] [DEBUG] [ESE] Parsing SID [CRL1G] - sid: [CRL1G] / trans : []
[2026-09-28 10:08:00] [DEBUG] [ESE] Stored SID [CRL1G] and transition: []
[2026-09-28 10:08:00] [DEBUG] [ESE] Parsing SID [EKI1G] - sid: [EKI1G] / trans : []
[2026-09-28 10:08:00] [DEBUG] [ESE] Stored SID [EKI1G] and transition: []
[2026-09-28 10:08:00] [DEBUG] [ESE] Parsing SID [ERTAS1G] - sid: [ERTAS1G] / trans : []
[2026-09-28 10:08:00] [DEBUG] [ESE] Stored SID [ERTAS1G] and transition: []
[2026-09-28 10:08:00] [DEBUG] [ESE] Parsing SID [FENER1G] - sid: [FENER1G] / trans : []
[2026-09-28 10:08:00] [DEBUG] [ESE] Stored SID [FENER1G] and transition: []
[2026-09-28 10:08:00] [DEBUG] [ESE] Parsing SID [YAA1G] - sid: [YAA1G] / trans : []
[2026-09-28 10:08:00] [DEBUG] [ESE] Stored SID [YAA1G] and transition: []
[2026-09-28 10:08:00] [DEBUG] [ESE] Parsing SID [BARPE1B] - sid: [BARPE1B] / trans : []
[2026-09-28 10:08:00] [DEBUG] [ESE] Stored SID [BARPE1B] and transition: []
[2026-09-28 10:08:00] [DEBUG] [ESE] Parsing SID [BARPE1P] - sid: [BARPE1P] / trans : []
[2026-09-28 10:08:00] [DEBUG] [ESE] Stored SID [BARPE1P] and transition: []
[2026-09-28 10:08:00] [DEBUG] [ESE] Parsing SID [EKAWE1B] - sid: [EKAWE1B] / trans : []
[2026-09-28 10:08:00] [DEBUG] [ESE] Stored SID [EKAWE1B] and transition: []
[2026-09-28 10:08:00] [DEBUG] [ESE] Parsing SID [EKAWE1P] - sid: [EKAWE1P] / trans : []
[2026-09-28 10:08:00] [DEBUG] [ESE] Stored SID [EKAWE1P] and transition: []
[2026-09-28 10:08:00] [DEBUG] [ESE] Parsing SID [IBLAL1B] - sid: [IBLAL1B] / trans : []
[2026-09-28 10:08:00] [DEBUG] [ESE] Stored SID [IBLAL1B] and transition: []
[2026-09-28 10:08:00] [DEBUG] [ESE] Parsing SID [IBLAL1P] - sid: [IBLAL1P] / trans : []
[2026-09-28 10:08:00] [DEBUG] [ESE] Stored SID [IBLAL1P] and transition: []
[2026-09-28 10:08:00] [DEBUG] [ESE] Parsing SID [IVGUS1B] - sid: [IVGUS1B] / trans : []
[2026-09-28 10:08:00] [DEBUG] [ESE] Stored SID [IVGUS1B] and transition: []
[2026-09-28 10:08:00] [DEBUG] [ESE] Parsing SID [IVGUS1P] - sid: [IVGUS1P] / trans : []
[2026-09-28 10:08:00] [DEBUG] [ESE] Stored SID [IVGUS1P] and transition: []
[2026-09-28 10:08:00] [DEBUG] [ESE] Parsing SID [MAKOL1B] - sid: [MAKOL1B] / trans : []
[2026-09-28 10:08:00] [DEBUG] [ESE] Stored SID [MAKOL1B] and transition: []
[2026-09-28 10:08:00] [DEBUG] [ESE] Parsing SID [MAKOL1P] - sid: [MAKOL1P] / trans : []
[2026-09-28 10:08:00] [DEBUG] [ESE] Stored SID [MAKOL1P] and transition: []
[2026-09-28 10:08:00] [DEBUG] [ESE] Parsing SID [REZOV1B] - sid: [REZOV1B] / trans : []
[2026-09-28 10:08:00] [DEBUG] [ESE] Stored SID [REZOV1B] and transition: []
[2026-09-28 10:08:00] [DEBUG] [ESE] Parsing SID [REZOV1P] - sid: [REZOV1P] / trans : []
[2026-09-28 10:08:00] [DEBUG] [ESE] Stored SID [REZOV1P] and transition: []
[2026-09-28 10:08:00] [DEBUG] [ESE] Parsing SID [ROXUK1B] - sid: [ROXUK1B] / trans : []
[2026-09-28 10:08:00] [DEBUG] [ESE] Stored SID [ROXUK1B] and transition: []
[2026-09-28 10:08:00] [DEBUG] [ESE] Parsing SID [ROXUK1P] - sid: [ROXUK1P] / trans : []
[2026-09-28 10:08:00] [DEBUG] [ESE] Stored SID [ROXUK1P] and transition: []
[2026-09-28 10:08:00] [DEBUG] [ESE] Parsing SID [TUDBU1B] - sid: [TUDBU1B] / trans : []
[2026-09-28 10:08:00] [DEBUG] [ESE] Stored SID [TUDBU1B] and transition: []
[2026-09-28 10:08:00] [DEBUG] [ESE] Parsing SID [TUDBU1P] - sid: [TUDBU1P] / trans : []
[2026-09-28 10:08:00] [DEBUG] [ESE] Stored SID [TUDBU1P] and transition: []
[2026-09-28 10:08:00] [DEBUG] [ESE] Parsing SID [VADEN1B] - sid: [VADEN1B] / trans : []
[2026-09-28 10:08:00] [DEBUG] [ESE] Stored SID [VADEN1B] and transition: []
[2026-09-28 10:08:00] [DEBUG] [ESE] Parsing SID [VADEN1P] - sid: [VADEN1P] / trans : []
[2026-09-28 10:08:00] [DEBUG] [ESE] Stored SID [VADEN1P] and transition: []
[2026-09-28 10:08:00] [DEBUG] [ESE] Parsing SID [VICEN1B] - sid: [VICEN1B] / trans : []
[2026-09-28 10:08:00] [DEBUG] [ESE] Stored SID [VICEN1B] and transition: []
[2026-09-28 10:08:00] [DEBUG] [ESE] Parsing SID [VICEN1P] - sid: [VICEN1P] / trans : []
[2026-09-28 10:08:00] [DEBUG] [ESE] Stored SID [VICEN1P] and transition: []
[2026-09-28 10:08:00] [DEBUG] [ESE] Parsing SID [LAVTA1M] - sid: [LAVTA1M] / trans : []
[2026-09-28 10:08:00] [DEBUG] [ESE] Stored SID [LAVTA1M] and transition: []
[2026-09-28 10:08:00] [DEBUG] [ESE] Parsing SID [LAVTA1V] - sid: [LAVTA1V] / trans : []
[2026-09-28 10:08:00] [DEBUG] [ESE] Stored SID [LAVTA1V] and transition: []
[2026-09-28 10:08:00] [DEBUG] [ESE] Parsing SID [NODKO1V] - sid: [NODKO1V] / trans : []
[2026-09-28 10:08:00] [DEBUG] [ESE] Stored SID [NODKO1V] and transition: []
[2026-09-28 10:08:00] [DEBUG] [ESE] Parsing SID [OKESA1V] - sid: [OKESA1V] / trans : []
[2026-09-28 10:08:00] [DEBUG] [ESE] Stored SID [OKESA1V] and transition: []
[2026-09-28 10:08:00] [DEBUG] [ESE] Parsing SID [OZNEF1V] - sid: [OZNEF1V] / trans : []
[2026-09-28 10:08:00] [DEBUG] [ESE] Stored SID [OZNEF1V] and transition: []
[2026-09-28 10:08:00] [DEBUG] [ESE] Parsing SID [LAVTA1U] - sid: [LAVTA1U] / trans : []
[2026-09-28 10:08:00] [DEBUG] [ESE] Stored SID [LAVTA1U] and transition: []
[2026-09-28 10:08:00] [DEBUG] [ESE] Parsing SID [NODKO1U] - sid: [NODKO1U] / trans : []
[2026-09-28 10:08:00] [DEBUG] [ESE] Stored SID [NODKO1U] and transition: []
[2026-09-28 10:08:00] [DEBUG] [ESE] Parsing SID [OKESA1U] - sid: [OKESA1U] / trans : []
[2026-09-28 10:08:00] [DEBUG] [ESE] Stored SID [OKESA1U] and transition: []
[2026-09-28 10:08:00] [DEBUG] [ESE] Parsing SID [OZNEF1U] - sid: [OZNEF1U] / trans : []
[2026-09-28 10:08:00] [DEBUG] [ESE] Stored SID [OZNEF1U] and transition: []
[2026-09-28 10:08:00] [DEBUG] [ESE] Parsing SID [DUGLA1Z] - sid: [DUGLA1Z] / trans : []
[2026-09-28 10:08:00] [DEBUG] [ESE] Stored SID [DUGLA1Z] and transition: []
[2026-09-28 10:08:00] [DEBUG] [ESE] Parsing SID [ESKIN1Z] - sid: [ESKIN1Z] / trans : []
[2026-09-28 10:08:00] [DEBUG] [ESE] Stored SID [ESKIN1Z] and transition: []
[2026-09-28 10:08:00] [DEBUG] [ESE] Parsing SID [KONEN1Z] - sid: [KONEN1Z] / trans : []
[2026-09-28 10:08:00] [DEBUG] [ESE] Stored SID [KONEN1Z] and transition: []
[2026-09-28 10:08:00] [DEBUG] [ESE] Parsing SID [OVACI1Z] - sid: [OVACI1Z] / trans : []
[2026-09-28 10:08:00] [DEBUG] [ESE] Stored SID [OVACI1Z] and transition: []
[2026-09-28 10:08:00] [DEBUG] [ESE] Parsing SID [DUGLA1X] - sid: [DUGLA1X] / trans : []
[2026-09-28 10:08:00] [DEBUG] [ESE] Stored SID [DUGLA1X] and transition: []
[2026-09-28 10:08:00] [DEBUG] [ESE] Parsing SID [ESKIN1X] - sid: [ESKIN1X] / trans : []
[2026-09-28 10:08:00] [DEBUG] [ESE] Stored SID [ESKIN1X] and transition: []
[2026-09-28 10:08:00] [DEBUG] [ESE] Parsing SID [KONEN1X] - sid: [KONEN1X] / trans : []
[2026-09-28 10:08:00] [DEBUG] [ESE] Stored SID [KONEN1X] and transition: []
[2026-09-28 10:08:00] [DEBUG] [ESE] Parsing SID [OVACI1X] - sid: [OVACI1X] / trans : []
[2026-09-28 10:08:00] [DEBUG] [ESE] Stored SID [OVACI1X] and transition: []
[2026-09-28 10:08:00] [DEBUG] [ESE] Parsing SID [BIG1A] - sid: [BIG1A] / trans : []
[2026-09-28 10:08:00] [DEBUG] [ESE] Stored SID [BIG1A] and transition: []
[2026-09-28 10:08:00] [DEBUG] [ESE] Parsing SID [BIG1C] - sid: [BIG1C] / trans : []
[2026-09-28 10:08:00] [DEBUG] [ESE] Stored SID [BIG1C] and transition: []
[2026-09-28 10:08:00] [DEBUG] [ESE] Parsing SID [BIG1M] - sid: [BIG1M] / trans : []
[2026-09-28 10:08:00] [DEBUG] [ESE] Stored SID [BIG1M] and transition: []
[2026-09-28 10:08:00] [DEBUG] [ESE] Parsing SID [BIG1N] - sid: [BIG1N] / trans : []
[2026-09-28 10:08:00] [DEBUG] [ESE] Stored SID [BIG1N] and transition: []
[2026-09-28 10:08:00] [DEBUG] [ESE] Parsing SID [BIG1L] - sid: [BIG1L] / trans : []
[2026-09-28 10:08:00] [DEBUG] [ESE] Stored SID [BIG1L] and transition: []
[2026-09-28 10:08:00] [DEBUG] [ESE] Parsing SID [OLDOK1L] - sid: [OLDOK1L] / trans : []
[2026-09-28 10:08:00] [DEBUG] [ESE] Stored SID [OLDOK1L] and transition: []
[2026-09-28 10:08:00] [DEBUG] [ESE] Parsing SID [BIG1B] - sid: [BIG1B] / trans : []
[2026-09-28 10:08:00] [DEBUG] [ESE] Stored SID [BIG1B] and transition: []
[2026-09-28 10:08:00] [DEBUG] [ESE] Parsing SID [BIG1D] - sid: [BIG1D] / trans : []
[2026-09-28 10:08:00] [DEBUG] [ESE] Stored SID [BIG1D] and transition: []
[2026-09-28 10:08:00] [DEBUG] [ESE] Parsing SID [BIG1F] - sid: [BIG1F] / trans : []
[2026-09-28 10:08:00] [DEBUG] [ESE] Stored SID [BIG1F] and transition: []
[2026-09-28 10:08:00] [DEBUG] [ESE] Parsing SID [BIG1H] - sid: [BIG1H] / trans : []
[2026-09-28 10:08:00] [DEBUG] [ESE] Stored SID [BIG1H] and transition: []
[2026-09-28 10:08:00] [DEBUG] [ESE] Parsing SID [BIG1U] - sid: [BIG1U] / trans : []
[2026-09-28 10:08:00] [DEBUG] [ESE] Stored SID [BIG1U] and transition: []
[2026-09-28 10:08:00] [DEBUG] [ESE] Parsing SID [SUVUP1Y] - sid: [SUVUP1Y] / trans : []
[2026-09-28 10:08:00] [DEBUG] [ESE] Stored SID [SUVUP1Y] and transition: []
[2026-09-28 10:08:00] [DEBUG] [ESE] Parsing SID [BAPSI1Z] - sid: [BAPSI1Z] / trans : []
[2026-09-28 10:08:00] [DEBUG] [ESE] Stored SID [BAPSI1Z] and transition: []
[2026-09-28 10:08:00] [DEBUG] [ESE] Parsing SID [BAPSI1Z] - sid: [BAPSI1Z] / trans : []
[2026-09-28 10:08:00] [DEBUG] [ESE] Stored SID [BAPSI1Z] and transition: []
[2026-09-28 10:08:00] [DEBUG] [ESE] Parsing SID [BAPSI1Y] - sid: [BAPSI1Y] / trans : []
[2026-09-28 10:08:00] [DEBUG] [ESE] Stored SID [BAPSI1Y] and transition: []
[2026-09-28 10:08:00] [DEBUG] [ESE] Parsing SID [BAPSI1Y] - sid: [BAPSI1Y] / trans : []
[2026-09-28 10:08:00] [DEBUG] [ESE] Stored SID [BAPSI1Y] and transition: []
[2026-09-28 10:08:00] [DEBUG] [ESE] Parsing SID [BERGO1Z] - sid: [BERGO1Z] / trans : []
[2026-09-28 10:08:00] [DEBUG] [ESE] Stored SID [BERGO1Z] and transition: []
[2026-09-28 10:08:00] [DEBUG] [ESE] Parsing SID [BERGO1Z] - sid: [BERGO1Z] / trans : []
[2026-09-28 10:08:00] [DEBUG] [ESE] Stored SID [BERGO1Z] and transition: []
[2026-09-28 10:08:00] [DEBUG] [ESE] Parsing SID [BERGO1Y] - sid: [BERGO1Y] / trans : []
[2026-09-28 10:08:00] [DEBUG] [ESE] Stored SID [BERGO1Y] and transition: []
[2026-09-28 10:08:00] [DEBUG] [ESE] Parsing SID [BERGO1Y] - sid: [BERGO1Y] / trans : []
[2026-09-28 10:08:00] [DEBUG] [ESE] Stored SID [BERGO1Y] and transition: []
[2026-09-28 10:08:00] [DEBUG] [ESE] Parsing SID [DEN1Z] - sid: [DEN1Z] / trans : []
[2026-09-28 10:08:00] [DEBUG] [ESE] Stored SID [DEN1Z] and transition: []
[2026-09-28 10:08:00] [DEBUG] [ESE] Parsing SID [DEN1Z] - sid: [DEN1Z] / trans : []
[2026-09-28 10:08:00] [DEBUG] [ESE] Stored SID [DEN1Z] and transition: []
[2026-09-28 10:08:00] [DEBUG] [ESE] Parsing SID [DEN1Y] - sid: [DEN1Y] / trans : []
[2026-09-28 10:08:00] [DEBUG] [ESE] Stored SID [DEN1Y] and transition: []
[2026-09-28 10:08:00] [DEBUG] [ESE] Parsing SID [DEN1Y] - sid: [DEN1Y] / trans : []
[2026-09-28 10:08:00] [DEBUG] [ESE] Stored SID [DEN1Y] and transition: []
[2026-09-28 10:08:00] [DEBUG] [ESE] Parsing SID [DEN1U] - sid: [DEN1U] / trans : []
[2026-09-28 10:08:00] [DEBUG] [ESE] Stored SID [DEN1U] and transition: []
[2026-09-28 10:08:00] [DEBUG] [ESE] Parsing SID [DEN1U] - sid: [DEN1U] / trans : []
[2026-09-28 10:08:00] [DEBUG] [ESE] Stored SID [DEN1U] and transition: []
[2026-09-28 10:08:00] [DEBUG] [ESE] Parsing SID [OKESA1Z] - sid: [OKESA1Z] / trans : []
[2026-09-28 10:08:00] [DEBUG] [ESE] Stored SID [OKESA1Z] and transition: []
[2026-09-28 10:08:00] [DEBUG] [ESE] Parsing SID [OKESA1Z] - sid: [OKESA1Z] / trans : []
[2026-09-28 10:08:00] [DEBUG] [ESE] Stored SID [OKESA1Z] and transition: []
[2026-09-28 10:08:00] [DEBUG] [ESE] Parsing SID [REDRA1Z] - sid: [REDRA1Z] / trans : []
[2026-09-28 10:08:00] [DEBUG] [ESE] Stored SID [REDRA1Z] and transition: []
[2026-09-28 10:08:00] [DEBUG] [ESE] Parsing SID [REDRA1Z] - sid: [REDRA1Z] / trans : []
[2026-09-28 10:08:00] [DEBUG] [ESE] Stored SID [REDRA1Z] and transition: []
[2026-09-28 10:08:00] [DEBUG] [ESE] Parsing SID [NEMOH1Z] - sid: [NEMOH1Z] / trans : []
[2026-09-28 10:08:00] [DEBUG] [ESE] Stored SID [NEMOH1Z] and transition: []
[2026-09-28 10:08:00] [DEBUG] [ESE] Parsing SID [NEMOH1Z] - sid: [NEMOH1Z] / trans : []
[2026-09-28 10:08:00] [DEBUG] [ESE] Stored SID [NEMOH1Z] and transition: []
[2026-09-28 10:08:00] [DEBUG] [ESE] Parsing SID [SISVO1Z] - sid: [SISVO1Z] / trans : []
[2026-09-28 10:08:00] [DEBUG] [ESE] Stored SID [SISVO1Z] and transition: []
[2026-09-28 10:08:00] [DEBUG] [ESE] Parsing SID [SISVO1Z] - sid: [SISVO1Z] / trans : []
[2026-09-28 10:08:00] [DEBUG] [ESE] Stored SID [SISVO1Z] and transition: []
[2026-09-28 10:08:00] [DEBUG] [ESE] Parsing SID [SISVO1Y] - sid: [SISVO1Y] / trans : []
[2026-09-28 10:08:00] [DEBUG] [ESE] Stored SID [SISVO1Y] and transition: []
[2026-09-28 10:08:00] [DEBUG] [ESE] Parsing SID [SISVO1Y] - sid: [SISVO1Y] / trans : []
[2026-09-28 10:08:00] [DEBUG] [ESE] Stored SID [SISVO1Y] and transition: []
[2026-09-28 10:08:00] [DEBUG] [ESE] Parsing SID [SITRU1Z] - sid: [SITRU1Z] / trans : []
[2026-09-28 10:08:00] [DEBUG] [ESE] Stored SID [SITRU1Z] and transition: []
[2026-09-28 10:08:00] [DEBUG] [ESE] Parsing SID [SITRU1Z] - sid: [SITRU1Z] / trans : []
[2026-09-28 10:08:00] [DEBUG] [ESE] Stored SID [SITRU1Z] and transition: []
[2026-09-28 10:08:00] [DEBUG] [ESE] Parsing SID [VEXOL1Z] - sid: [VEXOL1Z] / trans : []
[2026-09-28 10:08:00] [DEBUG] [ESE] Stored SID [VEXOL1Z] and transition: []
[2026-09-28 10:08:00] [DEBUG] [ESE] Parsing SID [VEXOL1Z] - sid: [VEXOL1Z] / trans : []
[2026-09-28 10:08:00] [DEBUG] [ESE] Stored SID [VEXOL1Z] and transition: []
[2026-09-28 10:08:00] [DEBUG] [ESE] Parsing SID [BAPSI1K] - sid: [BAPSI1K] / trans : []
[2026-09-28 10:08:00] [DEBUG] [ESE] Stored SID [BAPSI1K] and transition: []
[2026-09-28 10:08:00] [DEBUG] [ESE] Parsing SID [BAPSI1S] - sid: [BAPSI1S] / trans : []
[2026-09-28 10:08:00] [DEBUG] [ESE] Stored SID [BAPSI1S] and transition: []
[2026-09-28 10:08:00] [DEBUG] [ESE] Parsing SID [BERGO1S] - sid: [BERGO1S] / trans : []
[2026-09-28 10:08:00] [DEBUG] [ESE] Stored SID [BERGO1S] and transition: []
[2026-09-28 10:08:00] [DEBUG] [ESE] Parsing SID [DEN1S] - sid: [DEN1S] / trans : []
[2026-09-28 10:08:00] [DEBUG] [ESE] Stored SID [DEN1S] and transition: []
[2026-09-28 10:08:00] [DEBUG] [ESE] Parsing SID [NEMOH1K] - sid: [NEMOH1K] / trans : []
[2026-09-28 10:08:00] [DEBUG] [ESE] Stored SID [NEMOH1K] and transition: []
[2026-09-28 10:08:00] [DEBUG] [ESE] Parsing SID [NEMOH1S] - sid: [NEMOH1S] / trans : []
[2026-09-28 10:08:00] [DEBUG] [ESE] Stored SID [NEMOH1S] and transition: []
[2026-09-28 10:08:00] [DEBUG] [ESE] Parsing SID [OKESA1K] - sid: [OKESA1K] / trans : []
[2026-09-28 10:08:00] [DEBUG] [ESE] Stored SID [OKESA1K] and transition: []
[2026-09-28 10:08:00] [DEBUG] [ESE] Parsing SID [OKESA1S] - sid: [OKESA1S] / trans : []
[2026-09-28 10:08:00] [DEBUG] [ESE] Stored SID [OKESA1S] and transition: []
[2026-09-28 10:08:00] [DEBUG] [ESE] Parsing SID [REDRA1K] - sid: [REDRA1K] / trans : []
[2026-09-28 10:08:00] [DEBUG] [ESE] Stored SID [REDRA1K] and transition: []
[2026-09-28 10:08:00] [DEBUG] [ESE] Parsing SID [REDRA1S] - sid: [REDRA1S] / trans : []
[2026-09-28 10:08:00] [DEBUG] [ESE] Stored SID [REDRA1S] and transition: []
[2026-09-28 10:08:00] [DEBUG] [ESE] Parsing SID [SISVO1K] - sid: [SISVO1K] / trans : []
[2026-09-28 10:08:00] [DEBUG] [ESE] Stored SID [SISVO1K] and transition: []
[2026-09-28 10:08:00] [DEBUG] [ESE] Parsing SID [SISVO1S] - sid: [SISVO1S] / trans : []
[2026-09-28 10:08:00] [DEBUG] [ESE] Stored SID [SISVO1S] and transition: []
[2026-09-28 10:08:00] [DEBUG] [ESE] Parsing SID [SITRU1K] - sid: [SITRU1K] / trans : []
[2026-09-28 10:08:00] [DEBUG] [ESE] Stored SID [SITRU1K] and transition: []
[2026-09-28 10:08:00] [DEBUG] [ESE] Parsing SID [SITRU1S] - sid: [SITRU1S] / trans : []
[2026-09-28 10:08:00] [DEBUG] [ESE] Stored SID [SITRU1S] and transition: []
[2026-09-28 10:08:00] [DEBUG] [ESE] Parsing SID [VEXOL1K] - sid: [VEXOL1K] / trans : []
[2026-09-28 10:08:00] [DEBUG] [ESE] Stored SID [VEXOL1K] and transition: []
[2026-09-28 10:08:00] [DEBUG] [ESE] Parsing SID [VEXOL1S] - sid: [VEXOL1S] / trans : []
[2026-09-28 10:08:00] [DEBUG] [ESE] Stored SID [VEXOL1S] and transition: []
[2026-09-28 10:08:00] [DEBUG] [ESE] Parsing SID [BAPSI1K] - sid: [BAPSI1K] / trans : []
[2026-09-28 10:08:00] [DEBUG] [ESE] Stored SID [BAPSI1K] and transition: []
[2026-09-28 10:08:00] [DEBUG] [ESE] Parsing SID [BAPSI1S] - sid: [BAPSI1S] / trans : []
[2026-09-28 10:08:00] [DEBUG] [ESE] Stored SID [BAPSI1S] and transition: []
[2026-09-28 10:08:00] [DEBUG] [ESE] Parsing SID [BERGO1S] - sid: [BERGO1S] / trans : []
[2026-09-28 10:08:00] [DEBUG] [ESE] Stored SID [BERGO1S] and transition: []
[2026-09-28 10:08:00] [DEBUG] [ESE] Parsing SID [DEN1S] - sid: [DEN1S] / trans : []
[2026-09-28 10:08:00] [DEBUG] [ESE] Stored SID [DEN1S] and transition: []
[2026-09-28 10:08:00] [DEBUG] [ESE] Parsing SID [NEMOH1K] - sid: [NEMOH1K] / trans : []
[2026-09-28 10:08:00] [DEBUG] [ESE] Stored SID [NEMOH1K] and transition: []
[2026-09-28 10:08:00] [DEBUG] [ESE] Parsing SID [NEMOH1S] - sid: [NEMOH1S] / trans : []
[2026-09-28 10:08:00] [DEBUG] [ESE] Stored SID [NEMOH1S] and transition: []
[2026-09-28 10:08:00] [DEBUG] [ESE] Parsing SID [OKESA1K] - sid: [OKESA1K] / trans : []
[2026-09-28 10:08:00] [DEBUG] [ESE] Stored SID [OKESA1K] and transition: []
[2026-09-28 10:08:00] [DEBUG] [ESE] Parsing SID [OKESA1S] - sid: [OKESA1S] / trans : []
[2026-09-28 10:08:00] [DEBUG] [ESE] Stored SID [OKESA1S] and transition: []
[2026-09-28 10:08:00] [DEBUG] [ESE] Parsing SID [REDRA1K] - sid: [REDRA1K] / trans : []
[2026-09-28 10:08:00] [DEBUG] [ESE] Stored SID [REDRA1K] and transition: []
[2026-09-28 10:08:00] [DEBUG] [ESE] Parsing SID [REDRA1S] - sid: [REDRA1S] / trans : []
[2026-09-28 10:08:00] [DEBUG] [ESE] Stored SID [REDRA1S] and transition: []
[2026-09-28 10:08:00] [DEBUG] [ESE] Parsing SID [SISVO1K] - sid: [SISVO1K] / trans : []
[2026-09-28 10:08:00] [DEBUG] [ESE] Stored SID [SISVO1K] and transition: []
[2026-09-28 10:08:00] [DEBUG] [ESE] Parsing SID [SISVO1S] - sid: [SISVO1S] / trans : []
[2026-09-28 10:08:00] [DEBUG] [ESE] Stored SID [SISVO1S] and transition: []
[2026-09-28 10:08:00] [DEBUG] [ESE] Parsing SID [SITRU1K] - sid: [SITRU1K] / trans : []
[2026-09-28 10:08:00] [DEBUG] [ESE] Stored SID [SITRU1K] and transition: []
[2026-09-28 10:08:00] [DEBUG] [ESE] Parsing SID [SITRU1S] - sid: [SITRU1S] / trans : []
[2026-09-28 10:08:00] [DEBUG] [ESE] Stored SID [SITRU1S] and transition: []
[2026-09-28 10:08:00] [DEBUG] [ESE] Parsing SID [VEXOL1K] - sid: [VEXOL1K] / trans : []
[2026-09-28 10:08:00] [DEBUG] [ESE] Stored SID [VEXOL1K] and transition: []
[2026-09-28 10:08:00] [DEBUG] [ESE] Parsing SID [VEXOL1S] - sid: [VEXOL1S] / trans : []
[2026-09-28 10:08:00] [DEBUG] [ESE] Stored SID [VEXOL1S] and transition: []
[2026-09-28 10:08:00] [DEBUG] [ESE] Parsing SID [BAPSI1T] - sid: [BAPSI1T] / trans : []
[2026-09-28 10:08:00] [DEBUG] [ESE] Stored SID [BAPSI1T] and transition: []
[2026-09-28 10:08:00] [DEBUG] [ESE] Parsing SID [BAPSI1T] - sid: [BAPSI1T] / trans : []
[2026-09-28 10:08:00] [DEBUG] [ESE] Stored SID [BAPSI1T] and transition: []
[2026-09-28 10:08:00] [DEBUG] [ESE] Parsing SID [BAPSI1R] - sid: [BAPSI1R] / trans : []
[2026-09-28 10:08:00] [DEBUG] [ESE] Stored SID [BAPSI1R] and transition: []
[2026-09-28 10:08:00] [DEBUG] [ESE] Parsing SID [BAPSI1R] - sid: [BAPSI1R] / trans : []
[2026-09-28 10:08:00] [DEBUG] [ESE] Stored SID [BAPSI1R] and transition: []
[2026-09-28 10:08:00] [DEBUG] [ESE] Parsing SID [BERGO1T] - sid: [BERGO1T] / trans : []
[2026-09-28 10:08:00] [DEBUG] [ESE] Stored SID [BERGO1T] and transition: []
[2026-09-28 10:08:00] [DEBUG] [ESE] Parsing SID [BERGO1T] - sid: [BERGO1T] / trans : []
[2026-09-28 10:08:00] [DEBUG] [ESE] Stored SID [BERGO1T] and transition: []
[2026-09-28 10:08:00] [DEBUG] [ESE] Parsing SID [DEN1T] - sid: [DEN1T] / trans : []
[2026-09-28 10:08:00] [DEBUG] [ESE] Stored SID [DEN1T] and transition: []
[2026-09-28 10:08:00] [DEBUG] [ESE] Parsing SID [DEN1T] - sid: [DEN1T] / trans : []
[2026-09-28 10:08:00] [DEBUG] [ESE] Stored SID [DEN1T] and transition: []
[2026-09-28 10:08:00] [DEBUG] [ESE] Parsing SID [OKESA1T] - sid: [OKESA1T] / trans : []
[2026-09-28 10:08:00] [DEBUG] [ESE] Stored SID [OKESA1T] and transition: []
[2026-09-28 10:08:00] [DEBUG] [ESE] Parsing SID [OKESA1T] - sid: [OKESA1T] / trans : []
[2026-09-28 10:08:00] [DEBUG] [ESE] Stored SID [OKESA1T] and transition: []
[2026-09-28 10:08:00] [DEBUG] [ESE] Parsing SID [REDRA1T] - sid: [REDRA1T] / trans : []
[2026-09-28 10:08:00] [DEBUG] [ESE] Stored SID [REDRA1T] and transition: []
[2026-09-28 10:08:00] [DEBUG] [ESE] Parsing SID [REDRA1T] - sid: [REDRA1T] / trans : []
[2026-09-28 10:08:00] [DEBUG] [ESE] Stored SID [REDRA1T] and transition: []
[2026-09-28 10:08:00] [DEBUG] [ESE] Parsing SID [NEMOH1T] - sid: [NEMOH1T] / trans : []
[2026-09-28 10:08:00] [DEBUG] [ESE] Stored SID [NEMOH1T] and transition: []
[2026-09-28 10:08:00] [DEBUG] [ESE] Parsing SID [NEMOH1T] - sid: [NEMOH1T] / trans : []
[2026-09-28 10:08:00] [DEBUG] [ESE] Stored SID [NEMOH1T] and transition: []
[2026-09-28 10:08:00] [DEBUG] [ESE] Parsing SID [SISVO1T] - sid: [SISVO1T] / trans : []
[2026-09-28 10:08:00] [DEBUG] [ESE] Stored SID [SISVO1T] and transition: []
[2026-09-28 10:08:00] [DEBUG] [ESE] Parsing SID [SISVO1T] - sid: [SISVO1T] / trans : []
[2026-09-28 10:08:00] [DEBUG] [ESE] Stored SID [SISVO1T] and transition: []
[2026-09-28 10:08:00] [DEBUG] [ESE] Parsing SID [SISVO1R] - sid: [SISVO1R] / trans : []
[2026-09-28 10:08:00] [DEBUG] [ESE] Stored SID [SISVO1R] and transition: []
[2026-09-28 10:08:00] [DEBUG] [ESE] Parsing SID [SISVO1R] - sid: [SISVO1R] / trans : []
[2026-09-28 10:08:00] [DEBUG] [ESE] Stored SID [SISVO1R] and transition: []
[2026-09-28 10:08:00] [DEBUG] [ESE] Parsing SID [SITRU1T] - sid: [SITRU1T] / trans : []
[2026-09-28 10:08:00] [DEBUG] [ESE] Stored SID [SITRU1T] and transition: []
[2026-09-28 10:08:00] [DEBUG] [ESE] Parsing SID [SITRU1T] - sid: [SITRU1T] / trans : []
[2026-09-28 10:08:00] [DEBUG] [ESE] Stored SID [SITRU1T] and transition: []
[2026-09-28 10:08:00] [DEBUG] [ESE] Parsing SID [UFQUM1T] - sid: [UFQUM1T] / trans : []
[2026-09-28 10:08:00] [DEBUG] [ESE] Stored SID [UFQUM1T] and transition: []
[2026-09-28 10:08:00] [DEBUG] [ESE] Parsing SID [UFQUM1T] - sid: [UFQUM1T] / trans : []
[2026-09-28 10:08:00] [DEBUG] [ESE] Stored SID [UFQUM1T] and transition: []
[2026-09-28 10:08:00] [DEBUG] [ESE] Parsing SID [UFQUM1R] - sid: [UFQUM1R] / trans : []
[2026-09-28 10:08:00] [DEBUG] [ESE] Stored SID [UFQUM1R] and transition: []
[2026-09-28 10:08:00] [DEBUG] [ESE] Parsing SID [UFQUM1R] - sid: [UFQUM1R] / trans : []
[2026-09-28 10:08:00] [DEBUG] [ESE] Stored SID [UFQUM1R] and transition: []
[2026-09-28 10:08:00] [DEBUG] [ESE] Parsing SID [VEXOL1T] - sid: [VEXOL1T] / trans : []
[2026-09-28 10:08:00] [DEBUG] [ESE] Stored SID [VEXOL1T] and transition: []
[2026-09-28 10:08:00] [DEBUG] [ESE] Parsing SID [VEXOL1T] - sid: [VEXOL1T] / trans : []
[2026-09-28 10:08:00] [DEBUG] [ESE] Stored SID [VEXOL1T] and transition: []
[2026-09-28 10:08:00] [DEBUG] [ESE] Parsing SID [VEXOL1R] - sid: [VEXOL1R] / trans : []
[2026-09-28 10:08:00] [DEBUG] [ESE] Stored SID [VEXOL1R] and transition: []
[2026-09-28 10:08:00] [DEBUG] [ESE] Parsing SID [VEXOL1R] - sid: [VEXOL1R] / trans : []
[2026-09-28 10:08:00] [DEBUG] [ESE] Stored SID [VEXOL1R] and transition: []
[2026-09-28 10:08:00] [DEBUG] [ESE] Parsing SID [BAPSI1G] - sid: [BAPSI1G] / trans : []
[2026-09-28 10:08:00] [DEBUG] [ESE] Stored SID [BAPSI1G] and transition: []
[2026-09-28 10:08:00] [DEBUG] [ESE] Parsing SID [BAPSI1L] - sid: [BAPSI1L] / trans : []
[2026-09-28 10:08:00] [DEBUG] [ESE] Stored SID [BAPSI1L] and transition: []
[2026-09-28 10:08:00] [DEBUG] [ESE] Parsing SID [BAPSI1N] - sid: [BAPSI1N] / trans : []
[2026-09-28 10:08:00] [DEBUG] [ESE] Stored SID [BAPSI1N] and transition: []
[2026-09-28 10:08:00] [DEBUG] [ESE] Parsing SID [BERGO1G] - sid: [BERGO1G] / trans : []
[2026-09-28 10:08:00] [DEBUG] [ESE] Stored SID [BERGO1G] and transition: []
[2026-09-28 10:08:00] [DEBUG] [ESE] Parsing SID [BERGO1L] - sid: [BERGO1L] / trans : []
[2026-09-28 10:08:00] [DEBUG] [ESE] Stored SID [BERGO1L] and transition: []
[2026-09-28 10:08:00] [DEBUG] [ESE] Parsing SID [DEN1G] - sid: [DEN1G] / trans : []
[2026-09-28 10:08:00] [DEBUG] [ESE] Stored SID [DEN1G] and transition: []
[2026-09-28 10:08:00] [DEBUG] [ESE] Parsing SID [DEN1L] - sid: [DEN1L] / trans : []
[2026-09-28 10:08:00] [DEBUG] [ESE] Stored SID [DEN1L] and transition: []
[2026-09-28 10:08:00] [DEBUG] [ESE] Parsing SID [NEMOH1G] - sid: [NEMOH1G] / trans : []
[2026-09-28 10:08:00] [DEBUG] [ESE] Stored SID [NEMOH1G] and transition: []
[2026-09-28 10:08:00] [DEBUG] [ESE] Parsing SID [NEMOH1L] - sid: [NEMOH1L] / trans : []
[2026-09-28 10:08:00] [DEBUG] [ESE] Stored SID [NEMOH1L] and transition: []
[2026-09-28 10:08:00] [DEBUG] [ESE] Parsing SID [OKESA1G] - sid: [OKESA1G] / trans : []
[2026-09-28 10:08:00] [DEBUG] [ESE] Stored SID [OKESA1G] and transition: []
[2026-09-28 10:08:00] [DEBUG] [ESE] Parsing SID [OKESA1L] - sid: [OKESA1L] / trans : []
[2026-09-28 10:08:00] [DEBUG] [ESE] Stored SID [OKESA1L] and transition: []
[2026-09-28 10:08:00] [DEBUG] [ESE] Parsing SID [REDRA1G] - sid: [REDRA1G] / trans : []
[2026-09-28 10:08:00] [DEBUG] [ESE] Stored SID [REDRA1G] and transition: []
[2026-09-28 10:08:00] [DEBUG] [ESE] Parsing SID [REDRA1L] - sid: [REDRA1L] / trans : []
[2026-09-28 10:08:00] [DEBUG] [ESE] Stored SID [REDRA1L] and transition: []
[2026-09-28 10:08:00] [DEBUG] [ESE] Parsing SID [SISVO1G] - sid: [SISVO1G] / trans : []
[2026-09-28 10:08:00] [DEBUG] [ESE] Stored SID [SISVO1G] and transition: []
[2026-09-28 10:08:00] [DEBUG] [ESE] Parsing SID [SISVO1L] - sid: [SISVO1L] / trans : []
[2026-09-28 10:08:00] [DEBUG] [ESE] Stored SID [SISVO1L] and transition: []
[2026-09-28 10:08:00] [DEBUG] [ESE] Parsing SID [SISVO1N] - sid: [SISVO1N] / trans : []
[2026-09-28 10:08:00] [DEBUG] [ESE] Stored SID [SISVO1N] and transition: []
[2026-09-28 10:08:00] [DEBUG] [ESE] Parsing SID [SITRU1G] - sid: [SITRU1G] / trans : []
[2026-09-28 10:08:00] [DEBUG] [ESE] Stored SID [SITRU1G] and transition: []
[2026-09-28 10:08:00] [DEBUG] [ESE] Parsing SID [SITRU1L] - sid: [SITRU1L] / trans : []
[2026-09-28 10:08:00] [DEBUG] [ESE] Stored SID [SITRU1L] and transition: []
[2026-09-28 10:08:00] [DEBUG] [ESE] Parsing SID [VEXOL1G] - sid: [VEXOL1G] / trans : []
[2026-09-28 10:08:00] [DEBUG] [ESE] Stored SID [VEXOL1G] and transition: []
[2026-09-28 10:08:00] [DEBUG] [ESE] Parsing SID [VEXOL1L] - sid: [VEXOL1L] / trans : []
[2026-09-28 10:08:00] [DEBUG] [ESE] Stored SID [VEXOL1L] and transition: []
[2026-09-28 10:08:00] [DEBUG] [ESE] Parsing SID [BAPSI1G] - sid: [BAPSI1G] / trans : []
[2026-09-28 10:08:00] [DEBUG] [ESE] Stored SID [BAPSI1G] and transition: []
[2026-09-28 10:08:00] [DEBUG] [ESE] Parsing SID [BAPSI1L] - sid: [BAPSI1L] / trans : []
[2026-09-28 10:08:00] [DEBUG] [ESE] Stored SID [BAPSI1L] and transition: []
[2026-09-28 10:08:00] [DEBUG] [ESE] Parsing SID [BAPSI1N] - sid: [BAPSI1N] / trans : []
[2026-09-28 10:08:00] [DEBUG] [ESE] Stored SID [BAPSI1N] and transition: []
[2026-09-28 10:08:00] [DEBUG] [ESE] Parsing SID [BERGO1G] - sid: [BERGO1G] / trans : []
[2026-09-28 10:08:00] [DEBUG] [ESE] Stored SID [BERGO1G] and transition: []
[2026-09-28 10:08:00] [DEBUG] [ESE] Parsing SID [BERGO1L] - sid: [BERGO1L] / trans : []
[2026-09-28 10:08:00] [DEBUG] [ESE] Stored SID [BERGO1L] and transition: []
[2026-09-28 10:08:00] [DEBUG] [ESE] Parsing SID [DEN1G] - sid: [DEN1G] / trans : []
[2026-09-28 10:08:00] [DEBUG] [ESE] Stored SID [DEN1G] and transition: []
[2026-09-28 10:08:00] [DEBUG] [ESE] Parsing SID [DEN1L] - sid: [DEN1L] / trans : []
[2026-09-28 10:08:00] [DEBUG] [ESE] Stored SID [DEN1L] and transition: []
[2026-09-28 10:08:00] [DEBUG] [ESE] Parsing SID [NEMOH1G] - sid: [NEMOH1G] / trans : []
[2026-09-28 10:08:00] [DEBUG] [ESE] Stored SID [NEMOH1G] and transition: []
[2026-09-28 10:08:00] [DEBUG] [ESE] Parsing SID [NEMOH1L] - sid: [NEMOH1L] / trans : []
[2026-09-28 10:08:00] [DEBUG] [ESE] Stored SID [NEMOH1L] and transition: []
[2026-09-28 10:08:00] [DEBUG] [ESE] Parsing SID [OKESA1G] - sid: [OKESA1G] / trans : []
[2026-09-28 10:08:00] [DEBUG] [ESE] Stored SID [OKESA1G] and transition: []
[2026-09-28 10:08:00] [DEBUG] [ESE] Parsing SID [OKESA1L] - sid: [OKESA1L] / trans : []
[2026-09-28 10:08:00] [DEBUG] [ESE] Stored SID [OKESA1L] and transition: []
[2026-09-28 10:08:00] [DEBUG] [ESE] Parsing SID [REDRA1G] - sid: [REDRA1G] / trans : []
[2026-09-28 10:08:00] [DEBUG] [ESE] Stored SID [REDRA1G] and transition: []
[2026-09-28 10:08:00] [DEBUG] [ESE] Parsing SID [REDRA1L] - sid: [REDRA1L] / trans : []
[2026-09-28 10:08:00] [DEBUG] [ESE] Stored SID [REDRA1L] and transition: []
[2026-09-28 10:08:00] [DEBUG] [ESE] Parsing SID [SISVO1G] - sid: [SISVO1G] / trans : []
[2026-09-28 10:08:00] [DEBUG] [ESE] Stored SID [SISVO1G] and transition: []
[2026-09-28 10:08:00] [DEBUG] [ESE] Parsing SID [SISVO1L] - sid: [SISVO1L] / trans : []
[2026-09-28 10:08:00] [DEBUG] [ESE] Stored SID [SISVO1L] and transition: []
[2026-09-28 10:08:00] [DEBUG] [ESE] Parsing SID [SISVO1N] - sid: [SISVO1N] / trans : []
[2026-09-28 10:08:00] [DEBUG] [ESE] Stored SID [SISVO1N] and transition: []
[2026-09-28 10:08:00] [DEBUG] [ESE] Parsing SID [SITRU1G] - sid: [SITRU1G] / trans : []
[2026-09-28 10:08:00] [DEBUG] [ESE] Stored SID [SITRU1G] and transition: []
[2026-09-28 10:08:00] [DEBUG] [ESE] Parsing SID [SITRU1L] - sid: [SITRU1L] / trans : []
[2026-09-28 10:08:00] [DEBUG] [ESE] Stored SID [SITRU1L] and transition: []
[2026-09-28 10:08:00] [DEBUG] [ESE] Parsing SID [VEXOL1G] - sid: [VEXOL1G] / trans : []
[2026-09-28 10:08:00] [DEBUG] [ESE] Stored SID [VEXOL1G] and transition: []
[2026-09-28 10:08:00] [DEBUG] [ESE] Parsing SID [VEXOL1L] - sid: [VEXOL1L] / trans : []
[2026-09-28 10:08:00] [DEBUG] [ESE] Stored SID [VEXOL1L] and transition: []
[2026-09-28 10:08:00] [DEBUG] [ESE] Parsing SID [KINIK1A] - sid: [KINIK1A] / trans : []
[2026-09-28 10:08:00] [DEBUG] [ESE] Stored SID [KINIK1A] and transition: []
[2026-09-28 10:08:00] [DEBUG] [ESE] Parsing SID [KINIK1B] - sid: [KINIK1B] / trans : []
[2026-09-28 10:08:00] [DEBUG] [ESE] Stored SID [KINIK1B] and transition: []
[2026-09-28 10:08:00] [DEBUG] [ESE] Parsing SID [NESET1A] - sid: [NESET1A] / trans : []
[2026-09-28 10:08:00] [DEBUG] [ESE] Stored SID [NESET1A] and transition: []
[2026-09-28 10:08:00] [DEBUG] [ESE] Parsing SID [KINIK1C] - sid: [KINIK1C] / trans : []
[2026-09-28 10:08:00] [DEBUG] [ESE] Stored SID [KINIK1C] and transition: []
[2026-09-28 10:08:00] [DEBUG] [ESE] Parsing SID [NESET1B] - sid: [NESET1B] / trans : []
[2026-09-28 10:08:00] [DEBUG] [ESE] Stored SID [NESET1B] and transition: []
[2026-09-28 10:08:00] [DEBUG] [ESE] Parsing SID [ASMAP1B] - sid: [ASMAP1B] / trans : []
[2026-09-28 10:08:00] [DEBUG] [ESE] Stored SID [ASMAP1B] and transition: []
[2026-09-28 10:08:00] [DEBUG] [ESE] Parsing SID [ERKAL1B] - sid: [ERKAL1B] / trans : []
[2026-09-28 10:08:00] [DEBUG] [ESE] Stored SID [ERKAL1B] and transition: []
[2026-09-28 10:08:00] [DEBUG] [ESE] Parsing SID [PIMAV1B] - sid: [PIMAV1B] / trans : []
[2026-09-28 10:08:00] [DEBUG] [ESE] Stored SID [PIMAV1B] and transition: []
[2026-09-28 10:08:00] [DEBUG] [ESE] Parsing SID [ASMAP1A] - sid: [ASMAP1A] / trans : []
[2026-09-28 10:08:00] [DEBUG] [ESE] Stored SID [ASMAP1A] and transition: []
[2026-09-28 10:08:00] [DEBUG] [ESE] Parsing SID [ERKAL1A] - sid: [ERKAL1A] / trans : []
[2026-09-28 10:08:00] [DEBUG] [ESE] Stored SID [ERKAL1A] and transition: []
[2026-09-28 10:08:00] [DEBUG] [ESE] Parsing SID [PIMAV1A] - sid: [PIMAV1A] / trans : []
[2026-09-28 10:08:00] [DEBUG] [ESE] Stored SID [PIMAV1A] and transition: []
[2026-09-28 10:08:00] [DEBUG] [ESE] Parsing SID [SULTA1A] - sid: [SULTA1A] / trans : []
[2026-09-28 10:08:00] [DEBUG] [ESE] Stored SID [SULTA1A] and transition: []
[2026-09-28 10:08:00] [DEBUG] [ESE] Parsing SID [SULTA1B] - sid: [SULTA1B] / trans : []
[2026-09-28 10:08:00] [DEBUG] [ESE] Stored SID [SULTA1B] and transition: []
[2026-09-28 10:08:00] [DEBUG] [ESE] Parsing SID [UNWAN1B] - sid: [UNWAN1B] / trans : []
[2026-09-28 10:08:00] [DEBUG] [ESE] Stored SID [UNWAN1B] and transition: []
[2026-09-28 10:08:00] [DEBUG] [ESE] Parsing SID [YAA1B] - sid: [YAA1B] / trans : []
[2026-09-28 10:08:00] [DEBUG] [ESE] Stored SID [YAA1B] and transition: []
[2026-09-28 10:08:00] [DEBUG] [ESE] Parsing SID [SULTA1K] - sid: [SULTA1K] / trans : []
[2026-09-28 10:08:00] [DEBUG] [ESE] Stored SID [SULTA1K] and transition: []
[2026-09-28 10:08:00] [DEBUG] [ESE] Parsing SID [SULTA1L] - sid: [SULTA1L] / trans : []
[2026-09-28 10:08:00] [DEBUG] [ESE] Stored SID [SULTA1L] and transition: []
[2026-09-28 10:08:00] [DEBUG] [ESE] Parsing SID [UNWAN1L] - sid: [UNWAN1L] / trans : []
[2026-09-28 10:08:00] [DEBUG] [ESE] Stored SID [UNWAN1L] and transition: []
[2026-09-28 10:08:00] [DEBUG] [ESE] Parsing SID [YAA1L] - sid: [YAA1L] / trans : []
[2026-09-28 10:08:00] [DEBUG] [ESE] Stored SID [YAA1L] and transition: []
[2026-09-28 10:08:00] [DEBUG] [ESE] Parsing SID [SULTA1M] - sid: [SULTA1M] / trans : []
[2026-09-28 10:08:00] [DEBUG] [ESE] Stored SID [SULTA1M] and transition: []
[2026-09-28 10:08:00] [DEBUG] [ESE] Parsing SID [SULTA1N] - sid: [SULTA1N] / trans : []
[2026-09-28 10:08:00] [DEBUG] [ESE] Stored SID [SULTA1N] and transition: []
[2026-09-28 10:08:00] [DEBUG] [ESE] Parsing SID [UNWAN1N] - sid: [UNWAN1N] / trans : []
[2026-09-28 10:08:00] [DEBUG] [ESE] Stored SID [UNWAN1N] and transition: []
[2026-09-28 10:08:00] [DEBUG] [ESE] Parsing SID [YAA1R] - sid: [YAA1R] / trans : []
[2026-09-28 10:08:00] [DEBUG] [ESE] Stored SID [YAA1R] and transition: []
[2026-09-28 10:08:00] [DEBUG] [ESE] Parsing SID [SULTA1C] - sid: [SULTA1C] / trans : []
[2026-09-28 10:08:00] [DEBUG] [ESE] Stored SID [SULTA1C] and transition: []
[2026-09-28 10:08:00] [DEBUG] [ESE] Parsing SID [SULTA1D] - sid: [SULTA1D] / trans : []
[2026-09-28 10:08:00] [DEBUG] [ESE] Stored SID [SULTA1D] and transition: []
[2026-09-28 10:08:00] [DEBUG] [ESE] Parsing SID [UNWAN1D] - sid: [UNWAN1D] / trans : []
[2026-09-28 10:08:00] [DEBUG] [ESE] Stored SID [UNWAN1D] and transition: []
[2026-09-28 10:08:00] [DEBUG] [ESE] Parsing SID [YAA1D] - sid: [YAA1D] / trans : []
[2026-09-28 10:08:00] [DEBUG] [ESE] Stored SID [YAA1D] and transition: []
[2026-09-28 10:08:00] [DEBUG] [ESE] Parsing SID [ALTIN1J] - sid: [ALTIN1J] / trans : []
[2026-09-28 10:08:00] [DEBUG] [ESE] Stored SID [ALTIN1J] and transition: []
[2026-09-28 10:08:00] [DEBUG] [ESE] Parsing SID [ALTIN1U] - sid: [ALTIN1U] / trans : []
[2026-09-28 10:08:00] [DEBUG] [ESE] Stored SID [ALTIN1U] and transition: []
[2026-09-28 10:08:00] [DEBUG] [ESE] Parsing SID [BIRPU1J] - sid: [BIRPU1J] / trans : []
[2026-09-28 10:08:00] [DEBUG] [ESE] Stored SID [BIRPU1J] and transition: []
[2026-09-28 10:08:00] [DEBUG] [ESE] Parsing SID [BIRPU1U] - sid: [BIRPU1U] / trans : []
[2026-09-28 10:08:00] [DEBUG] [ESE] Stored SID [BIRPU1U] and transition: []
[2026-09-28 10:08:00] [DEBUG] [ESE] Parsing SID [ERFES1U] - sid: [ERFES1U] / trans : []
[2026-09-28 10:08:00] [DEBUG] [ESE] Stored SID [ERFES1U] and transition: []
[2026-09-28 10:08:00] [DEBUG] [ESE] Parsing SID [KEKIK1U] - sid: [KEKIK1U] / trans : []
[2026-09-28 10:08:00] [DEBUG] [ESE] Stored SID [KEKIK1U] and transition: []
[2026-09-28 10:08:00] [DEBUG] [ESE] Parsing SID [RIVBU1J] - sid: [RIVBU1J] / trans : []
[2026-09-28 10:08:00] [DEBUG] [ESE] Stored SID [RIVBU1J] and transition: []
[2026-09-28 10:08:00] [DEBUG] [ESE] Parsing SID [RIVBU1U] - sid: [RIVBU1U] / trans : []
[2026-09-28 10:08:00] [DEBUG] [ESE] Stored SID [RIVBU1U] and transition: []
[2026-09-28 10:08:00] [DEBUG] [ESE] Parsing SID [SOTIV1U] - sid: [SOTIV1U] / trans : []
[2026-09-28 10:08:00] [DEBUG] [ESE] Stored SID [SOTIV1U] and transition: []
[2026-09-28 10:08:00] [DEBUG] [ESE] Parsing SID [ALTIN1M] - sid: [ALTIN1M] / trans : []
[2026-09-28 10:08:00] [DEBUG] [ESE] Stored SID [ALTIN1M] and transition: []
[2026-09-28 10:08:00] [DEBUG] [ESE] Parsing SID [ALTIN1R] - sid: [ALTIN1R] / trans : []
[2026-09-28 10:08:00] [DEBUG] [ESE] Stored SID [ALTIN1R] and transition: []
[2026-09-28 10:08:00] [DEBUG] [ESE] Parsing SID [BIRPU1M] - sid: [BIRPU1M] / trans : []
[2026-09-28 10:08:00] [DEBUG] [ESE] Stored SID [BIRPU1M] and transition: []
[2026-09-28 10:08:00] [DEBUG] [ESE] Parsing SID [BIRPU1R] - sid: [BIRPU1R] / trans : []
[2026-09-28 10:08:00] [DEBUG] [ESE] Stored SID [BIRPU1R] and transition: []
[2026-09-28 10:08:00] [DEBUG] [ESE] Parsing SID [ERFES1M] - sid: [ERFES1M] / trans : []
[2026-09-28 10:08:00] [DEBUG] [ESE] Stored SID [ERFES1M] and transition: []
[2026-09-28 10:08:00] [DEBUG] [ESE] Parsing SID [ERFES1P] - sid: [ERFES1P] / trans : []
[2026-09-28 10:08:00] [DEBUG] [ESE] Stored SID [ERFES1P] and transition: []
[2026-09-28 10:08:00] [DEBUG] [ESE] Parsing SID [ERFES1R] - sid: [ERFES1R] / trans : []
[2026-09-28 10:08:00] [DEBUG] [ESE] Stored SID [ERFES1R] and transition: []
[2026-09-28 10:08:00] [DEBUG] [ESE] Parsing SID [ERFES1T] - sid: [ERFES1T] / trans : []
[2026-09-28 10:08:00] [DEBUG] [ESE] Stored SID [ERFES1T] and transition: []
[2026-09-28 10:08:00] [DEBUG] [ESE] Parsing SID [KEKIK1M] - sid: [KEKIK1M] / trans : []
[2026-09-28 10:08:00] [DEBUG] [ESE] Stored SID [KEKIK1M] and transition: []
[2026-09-28 10:08:00] [DEBUG] [ESE] Parsing SID [KEKIK1P] - sid: [KEKIK1P] / trans : []
[2026-09-28 10:08:00] [DEBUG] [ESE] Stored SID [KEKIK1P] and transition: []
[2026-09-28 10:08:00] [DEBUG] [ESE] Parsing SID [KEKIK1R] - sid: [KEKIK1R] / trans : []
[2026-09-28 10:08:00] [DEBUG] [ESE] Stored SID [KEKIK1R] and transition: []
[2026-09-28 10:08:00] [DEBUG] [ESE] Parsing SID [KEKIK1T] - sid: [KEKIK1T] / trans : []
[2026-09-28 10:08:00] [DEBUG] [ESE] Stored SID [KEKIK1T] and transition: []
[2026-09-28 10:08:00] [DEBUG] [ESE] Parsing SID [RIVBU1M] - sid: [RIVBU1M] / trans : []
[2026-09-28 10:08:00] [DEBUG] [ESE] Stored SID [RIVBU1M] and transition: []
[2026-09-28 10:08:00] [DEBUG] [ESE] Parsing SID [RIVBU1R] - sid: [RIVBU1R] / trans : []
[2026-09-28 10:08:00] [DEBUG] [ESE] Stored SID [RIVBU1R] and transition: []
[2026-09-28 10:08:00] [DEBUG] [ESE] Parsing SID [SOTIV1M] - sid: [SOTIV1M] / trans : []
[2026-09-28 10:08:00] [DEBUG] [ESE] Stored SID [SOTIV1M] and transition: []
[2026-09-28 10:08:00] [DEBUG] [ESE] Parsing SID [SOTIV1R] - sid: [SOTIV1R] / trans : []
[2026-09-28 10:08:00] [DEBUG] [ESE] Stored SID [SOTIV1R] and transition: []
[2026-09-28 10:08:00] [DEBUG] [ESE] Parsing SID [ALTIN1C] - sid: [ALTIN1C] / trans : []
[2026-09-28 10:08:00] [DEBUG] [ESE] Stored SID [ALTIN1C] and transition: []
[2026-09-28 10:08:00] [DEBUG] [ESE] Parsing SID [BIRPU1C] - sid: [BIRPU1C] / trans : []
[2026-09-28 10:08:00] [DEBUG] [ESE] Stored SID [BIRPU1C] and transition: []
[2026-09-28 10:08:00] [DEBUG] [ESE] Parsing SID [ERFES1C] - sid: [ERFES1C] / trans : []
[2026-09-28 10:08:00] [DEBUG] [ESE] Stored SID [ERFES1C] and transition: []
[2026-09-28 10:08:00] [DEBUG] [ESE] Parsing SID [KEKIK1C] - sid: [KEKIK1C] / trans : []
[2026-09-28 10:08:00] [DEBUG] [ESE] Stored SID [KEKIK1C] and transition: []
[2026-09-28 10:08:00] [DEBUG] [ESE] Parsing SID [RIVBU1C] - sid: [RIVBU1C] / trans : []
[2026-09-28 10:08:00] [DEBUG] [ESE] Stored SID [RIVBU1C] and transition: []
[2026-09-28 10:08:00] [DEBUG] [ESE] Parsing SID [SOTIV1C] - sid: [SOTIV1C] / trans : []
[2026-09-28 10:08:00] [DEBUG] [ESE] Stored SID [SOTIV1C] and transition: []
[2026-09-28 10:08:00] [DEBUG] [ESE] Parsing SID [ALTIN1E] - sid: [ALTIN1E] / trans : []
[2026-09-28 10:08:00] [DEBUG] [ESE] Stored SID [ALTIN1E] and transition: []
[2026-09-28 10:08:00] [DEBUG] [ESE] Parsing SID [ALTIN1N] - sid: [ALTIN1N] / trans : []
[2026-09-28 10:08:00] [DEBUG] [ESE] Stored SID [ALTIN1N] and transition: []
[2026-09-28 10:08:00] [DEBUG] [ESE] Parsing SID [BIRPU1E] - sid: [BIRPU1E] / trans : []
[2026-09-28 10:08:00] [DEBUG] [ESE] Stored SID [BIRPU1E] and transition: []
[2026-09-28 10:08:00] [DEBUG] [ESE] Parsing SID [BIRPU1N] - sid: [BIRPU1N] / trans : []
[2026-09-28 10:08:00] [DEBUG] [ESE] Stored SID [BIRPU1N] and transition: []
[2026-09-28 10:08:00] [DEBUG] [ESE] Parsing SID [ERFES1E] - sid: [ERFES1E] / trans : []
[2026-09-28 10:08:00] [DEBUG] [ESE] Stored SID [ERFES1E] and transition: []
[2026-09-28 10:08:00] [DEBUG] [ESE] Parsing SID [ERFES1L] - sid: [ERFES1L] / trans : []
[2026-09-28 10:08:00] [DEBUG] [ESE] Stored SID [ERFES1L] and transition: []
[2026-09-28 10:08:00] [DEBUG] [ESE] Parsing SID [ERFES1N] - sid: [ERFES1N] / trans : []
[2026-09-28 10:08:00] [DEBUG] [ESE] Stored SID [ERFES1N] and transition: []
[2026-09-28 10:08:00] [DEBUG] [ESE] Parsing SID [ERFES1S] - sid: [ERFES1S] / trans : []
[2026-09-28 10:08:00] [DEBUG] [ESE] Stored SID [ERFES1S] and transition: []
[2026-09-28 10:08:00] [DEBUG] [ESE] Parsing SID [KEKIK1E] - sid: [KEKIK1E] / trans : []
[2026-09-28 10:08:00] [DEBUG] [ESE] Stored SID [KEKIK1E] and transition: []
[2026-09-28 10:08:00] [DEBUG] [ESE] Parsing SID [KEKIK1L] - sid: [KEKIK1L] / trans : []
[2026-09-28 10:08:00] [DEBUG] [ESE] Stored SID [KEKIK1L] and transition: []
[2026-09-28 10:08:00] [DEBUG] [ESE] Parsing SID [KEKIK1N] - sid: [KEKIK1N] / trans : []
[2026-09-28 10:08:00] [DEBUG] [ESE] Stored SID [KEKIK1N] and transition: []
[2026-09-28 10:08:00] [DEBUG] [ESE] Parsing SID [KEKIK1S] - sid: [KEKIK1S] / trans : []
[2026-09-28 10:08:00] [DEBUG] [ESE] Stored SID [KEKIK1S] and transition: []
[2026-09-28 10:08:00] [DEBUG] [ESE] Parsing SID [RIVBU1E] - sid: [RIVBU1E] / trans : []
[2026-09-28 10:08:00] [DEBUG] [ESE] Stored SID [RIVBU1E] and transition: []
[2026-09-28 10:08:00] [DEBUG] [ESE] Parsing SID [RIVBU1N] - sid: [RIVBU1N] / trans : []
[2026-09-28 10:08:00] [DEBUG] [ESE] Stored SID [RIVBU1N] and transition: []
[2026-09-28 10:08:00] [DEBUG] [ESE] Parsing SID [SOTIV1E] - sid: [SOTIV1E] / trans : []
[2026-09-28 10:08:00] [DEBUG] [ESE] Stored SID [SOTIV1E] and transition: []
[2026-09-28 10:08:00] [DEBUG] [ESE] Parsing SID [SOTIV1N] - sid: [SOTIV1N] / trans : []
[2026-09-28 10:08:00] [DEBUG] [ESE] Stored SID [SOTIV1N] and transition: []
[2026-09-28 10:08:00] [DEBUG] [ESE] Parsing SID [AFGAR1M] - sid: [AFGAR1M] / trans : []
[2026-09-28 10:08:00] [DEBUG] [ESE] Stored SID [AFGAR1M] and transition: []
[2026-09-28 10:08:00] [DEBUG] [ESE] Parsing SID [BKZ1M] - sid: [BKZ1M] / trans : []
[2026-09-28 10:08:00] [DEBUG] [ESE] Stored SID [BKZ1M] and transition: []
[2026-09-28 10:08:00] [DEBUG] [ESE] Parsing SID [EKI1M] - sid: [EKI1M] / trans : []
[2026-09-28 10:08:00] [DEBUG] [ESE] Stored SID [EKI1M] and transition: []
[2026-09-28 10:08:00] [DEBUG] [ESE] Parsing SID [BIG1R] - sid: [BIG1R] / trans : []
[2026-09-28 10:08:00] [DEBUG] [ESE] Stored SID [BIG1R] and transition: []
[2026-09-28 10:08:00] [DEBUG] [ESE] Parsing SID [EKI1R] - sid: [EKI1R] / trans : []
[2026-09-28 10:08:00] [DEBUG] [ESE] Stored SID [EKI1R] and transition: []
[2026-09-28 10:08:00] [DEBUG] [ESE] Parsing SID [FENER1R] - sid: [FENER1R] / trans : []
[2026-09-28 10:08:00] [DEBUG] [ESE] Stored SID [FENER1R] and transition: []
[2026-09-28 10:08:00] [DEBUG] [ESE] Parsing SID [IST1R] - sid: [IST1R] / trans : []
[2026-09-28 10:08:00] [DEBUG] [ESE] Stored SID [IST1R] and transition: []
[2026-09-28 10:08:00] [DEBUG] [ESE] Parsing SID [AFGAR1U] - sid: [AFGAR1U] / trans : []
[2026-09-28 10:08:00] [DEBUG] [ESE] Stored SID [AFGAR1U] and transition: []
[2026-09-28 10:08:00] [DEBUG] [ESE] Parsing SID [BKZ1U] - sid: [BKZ1U] / trans : []
[2026-09-28 10:08:00] [DEBUG] [ESE] Stored SID [BKZ1U] and transition: []
[2026-09-28 10:08:00] [DEBUG] [ESE] Parsing SID [EKI1U] - sid: [EKI1U] / trans : []
[2026-09-28 10:08:00] [DEBUG] [ESE] Stored SID [EKI1U] and transition: []
[2026-09-28 10:08:00] [DEBUG] [ESE] Parsing SID [BIG1Q] - sid: [BIG1Q] / trans : []
[2026-09-28 10:08:00] [DEBUG] [ESE] Stored SID [BIG1Q] and transition: []
[2026-09-28 10:08:00] [DEBUG] [ESE] Parsing SID [EKI1Q] - sid: [EKI1Q] / trans : []
[2026-09-28 10:08:00] [DEBUG] [ESE] Stored SID [EKI1Q] and transition: []
[2026-09-28 10:08:00] [DEBUG] [ESE] Parsing SID [FENER1Q] - sid: [FENER1Q] / trans : []
[2026-09-28 10:08:00] [DEBUG] [ESE] Stored SID [FENER1Q] and transition: []
[2026-09-28 10:08:00] [DEBUG] [ESE] Parsing SID [IST1Q] - sid: [IST1Q] / trans : []
[2026-09-28 10:08:00] [DEBUG] [ESE] Stored SID [IST1Q] and transition: []
[2026-09-28 10:08:00] [DEBUG] [ESE] Parsing SID [YAA1Q] - sid: [YAA1Q] / trans : []
[2026-09-28 10:08:00] [DEBUG] [ESE] Stored SID [YAA1Q] and transition: []
[2026-09-28 10:08:00] [DEBUG] [ESE] Parsing SID [EKMEL2W] - sid: [EKMEL2W] / trans : []
[2026-09-28 10:08:00] [DEBUG] [ESE] Stored SID [EKMEL2W] and transition: []
[2026-09-28 10:08:00] [DEBUG] [ESE] Parsing SID [KARGI2F] - sid: [KARGI2F] / trans : []
[2026-09-28 10:08:00] [DEBUG] [ESE] Stored SID [KARGI2F] and transition: []
[2026-09-28 10:08:00] [DEBUG] [ESE] Parsing SID [SULTA2W] - sid: [SULTA2W] / trans : []
[2026-09-28 10:08:00] [DEBUG] [ESE] Stored SID [SULTA2W] and transition: []
[2026-09-28 10:08:00] [DEBUG] [ESE] Parsing SID [TOKER2B] - sid: [TOKER2B] / trans : []
[2026-09-28 10:08:00] [DEBUG] [ESE] Stored SID [TOKER2B] and transition: []
[2026-09-28 10:08:00] [DEBUG] [ESE] Parsing SID [EKMEL2Y] - sid: [EKMEL2Y] / trans : []
[2026-09-28 10:08:00] [DEBUG] [ESE] Stored SID [EKMEL2Y] and transition: []
[2026-09-28 10:08:00] [DEBUG] [ESE] Parsing SID [KARGI2G] - sid: [KARGI2G] / trans : []
[2026-09-28 10:08:00] [DEBUG] [ESE] Stored SID [KARGI2G] and transition: []
[2026-09-28 10:08:00] [DEBUG] [ESE] Parsing SID [SULTA2Y] - sid: [SULTA2Y] / trans : []
[2026-09-28 10:08:00] [DEBUG] [ESE] Stored SID [SULTA2Y] and transition: []
[2026-09-28 10:08:00] [DEBUG] [ESE] Parsing SID [TOKER2C] - sid: [TOKER2C] / trans : []
[2026-09-28 10:08:00] [DEBUG] [ESE] Stored SID [TOKER2C] and transition: []
[2026-09-28 10:08:00] [DEBUG] [ESE] Parsing SID [AFYO1E] - sid: [AFYO1E] / trans : []
[2026-09-28 10:08:00] [DEBUG] [ESE] Stored SID [AFYO1E] and transition: []
[2026-09-28 10:08:00] [DEBUG] [ESE] Parsing SID [APSER1E] - sid: [APSER1E] / trans : []
[2026-09-28 10:08:00] [DEBUG] [ESE] Stored SID [APSER1E] and transition: []
[2026-09-28 10:08:00] [DEBUG] [ESE] Parsing SID [KARGI1E] - sid: [KARGI1E] / trans : []
[2026-09-28 10:08:00] [DEBUG] [ESE] Stored SID [KARGI1E] and transition: []
[2026-09-28 10:08:00] [DEBUG] [ESE] Parsing SID [TUMER1E] - sid: [TUMER1E] / trans : []
[2026-09-28 10:08:00] [DEBUG] [ESE] Stored SID [TUMER1E] and transition: []
[2026-09-28 10:08:00] [DEBUG] [ESE] Parsing SID [AFYO1B] - sid: [AFYO1B] / trans : []
[2026-09-28 10:08:00] [DEBUG] [ESE] Stored SID [AFYO1B] and transition: []
[2026-09-28 10:08:00] [DEBUG] [ESE] Parsing SID [APSER1B] - sid: [APSER1B] / trans : []
[2026-09-28 10:08:00] [DEBUG] [ESE] Stored SID [APSER1B] and transition: []
[2026-09-28 10:08:00] [DEBUG] [ESE] Parsing SID [KARGI1B] - sid: [KARGI1B] / trans : []
[2026-09-28 10:08:00] [DEBUG] [ESE] Stored SID [KARGI1B] and transition: []
[2026-09-28 10:08:00] [DEBUG] [ESE] Parsing SID [KARGI1M] - sid: [KARGI1M] / trans : []
[2026-09-28 10:08:00] [DEBUG] [ESE] Stored SID [KARGI1M] and transition: []
[2026-09-28 10:08:00] [DEBUG] [ESE] Parsing SID [TUMER1B] - sid: [TUMER1B] / trans : []
[2026-09-28 10:08:00] [DEBUG] [ESE] Stored SID [TUMER1B] and transition: []
[2026-09-28 10:08:00] [DEBUG] [ESE] Parsing SID [TUMER1M] - sid: [TUMER1M] / trans : []
[2026-09-28 10:08:00] [DEBUG] [ESE] Stored SID [TUMER1M] and transition: []
[2026-09-28 10:08:00] [DEBUG] [ESE] Parsing SID [AFYO1D] - sid: [AFYO1D] / trans : []
[2026-09-28 10:08:00] [DEBUG] [ESE] Stored SID [AFYO1D] and transition: []
[2026-09-28 10:08:00] [DEBUG] [ESE] Parsing SID [KARGI1D] - sid: [KARGI1D] / trans : []
[2026-09-28 10:08:00] [DEBUG] [ESE] Stored SID [KARGI1D] and transition: []
[2026-09-28 10:08:00] [DEBUG] [ESE] Parsing SID [TUMER1D] - sid: [TUMER1D] / trans : []
[2026-09-28 10:08:00] [DEBUG] [ESE] Stored SID [TUMER1D] and transition: []
[2026-09-28 10:08:00] [DEBUG] [ESE] Parsing SID [AFYO1A] - sid: [AFYO1A] / trans : []
[2026-09-28 10:08:00] [DEBUG] [ESE] Stored SID [AFYO1A] and transition: []
[2026-09-28 10:08:00] [DEBUG] [ESE] Parsing SID [APSER1A] - sid: [APSER1A] / trans : []
[2026-09-28 10:08:00] [DEBUG] [ESE] Stored SID [APSER1A] and transition: []
[2026-09-28 10:08:00] [DEBUG] [ESE] Parsing SID [KARGI1A] - sid: [KARGI1A] / trans : []
[2026-09-28 10:08:00] [DEBUG] [ESE] Stored SID [KARGI1A] and transition: []
[2026-09-28 10:08:00] [DEBUG] [ESE] Parsing SID [KARGI1K] - sid: [KARGI1K] / trans : []
[2026-09-28 10:08:00] [DEBUG] [ESE] Stored SID [KARGI1K] and transition: []
[2026-09-28 10:08:00] [DEBUG] [ESE] Parsing SID [TUMER1A] - sid: [TUMER1A] / trans : []
[2026-09-28 10:08:00] [DEBUG] [ESE] Stored SID [TUMER1A] and transition: []
[2026-09-28 10:08:00] [DEBUG] [ESE] Parsing SID [TUMER1K] - sid: [TUMER1K] / trans : []
[2026-09-28 10:08:00] [DEBUG] [ESE] Stored SID [TUMER1K] and transition: []
[2026-09-28 10:08:00] [DEBUG] [ESE] Parsing SID [ARPUT1B] - sid: [ARPUT1B] / trans : []
[2026-09-28 10:08:00] [DEBUG] [ESE] Stored SID [ARPUT1B] and transition: []
[2026-09-28 10:08:00] [DEBUG] [ESE] Parsing SID [BULUT1B] - sid: [BULUT1B] / trans : []
[2026-09-28 10:08:00] [DEBUG] [ESE] Stored SID [BULUT1B] and transition: []
[2026-09-28 10:08:00] [DEBUG] [ESE] Parsing SID [ERGAN1B] - sid: [ERGAN1B] / trans : []
[2026-09-28 10:08:00] [DEBUG] [ESE] Stored SID [ERGAN1B] and transition: []
[2026-09-28 10:08:00] [DEBUG] [ESE] Parsing SID [ERTEK1B] - sid: [ERTEK1B] / trans : []
[2026-09-28 10:08:00] [DEBUG] [ESE] Stored SID [ERTEK1B] and transition: []
[2026-09-28 10:08:00] [DEBUG] [ESE] Parsing SID [FILIZ1B] - sid: [FILIZ1B] / trans : []
[2026-09-28 10:08:00] [DEBUG] [ESE] Stored SID [FILIZ1B] and transition: []
[2026-09-28 10:08:00] [DEBUG] [ESE] Parsing SID [HAZAR1B] - sid: [HAZAR1B] / trans : []
[2026-09-28 10:08:00] [DEBUG] [ESE] Stored SID [HAZAR1B] and transition: []
[2026-09-28 10:08:00] [DEBUG] [ESE] Parsing SID [PALUT1B] - sid: [PALUT1B] / trans : []
[2026-09-28 10:08:00] [DEBUG] [ESE] Stored SID [PALUT1B] and transition: []
[2026-09-28 10:08:00] [DEBUG] [ESE] Parsing SID [SORAR1B] - sid: [SORAR1B] / trans : []
[2026-09-28 10:08:00] [DEBUG] [ESE] Stored SID [SORAR1B] and transition: []
[2026-09-28 10:08:00] [DEBUG] [ESE] Parsing SID [ARPUT1B] - sid: [ARPUT1B] / trans : []
[2026-09-28 10:08:00] [DEBUG] [ESE] Stored SID [ARPUT1B] and transition: []
[2026-09-28 10:08:00] [DEBUG] [ESE] Parsing SID [BULUT1B] - sid: [BULUT1B] / trans : []
[2026-09-28 10:08:00] [DEBUG] [ESE] Stored SID [BULUT1B] and transition: []
[2026-09-28 10:08:00] [DEBUG] [ESE] Parsing SID [ERGAN1B] - sid: [ERGAN1B] / trans : []
[2026-09-28 10:08:00] [DEBUG] [ESE] Stored SID [ERGAN1B] and transition: []
[2026-09-28 10:08:00] [DEBUG] [ESE] Parsing SID [ERTEK1B] - sid: [ERTEK1B] / trans : []
[2026-09-28 10:08:00] [DEBUG] [ESE] Stored SID [ERTEK1B] and transition: []
[2026-09-28 10:08:00] [DEBUG] [ESE] Parsing SID [FILIZ1B] - sid: [FILIZ1B] / trans : []
[2026-09-28 10:08:00] [DEBUG] [ESE] Stored SID [FILIZ1B] and transition: []
[2026-09-28 10:08:00] [DEBUG] [ESE] Parsing SID [HAZAR1B] - sid: [HAZAR1B] / trans : []
[2026-09-28 10:08:00] [DEBUG] [ESE] Stored SID [HAZAR1B] and transition: []
[2026-09-28 10:08:00] [DEBUG] [ESE] Parsing SID [PALUT1B] - sid: [PALUT1B] / trans : []
[2026-09-28 10:08:00] [DEBUG] [ESE] Stored SID [PALUT1B] and transition: []
[2026-09-28 10:08:00] [DEBUG] [ESE] Parsing SID [SORAR1B] - sid: [SORAR1B] / trans : []
[2026-09-28 10:08:00] [DEBUG] [ESE] Stored SID [SORAR1B] and transition: []
[2026-09-28 10:08:00] [DEBUG] [ESE] Parsing SID [ARPUT1C] - sid: [ARPUT1C] / trans : []
[2026-09-28 10:08:00] [DEBUG] [ESE] Stored SID [ARPUT1C] and transition: []
[2026-09-28 10:08:00] [DEBUG] [ESE] Parsing SID [BULUT1C] - sid: [BULUT1C] / trans : []
[2026-09-28 10:08:00] [DEBUG] [ESE] Stored SID [BULUT1C] and transition: []
[2026-09-28 10:08:00] [DEBUG] [ESE] Parsing SID [ERGAN1C] - sid: [ERGAN1C] / trans : []
[2026-09-28 10:08:00] [DEBUG] [ESE] Stored SID [ERGAN1C] and transition: []
[2026-09-28 10:08:00] [DEBUG] [ESE] Parsing SID [ERTEK1C] - sid: [ERTEK1C] / trans : []
[2026-09-28 10:08:00] [DEBUG] [ESE] Stored SID [ERTEK1C] and transition: []
[2026-09-28 10:08:00] [DEBUG] [ESE] Parsing SID [FILIZ1C] - sid: [FILIZ1C] / trans : []
[2026-09-28 10:08:00] [DEBUG] [ESE] Stored SID [FILIZ1C] and transition: []
[2026-09-28 10:08:00] [DEBUG] [ESE] Parsing SID [HAZAR1C] - sid: [HAZAR1C] / trans : []
[2026-09-28 10:08:00] [DEBUG] [ESE] Stored SID [HAZAR1C] and transition: []
[2026-09-28 10:08:00] [DEBUG] [ESE] Parsing SID [PALUT1C] - sid: [PALUT1C] / trans : []
[2026-09-28 10:08:00] [DEBUG] [ESE] Stored SID [PALUT1C] and transition: []
[2026-09-28 10:08:00] [DEBUG] [ESE] Parsing SID [SORAR1C] - sid: [SORAR1C] / trans : []
[2026-09-28 10:08:00] [DEBUG] [ESE] Stored SID [SORAR1C] and transition: []
[2026-09-28 10:08:00] [DEBUG] [ESE] Parsing SID [ARPUT1D] - sid: [ARPUT1D] / trans : []
[2026-09-28 10:08:00] [DEBUG] [ESE] Stored SID [ARPUT1D] and transition: []
[2026-09-28 10:08:00] [DEBUG] [ESE] Parsing SID [BULUT1D] - sid: [BULUT1D] / trans : []
[2026-09-28 10:08:00] [DEBUG] [ESE] Stored SID [BULUT1D] and transition: []
[2026-09-28 10:08:00] [DEBUG] [ESE] Parsing SID [ARPUT1C] - sid: [ARPUT1C] / trans : []
[2026-09-28 10:08:00] [DEBUG] [ESE] Stored SID [ARPUT1C] and transition: []
[2026-09-28 10:08:00] [DEBUG] [ESE] Parsing SID [BULUT1C] - sid: [BULUT1C] / trans : []
[2026-09-28 10:08:00] [DEBUG] [ESE] Stored SID [BULUT1C] and transition: []
[2026-09-28 10:08:00] [DEBUG] [ESE] Parsing SID [ERGAN1C] - sid: [ERGAN1C] / trans : []
[2026-09-28 10:08:00] [DEBUG] [ESE] Stored SID [ERGAN1C] and transition: []
[2026-09-28 10:08:00] [DEBUG] [ESE] Parsing SID [ERTEK1C] - sid: [ERTEK1C] / trans : []
[2026-09-28 10:08:00] [DEBUG] [ESE] Stored SID [ERTEK1C] and transition: []
[2026-09-28 10:08:00] [DEBUG] [ESE] Parsing SID [FILIZ1C] - sid: [FILIZ1C] / trans : []
[2026-09-28 10:08:00] [DEBUG] [ESE] Stored SID [FILIZ1C] and transition: []
[2026-09-28 10:08:00] [DEBUG] [ESE] Parsing SID [HAZAR1C] - sid: [HAZAR1C] / trans : []
[2026-09-28 10:08:00] [DEBUG] [ESE] Stored SID [HAZAR1C] and transition: []
[2026-09-28 10:08:00] [DEBUG] [ESE] Parsing SID [PALUT1C] - sid: [PALUT1C] / trans : []
[2026-09-28 10:08:00] [DEBUG] [ESE] Stored SID [PALUT1C] and transition: []
[2026-09-28 10:08:00] [DEBUG] [ESE] Parsing SID [SORAR1C] - sid: [SORAR1C] / trans : []
[2026-09-28 10:08:00] [DEBUG] [ESE] Stored SID [SORAR1C] and transition: []
[2026-09-28 10:08:00] [DEBUG] [ESE] Parsing SID [EMLAD1M] - sid: [EMLAD1M] / trans : []
[2026-09-28 10:08:00] [DEBUG] [ESE] Stored SID [EMLAD1M] and transition: []
[2026-09-28 10:08:00] [DEBUG] [ESE] Parsing SID [IPSAT1M] - sid: [IPSAT1M] / trans : []
[2026-09-28 10:08:00] [DEBUG] [ESE] Stored SID [IPSAT1M] and transition: []
[2026-09-28 10:08:00] [DEBUG] [ESE] Parsing SID [ARSUG1U] - sid: [ARSUG1U] / trans : []
[2026-09-28 10:08:00] [DEBUG] [ESE] Stored SID [ARSUG1U] and transition: []
[2026-09-28 10:08:00] [DEBUG] [ESE] Parsing SID [IPSAT1U] - sid: [IPSAT1U] / trans : []
[2026-09-28 10:08:00] [DEBUG] [ESE] Stored SID [IPSAT1U] and transition: []
[2026-09-28 10:08:00] [DEBUG] [ESE] Parsing SID [EMLAD1L] - sid: [EMLAD1L] / trans : []
[2026-09-28 10:08:00] [DEBUG] [ESE] Stored SID [EMLAD1L] and transition: []
[2026-09-28 10:08:00] [DEBUG] [ESE] Parsing SID [IPSAT1L] - sid: [IPSAT1L] / trans : []
[2026-09-28 10:08:00] [DEBUG] [ESE] Stored SID [IPSAT1L] and transition: []
[2026-09-28 10:08:00] [DEBUG] [ESE] Parsing SID [EMLAD1N] - sid: [EMLAD1N] / trans : []
[2026-09-28 10:08:00] [DEBUG] [ESE] Stored SID [EMLAD1N] and transition: []
[2026-09-28 10:08:00] [DEBUG] [ESE] Parsing SID [IPSAT1N] - sid: [IPSAT1N] / trans : []
[2026-09-28 10:08:00] [DEBUG] [ESE] Stored SID [IPSAT1N] and transition: []
[2026-09-28 10:08:00] [DEBUG] [ESE] Parsing SID [ATLOM1W] - sid: [ATLOM1W] / trans : []
[2026-09-28 10:08:00] [DEBUG] [ESE] Stored SID [ATLOM1W] and transition: []
[2026-09-28 10:08:00] [DEBUG] [ESE] Parsing SID [ATLOM1X] - sid: [ATLOM1X] / trans : []
[2026-09-28 10:08:00] [DEBUG] [ESE] Stored SID [ATLOM1X] and transition: []
[2026-09-28 10:08:00] [DEBUG] [ESE] Parsing SID [DEMEB1W] - sid: [DEMEB1W] / trans : []
[2026-09-28 10:08:00] [DEBUG] [ESE] Stored SID [DEMEB1W] and transition: []
[2026-09-28 10:08:00] [DEBUG] [ESE] Parsing SID [DEMEB1X] - sid: [DEMEB1X] / trans : []
[2026-09-28 10:08:00] [DEBUG] [ESE] Stored SID [DEMEB1X] and transition: []
[2026-09-28 10:08:00] [DEBUG] [ESE] Parsing SID [LEKRO1W] - sid: [LEKRO1W] / trans : []
[2026-09-28 10:08:00] [DEBUG] [ESE] Stored SID [LEKRO1W] and transition: []
[2026-09-28 10:08:00] [DEBUG] [ESE] Parsing SID [LEKRO1X] - sid: [LEKRO1X] / trans : []
[2026-09-28 10:08:00] [DEBUG] [ESE] Stored SID [LEKRO1X] and transition: []
[2026-09-28 10:08:00] [DEBUG] [ESE] Parsing SID [MOVUL1W] - sid: [MOVUL1W] / trans : []
[2026-09-28 10:08:00] [DEBUG] [ESE] Stored SID [MOVUL1W] and transition: []
[2026-09-28 10:08:00] [DEBUG] [ESE] Parsing SID [MOVUL1X] - sid: [MOVUL1X] / trans : []
[2026-09-28 10:08:00] [DEBUG] [ESE] Stored SID [MOVUL1X] and transition: []
[2026-09-28 10:08:00] [DEBUG] [ESE] Parsing SID [SUMAP1W] - sid: [SUMAP1W] / trans : []
[2026-09-28 10:08:00] [DEBUG] [ESE] Stored SID [SUMAP1W] and transition: []
[2026-09-28 10:08:00] [DEBUG] [ESE] Parsing SID [SUMAP1X] - sid: [SUMAP1X] / trans : []
[2026-09-28 10:08:00] [DEBUG] [ESE] Stored SID [SUMAP1X] and transition: []
[2026-09-28 10:08:00] [DEBUG] [ESE] Parsing SID [ZUITA1W] - sid: [ZUITA1W] / trans : []
[2026-09-28 10:08:00] [DEBUG] [ESE] Stored SID [ZUITA1W] and transition: []
[2026-09-28 10:08:00] [DEBUG] [ESE] Parsing SID [ZUITA1X] - sid: [ZUITA1X] / trans : []
[2026-09-28 10:08:00] [DEBUG] [ESE] Stored SID [ZUITA1X] and transition: []
[2026-09-28 10:08:00] [DEBUG] [ESE] Parsing SID [ATLOM1W] - sid: [ATLOM1W] / trans : []
[2026-09-28 10:08:00] [DEBUG] [ESE] Stored SID [ATLOM1W] and transition: []
[2026-09-28 10:08:00] [DEBUG] [ESE] Parsing SID [ATLOM1X] - sid: [ATLOM1X] / trans : []
[2026-09-28 10:08:00] [DEBUG] [ESE] Stored SID [ATLOM1X] and transition: []
[2026-09-28 10:08:00] [DEBUG] [ESE] Parsing SID [DEMEB1W] - sid: [DEMEB1W] / trans : []
[2026-09-28 10:08:00] [DEBUG] [ESE] Stored SID [DEMEB1W] and transition: []
[2026-09-28 10:08:00] [DEBUG] [ESE] Parsing SID [DEMEB1X] - sid: [DEMEB1X] / trans : []
[2026-09-28 10:08:00] [DEBUG] [ESE] Stored SID [DEMEB1X] and transition: []
[2026-09-28 10:08:00] [DEBUG] [ESE] Parsing SID [LEKRO1W] - sid: [LEKRO1W] / trans : []
[2026-09-28 10:08:00] [DEBUG] [ESE] Stored SID [LEKRO1W] and transition: []
[2026-09-28 10:08:00] [DEBUG] [ESE] Parsing SID [LEKRO1X] - sid: [LEKRO1X] / trans : []
[2026-09-28 10:08:00] [DEBUG] [ESE] Stored SID [LEKRO1X] and transition: []
[2026-09-28 10:08:00] [DEBUG] [ESE] Parsing SID [MOVUL1W] - sid: [MOVUL1W] / trans : []
[2026-09-28 10:08:00] [DEBUG] [ESE] Stored SID [MOVUL1W] and transition: []
[2026-09-28 10:08:00] [DEBUG] [ESE] Parsing SID [MOVUL1X] - sid: [MOVUL1X] / trans : []
[2026-09-28 10:08:00] [DEBUG] [ESE] Stored SID [MOVUL1X] and transition: []
[2026-09-28 10:08:00] [DEBUG] [ESE] Parsing SID [SUMAP1W] - sid: [SUMAP1W] / trans : []
[2026-09-28 10:08:00] [DEBUG] [ESE] Stored SID [SUMAP1W] and transition: []
[2026-09-28 10:08:00] [DEBUG] [ESE] Parsing SID [SUMAP1X] - sid: [SUMAP1X] / trans : []
[2026-09-28 10:08:00] [DEBUG] [ESE] Stored SID [SUMAP1X] and transition: []
[2026-09-28 10:08:00] [DEBUG] [ESE] Parsing SID [ZUITA1W] - sid: [ZUITA1W] / trans : []
[2026-09-28 10:08:00] [DEBUG] [ESE] Stored SID [ZUITA1W] and transition: []
[2026-09-28 10:08:00] [DEBUG] [ESE] Parsing SID [ZUITA1X] - sid: [ZUITA1X] / trans : []
[2026-09-28 10:08:00] [DEBUG] [ESE] Stored SID [ZUITA1X] and transition: []
[2026-09-28 10:08:00] [DEBUG] [ESE] Parsing SID [ATLOM1J] - sid: [ATLOM1J] / trans : []
[2026-09-28 10:08:00] [DEBUG] [ESE] Stored SID [ATLOM1J] and transition: []
[2026-09-28 10:08:00] [DEBUG] [ESE] Parsing SID [ATLOM1Y] - sid: [ATLOM1Y] / trans : []
[2026-09-28 10:08:00] [DEBUG] [ESE] Stored SID [ATLOM1Y] and transition: []
[2026-09-28 10:08:00] [DEBUG] [ESE] Parsing SID [DEMEB1J] - sid: [DEMEB1J] / trans : []
[2026-09-28 10:08:00] [DEBUG] [ESE] Stored SID [DEMEB1J] and transition: []
[2026-09-28 10:08:00] [DEBUG] [ESE] Parsing SID [DEMEB1Y] - sid: [DEMEB1Y] / trans : []
[2026-09-28 10:08:00] [DEBUG] [ESE] Stored SID [DEMEB1Y] and transition: []
[2026-09-28 10:08:00] [DEBUG] [ESE] Parsing SID [LEKRO1J] - sid: [LEKRO1J] / trans : []
[2026-09-28 10:08:00] [DEBUG] [ESE] Stored SID [LEKRO1J] and transition: []
[2026-09-28 10:08:00] [DEBUG] [ESE] Parsing SID [LEKRO1Y] - sid: [LEKRO1Y] / trans : []
[2026-09-28 10:08:00] [DEBUG] [ESE] Stored SID [LEKRO1Y] and transition: []
[2026-09-28 10:08:00] [DEBUG] [ESE] Parsing SID [MOVUL1J] - sid: [MOVUL1J] / trans : []
[2026-09-28 10:08:00] [DEBUG] [ESE] Stored SID [MOVUL1J] and transition: []
[2026-09-28 10:08:00] [DEBUG] [ESE] Parsing SID [MOVUL1Y] - sid: [MOVUL1Y] / trans : []
[2026-09-28 10:08:00] [DEBUG] [ESE] Stored SID [MOVUL1Y] and transition: []
[2026-09-28 10:08:00] [DEBUG] [ESE] Parsing SID [SUMAP1J] - sid: [SUMAP1J] / trans : []
[2026-09-28 10:08:00] [DEBUG] [ESE] Stored SID [SUMAP1J] and transition: []
[2026-09-28 10:08:00] [DEBUG] [ESE] Parsing SID [SUMAP1Y] - sid: [SUMAP1Y] / trans : []
[2026-09-28 10:08:00] [DEBUG] [ESE] Stored SID [SUMAP1Y] and transition: []
[2026-09-28 10:08:00] [DEBUG] [ESE] Parsing SID [ZUITA1J] - sid: [ZUITA1J] / trans : []
[2026-09-28 10:08:00] [DEBUG] [ESE] Stored SID [ZUITA1J] and transition: []
[2026-09-28 10:08:00] [DEBUG] [ESE] Parsing SID [ZUITA1Y] - sid: [ZUITA1Y] / trans : []
[2026-09-28 10:08:00] [DEBUG] [ESE] Stored SID [ZUITA1Y] and transition: []
[2026-09-28 10:08:00] [DEBUG] [ESE] Parsing SID [ATLOM1J] - sid: [ATLOM1J] / trans : []
[2026-09-28 10:08:00] [DEBUG] [ESE] Stored SID [ATLOM1J] and transition: []
[2026-09-28 10:08:00] [DEBUG] [ESE] Parsing SID [ATLOM1Y] - sid: [ATLOM1Y] / trans : []
[2026-09-28 10:08:00] [DEBUG] [ESE] Stored SID [ATLOM1Y] and transition: []
[2026-09-28 10:08:00] [DEBUG] [ESE] Parsing SID [DEMEB1J] - sid: [DEMEB1J] / trans : []
[2026-09-28 10:08:00] [DEBUG] [ESE] Stored SID [DEMEB1J] and transition: []
[2026-09-28 10:08:00] [DEBUG] [ESE] Parsing SID [DEMEB1Y] - sid: [DEMEB1Y] / trans : []
[2026-09-28 10:08:00] [DEBUG] [ESE] Stored SID [DEMEB1Y] and transition: []
[2026-09-28 10:08:00] [DEBUG] [ESE] Parsing SID [LEKRO1J] - sid: [LEKRO1J] / trans : []
[2026-09-28 10:08:00] [DEBUG] [ESE] Stored SID [LEKRO1J] and transition: []
[2026-09-28 10:08:00] [DEBUG] [ESE] Parsing SID [LEKRO1Y] - sid: [LEKRO1Y] / trans : []
[2026-09-28 10:08:00] [DEBUG] [ESE] Stored SID [LEKRO1Y] and transition: []
[2026-09-28 10:08:00] [DEBUG] [ESE] Parsing SID [MOVUL1J] - sid: [MOVUL1J] / trans : []
[2026-09-28 10:08:00] [DEBUG] [ESE] Stored SID [MOVUL1J] and transition: []
[2026-09-28 10:08:00] [DEBUG] [ESE] Parsing SID [MOVUL1Y] - sid: [MOVUL1Y] / trans : []
[2026-09-28 10:08:00] [DEBUG] [ESE] Stored SID [MOVUL1Y] and transition: []
[2026-09-28 10:08:00] [DEBUG] [ESE] Parsing SID [SUMAP1J] - sid: [SUMAP1J] / trans : []
[2026-09-28 10:08:00] [DEBUG] [ESE] Stored SID [SUMAP1J] and transition: []
[2026-09-28 10:08:00] [DEBUG] [ESE] Parsing SID [SUMAP1Y] - sid: [SUMAP1Y] / trans : []
[2026-09-28 10:08:00] [DEBUG] [ESE] Stored SID [SUMAP1Y] and transition: []
[2026-09-28 10:08:00] [DEBUG] [ESE] Parsing SID [ZUITA1J] - sid: [ZUITA1J] / trans : []
[2026-09-28 10:08:00] [DEBUG] [ESE] Stored SID [ZUITA1J] and transition: []
[2026-09-28 10:08:00] [DEBUG] [ESE] Parsing SID [ZUITA1Y] - sid: [ZUITA1Y] / trans : []
[2026-09-28 10:08:00] [DEBUG] [ESE] Stored SID [ZUITA1Y] and transition: []
[2026-09-28 10:08:00] [DEBUG] [ESE] Parsing SID [EZN1A] - sid: [EZN1A] / trans : []
[2026-09-28 10:08:00] [DEBUG] [ESE] Stored SID [EZN1A] and transition: []
[2026-09-28 10:08:00] [DEBUG] [ESE] Parsing SID [EZN1B] - sid: [EZN1B] / trans : []
[2026-09-28 10:08:00] [DEBUG] [ESE] Stored SID [EZN1B] and transition: []
[2026-09-28 10:08:00] [DEBUG] [ESE] Parsing SID [EZN1C] - sid: [EZN1C] / trans : []
[2026-09-28 10:08:00] [DEBUG] [ESE] Stored SID [EZN1C] and transition: []
[2026-09-28 10:08:00] [DEBUG] [ESE] Parsing SID [EZN1D] - sid: [EZN1D] / trans : []
[2026-09-28 10:08:00] [DEBUG] [ESE] Stored SID [EZN1D] and transition: []
[2026-09-28 10:08:00] [DEBUG] [ESE] Parsing SID [KONUK1A] - sid: [KONUK1A] / trans : []
[2026-09-28 10:08:00] [DEBUG] [ESE] Stored SID [KONUK1A] and transition: []
[2026-09-28 10:08:00] [DEBUG] [ESE] Parsing SID [KONUK1B] - sid: [KONUK1B] / trans : []
[2026-09-28 10:08:00] [DEBUG] [ESE] Stored SID [KONUK1B] and transition: []
[2026-09-28 10:08:00] [DEBUG] [ESE] Parsing SID [KONUK1C] - sid: [KONUK1C] / trans : []
[2026-09-28 10:08:00] [DEBUG] [ESE] Stored SID [KONUK1C] and transition: []
[2026-09-28 10:08:00] [DEBUG] [ESE] Parsing SID [KONUK1D] - sid: [KONUK1D] / trans : []
[2026-09-28 10:08:00] [DEBUG] [ESE] Stored SID [KONUK1D] and transition: []
[2026-09-28 10:08:00] [DEBUG] [ESE] Parsing SID [ORHAN1A] - sid: [ORHAN1A] / trans : []
[2026-09-28 10:08:00] [DEBUG] [ESE] Stored SID [ORHAN1A] and transition: []
[2026-09-28 10:08:00] [DEBUG] [ESE] Parsing SID [ORHAN1B] - sid: [ORHAN1B] / trans : []
[2026-09-28 10:08:00] [DEBUG] [ESE] Stored SID [ORHAN1B] and transition: []
[2026-09-28 10:08:00] [DEBUG] [ESE] Parsing SID [ORHAN1C] - sid: [ORHAN1C] / trans : []
[2026-09-28 10:08:00] [DEBUG] [ESE] Stored SID [ORHAN1C] and transition: []
[2026-09-28 10:08:00] [DEBUG] [ESE] Parsing SID [ORHAN1D] - sid: [ORHAN1D] / trans : []
[2026-09-28 10:08:00] [DEBUG] [ESE] Stored SID [ORHAN1D] and transition: []
[2026-09-28 10:08:00] [DEBUG] [ESE] Parsing SID [EZN1E] - sid: [EZN1E] / trans : []
[2026-09-28 10:08:00] [DEBUG] [ESE] Stored SID [EZN1E] and transition: []
[2026-09-28 10:08:00] [DEBUG] [ESE] Parsing SID [EZN1F] - sid: [EZN1F] / trans : []
[2026-09-28 10:08:00] [DEBUG] [ESE] Stored SID [EZN1F] and transition: []
[2026-09-28 10:08:00] [DEBUG] [ESE] Parsing SID [KONUK1E] - sid: [KONUK1E] / trans : []
[2026-09-28 10:08:00] [DEBUG] [ESE] Stored SID [KONUK1E] and transition: []
[2026-09-28 10:08:00] [DEBUG] [ESE] Parsing SID [KONUK1F] - sid: [KONUK1F] / trans : []
[2026-09-28 10:08:00] [DEBUG] [ESE] Stored SID [KONUK1F] and transition: []
[2026-09-28 10:08:00] [DEBUG] [ESE] Parsing SID [ORHAN1E] - sid: [ORHAN1E] / trans : []
[2026-09-28 10:08:00] [DEBUG] [ESE] Stored SID [ORHAN1E] and transition: []
[2026-09-28 10:08:00] [DEBUG] [ESE] Parsing SID [ORHAN1F] - sid: [ORHAN1F] / trans : []
[2026-09-28 10:08:00] [DEBUG] [ESE] Stored SID [ORHAN1F] and transition: []
[2026-09-28 10:08:00] [DEBUG] [ESE] Parsing SID [ALVAR1L] - sid: [ALVAR1L] / trans : []
[2026-09-28 10:08:00] [DEBUG] [ESE] Stored SID [ALVAR1L] and transition: []
[2026-09-28 10:08:00] [DEBUG] [ESE] Parsing SID [DAMAT1L] - sid: [DAMAT1L] / trans : []
[2026-09-28 10:08:00] [DEBUG] [ESE] Stored SID [DAMAT1L] and transition: []
[2026-09-28 10:08:00] [DEBUG] [ESE] Parsing SID [GELIN1L] - sid: [GELIN1L] / trans : []
[2026-09-28 10:08:00] [DEBUG] [ESE] Stored SID [GELIN1L] and transition: []
[2026-09-28 10:08:00] [DEBUG] [ESE] Parsing SID [HOCAM1L] - sid: [HOCAM1L] / trans : []
[2026-09-28 10:08:00] [DEBUG] [ESE] Stored SID [HOCAM1L] and transition: []
[2026-09-28 10:08:00] [DEBUG] [ESE] Parsing SID [SUSUZ1L] - sid: [SUSUZ1L] / trans : []
[2026-09-28 10:08:00] [DEBUG] [ESE] Stored SID [SUSUZ1L] and transition: []
[2026-09-28 10:08:00] [DEBUG] [ESE] Parsing SID [TAVUS1L] - sid: [TAVUS1L] / trans : []
[2026-09-28 10:08:00] [DEBUG] [ESE] Stored SID [TAVUS1L] and transition: []
[2026-09-28 10:08:00] [DEBUG] [ESE] Parsing SID [TURNA1L] - sid: [TURNA1L] / trans : []
[2026-09-28 10:08:00] [DEBUG] [ESE] Stored SID [TURNA1L] and transition: []
[2026-09-28 10:08:00] [DEBUG] [ESE] Parsing SID [VIRAN1L] - sid: [VIRAN1L] / trans : []
[2026-09-28 10:08:00] [DEBUG] [ESE] Stored SID [VIRAN1L] and transition: []
[2026-09-28 10:08:00] [DEBUG] [ESE] Parsing SID [ALVAR1Y] - sid: [ALVAR1Y] / trans : []
[2026-09-28 10:08:00] [DEBUG] [ESE] Stored SID [ALVAR1Y] and transition: []
[2026-09-28 10:08:00] [DEBUG] [ESE] Parsing SID [DAMAT1Y] - sid: [DAMAT1Y] / trans : []
[2026-09-28 10:08:00] [DEBUG] [ESE] Stored SID [DAMAT1Y] and transition: []
[2026-09-28 10:08:00] [DEBUG] [ESE] Parsing SID [GELIN1Y] - sid: [GELIN1Y] / trans : []
[2026-09-28 10:08:00] [DEBUG] [ESE] Stored SID [GELIN1Y] and transition: []
[2026-09-28 10:08:00] [DEBUG] [ESE] Parsing SID [HOCAM1Y] - sid: [HOCAM1Y] / trans : []
[2026-09-28 10:08:00] [DEBUG] [ESE] Stored SID [HOCAM1Y] and transition: []
[2026-09-28 10:08:00] [DEBUG] [ESE] Parsing SID [SUSUZ1Y] - sid: [SUSUZ1Y] / trans : []
[2026-09-28 10:08:00] [DEBUG] [ESE] Stored SID [SUSUZ1Y] and transition: []
[2026-09-28 10:08:00] [DEBUG] [ESE] Parsing SID [TAVUS1Y] - sid: [TAVUS1Y] / trans : []
[2026-09-28 10:08:00] [DEBUG] [ESE] Stored SID [TAVUS1Y] and transition: []
[2026-09-28 10:08:00] [DEBUG] [ESE] Parsing SID [TURNA1Y] - sid: [TURNA1Y] / trans : []
[2026-09-28 10:08:00] [DEBUG] [ESE] Stored SID [TURNA1Y] and transition: []
[2026-09-28 10:08:00] [DEBUG] [ESE] Parsing SID [VIRAN1Y] - sid: [VIRAN1Y] / trans : []
[2026-09-28 10:08:00] [DEBUG] [ESE] Stored SID [VIRAN1Y] and transition: []
[2026-09-28 10:08:00] [DEBUG] [ESE] Parsing SID [ALVAR1L] - sid: [ALVAR1L] / trans : []
[2026-09-28 10:08:00] [DEBUG] [ESE] Stored SID [ALVAR1L] and transition: []
[2026-09-28 10:08:00] [DEBUG] [ESE] Parsing SID [DAMAT1L] - sid: [DAMAT1L] / trans : []
[2026-09-28 10:08:00] [DEBUG] [ESE] Stored SID [DAMAT1L] and transition: []
[2026-09-28 10:08:00] [DEBUG] [ESE] Parsing SID [GELIN1L] - sid: [GELIN1L] / trans : []
[2026-09-28 10:08:00] [DEBUG] [ESE] Stored SID [GELIN1L] and transition: []
[2026-09-28 10:08:00] [DEBUG] [ESE] Parsing SID [HOCAM1L] - sid: [HOCAM1L] / trans : []
[2026-09-28 10:08:00] [DEBUG] [ESE] Stored SID [HOCAM1L] and transition: []
[2026-09-28 10:08:00] [DEBUG] [ESE] Parsing SID [SUSUZ1L] - sid: [SUSUZ1L] / trans : []
[2026-09-28 10:08:00] [DEBUG] [ESE] Stored SID [SUSUZ1L] and transition: []
[2026-09-28 10:08:00] [DEBUG] [ESE] Parsing SID [TAVUS1L] - sid: [TAVUS1L] / trans : []
[2026-09-28 10:08:00] [DEBUG] [ESE] Stored SID [TAVUS1L] and transition: []
[2026-09-28 10:08:00] [DEBUG] [ESE] Parsing SID [TURNA1L] - sid: [TURNA1L] / trans : []
[2026-09-28 10:08:00] [DEBUG] [ESE] Stored SID [TURNA1L] and transition: []
[2026-09-28 10:08:00] [DEBUG] [ESE] Parsing SID [VIRAN1L] - sid: [VIRAN1L] / trans : []
[2026-09-28 10:08:00] [DEBUG] [ESE] Stored SID [VIRAN1L] and transition: []
[2026-09-28 10:08:00] [DEBUG] [ESE] Parsing SID [ALVAR1H] - sid: [ALVAR1H] / trans : []
[2026-09-28 10:08:00] [DEBUG] [ESE] Stored SID [ALVAR1H] and transition: []
[2026-09-28 10:08:00] [DEBUG] [ESE] Parsing SID [DAMAT1H] - sid: [DAMAT1H] / trans : []
[2026-09-28 10:08:00] [DEBUG] [ESE] Stored SID [DAMAT1H] and transition: []
[2026-09-28 10:08:00] [DEBUG] [ESE] Parsing SID [GELIN1H] - sid: [GELIN1H] / trans : []
[2026-09-28 10:08:00] [DEBUG] [ESE] Stored SID [GELIN1H] and transition: []
[2026-09-28 10:08:00] [DEBUG] [ESE] Parsing SID [HOCAM1H] - sid: [HOCAM1H] / trans : []
[2026-09-28 10:08:00] [DEBUG] [ESE] Stored SID [HOCAM1H] and transition: []
[2026-09-28 10:08:00] [DEBUG] [ESE] Parsing SID [SUSUZ1H] - sid: [SUSUZ1H] / trans : []
[2026-09-28 10:08:00] [DEBUG] [ESE] Stored SID [SUSUZ1H] and transition: []
[2026-09-28 10:08:00] [DEBUG] [ESE] Parsing SID [TAVUS1H] - sid: [TAVUS1H] / trans : []
[2026-09-28 10:08:00] [DEBUG] [ESE] Stored SID [TAVUS1H] and transition: []
[2026-09-28 10:08:00] [DEBUG] [ESE] Parsing SID [TURNA1H] - sid: [TURNA1H] / trans : []
[2026-09-28 10:08:00] [DEBUG] [ESE] Stored SID [TURNA1H] and transition: []
[2026-09-28 10:08:00] [DEBUG] [ESE] Parsing SID [VIRAN1H] - sid: [VIRAN1H] / trans : []
[2026-09-28 10:08:00] [DEBUG] [ESE] Stored SID [VIRAN1H] and transition: []
[2026-09-28 10:08:00] [DEBUG] [ESE] Parsing SID [ALVAR1H] - sid: [ALVAR1H] / trans : []
[2026-09-28 10:08:00] [DEBUG] [ESE] Stored SID [ALVAR1H] and transition: []
[2026-09-28 10:08:00] [DEBUG] [ESE] Parsing SID [DAMAT1H] - sid: [DAMAT1H] / trans : []
[2026-09-28 10:08:00] [DEBUG] [ESE] Stored SID [DAMAT1H] and transition: []
[2026-09-28 10:08:00] [DEBUG] [ESE] Parsing SID [GELIN1H] - sid: [GELIN1H] / trans : []
[2026-09-28 10:08:00] [DEBUG] [ESE] Stored SID [GELIN1H] and transition: []
[2026-09-28 10:08:00] [DEBUG] [ESE] Parsing SID [HOCAM1H] - sid: [HOCAM1H] / trans : []
[2026-09-28 10:08:00] [DEBUG] [ESE] Stored SID [HOCAM1H] and transition: []
[2026-09-28 10:08:00] [DEBUG] [ESE] Parsing SID [SUSUZ1H] - sid: [SUSUZ1H] / trans : []
[2026-09-28 10:08:00] [DEBUG] [ESE] Stored SID [SUSUZ1H] and transition: []
[2026-09-28 10:08:00] [DEBUG] [ESE] Parsing SID [TAVUS1H] - sid: [TAVUS1H] / trans : []
[2026-09-28 10:08:00] [DEBUG] [ESE] Stored SID [TAVUS1H] and transition: []
[2026-09-28 10:08:00] [DEBUG] [ESE] Parsing SID [TURNA1H] - sid: [TURNA1H] / trans : []
[2026-09-28 10:08:00] [DEBUG] [ESE] Stored SID [TURNA1H] and transition: []
[2026-09-28 10:08:00] [DEBUG] [ESE] Parsing SID [VIRAN1H] - sid: [VIRAN1H] / trans : []
[2026-09-28 10:08:00] [DEBUG] [ESE] Stored SID [VIRAN1H] and transition: []
[2026-09-28 10:08:00] [DEBUG] [ESE] Parsing SID [ALVAR1B] - sid: [ALVAR1B] / trans : []
[2026-09-28 10:08:00] [DEBUG] [ESE] Stored SID [ALVAR1B] and transition: []
[2026-09-28 10:08:00] [DEBUG] [ESE] Parsing SID [DAMAT1B] - sid: [DAMAT1B] / trans : []
[2026-09-28 10:08:00] [DEBUG] [ESE] Stored SID [DAMAT1B] and transition: []
[2026-09-28 10:08:00] [DEBUG] [ESE] Parsing SID [GELIN1B] - sid: [GELIN1B] / trans : []
[2026-09-28 10:08:00] [DEBUG] [ESE] Stored SID [GELIN1B] and transition: []
[2026-09-28 10:08:00] [DEBUG] [ESE] Parsing SID [HOCAM1B] - sid: [HOCAM1B] / trans : []
[2026-09-28 10:08:00] [DEBUG] [ESE] Stored SID [HOCAM1B] and transition: []
[2026-09-28 10:08:00] [DEBUG] [ESE] Parsing SID [SUSUZ1B] - sid: [SUSUZ1B] / trans : []
[2026-09-28 10:08:00] [DEBUG] [ESE] Stored SID [SUSUZ1B] and transition: []
[2026-09-28 10:08:00] [DEBUG] [ESE] Parsing SID [TAVUS1B] - sid: [TAVUS1B] / trans : []
[2026-09-28 10:08:00] [DEBUG] [ESE] Stored SID [TAVUS1B] and transition: []
[2026-09-28 10:08:00] [DEBUG] [ESE] Parsing SID [TURNA1B] - sid: [TURNA1B] / trans : []
[2026-09-28 10:08:00] [DEBUG] [ESE] Stored SID [TURNA1B] and transition: []
[2026-09-28 10:08:00] [DEBUG] [ESE] Parsing SID [VIRAN1B] - sid: [VIRAN1B] / trans : []
[2026-09-28 10:08:00] [DEBUG] [ESE] Stored SID [VIRAN1B] and transition: []
[2026-09-28 10:08:00] [DEBUG] [ESE] Parsing SID [EDASU1A] - sid: [EDASU1A] / trans : []
[2026-09-28 10:08:00] [DEBUG] [ESE] Stored SID [EDASU1A] and transition: []
[2026-09-28 10:08:00] [DEBUG] [ESE] Parsing SID [EKPOS1A] - sid: [EKPOS1A] / trans : []
[2026-09-28 10:08:00] [DEBUG] [ESE] Stored SID [EKPOS1A] and transition: []
[2026-09-28 10:08:00] [DEBUG] [ESE] Parsing SID [NIVLA1A] - sid: [NIVLA1A] / trans : []
[2026-09-28 10:08:00] [DEBUG] [ESE] Stored SID [NIVLA1A] and transition: []
[2026-09-28 10:08:00] [DEBUG] [ESE] Parsing SID [EDASU1A] - sid: [EDASU1A] / trans : []
[2026-09-28 10:08:00] [DEBUG] [ESE] Stored SID [EDASU1A] and transition: []
[2026-09-28 10:08:00] [DEBUG] [ESE] Parsing SID [EKPOS1A] - sid: [EKPOS1A] / trans : []
[2026-09-28 10:08:00] [DEBUG] [ESE] Stored SID [EKPOS1A] and transition: []
[2026-09-28 10:08:00] [DEBUG] [ESE] Parsing SID [NIVLA1A] - sid: [NIVLA1A] / trans : []
[2026-09-28 10:08:00] [DEBUG] [ESE] Stored SID [NIVLA1A] and transition: []
[2026-09-28 10:08:00] [DEBUG] [ESE] Parsing SID [LUMEX1L] - sid: [LUMEX1L] / trans : []
[2026-09-28 10:08:00] [DEBUG] [ESE] Stored SID [LUMEX1L] and transition: []
[2026-09-28 10:08:00] [DEBUG] [ESE] Parsing SID [RAHMA1L] - sid: [RAHMA1L] / trans : []
[2026-09-28 10:08:00] [DEBUG] [ESE] Stored SID [RAHMA1L] and transition: []
[2026-09-28 10:08:00] [DEBUG] [ESE] Parsing SID [REBLO1L] - sid: [REBLO1L] / trans : []
[2026-09-28 10:08:00] [DEBUG] [ESE] Stored SID [REBLO1L] and transition: []
[2026-09-28 10:08:00] [DEBUG] [ESE] Parsing SID [EDASU1B] - sid: [EDASU1B] / trans : []
[2026-09-28 10:08:00] [DEBUG] [ESE] Stored SID [EDASU1B] and transition: []
[2026-09-28 10:08:00] [DEBUG] [ESE] Parsing SID [EKPOS1B] - sid: [EKPOS1B] / trans : []
[2026-09-28 10:08:00] [DEBUG] [ESE] Stored SID [EKPOS1B] and transition: []
[2026-09-28 10:08:00] [DEBUG] [ESE] Parsing SID [NIVLA1B] - sid: [NIVLA1B] / trans : []
[2026-09-28 10:08:00] [DEBUG] [ESE] Stored SID [NIVLA1B] and transition: []
[2026-09-28 10:08:00] [DEBUG] [ESE] Parsing SID [LUMEX1M] - sid: [LUMEX1M] / trans : []
[2026-09-28 10:08:00] [DEBUG] [ESE] Stored SID [LUMEX1M] and transition: []
[2026-09-28 10:08:00] [DEBUG] [ESE] Parsing SID [RAHMA1M] - sid: [RAHMA1M] / trans : []
[2026-09-28 10:08:00] [DEBUG] [ESE] Stored SID [RAHMA1M] and transition: []
[2026-09-28 10:08:00] [DEBUG] [ESE] Parsing SID [EDASU1B] - sid: [EDASU1B] / trans : []
[2026-09-28 10:08:00] [DEBUG] [ESE] Stored SID [EDASU1B] and transition: []
[2026-09-28 10:08:00] [DEBUG] [ESE] Parsing SID [EKPOS1B] - sid: [EKPOS1B] / trans : []
[2026-09-28 10:08:00] [DEBUG] [ESE] Stored SID [EKPOS1B] and transition: []
[2026-09-28 10:08:00] [DEBUG] [ESE] Parsing SID [NIVLA1B] - sid: [NIVLA1B] / trans : []
[2026-09-28 10:08:00] [DEBUG] [ESE] Stored SID [NIVLA1B] and transition: []
[2026-09-28 10:08:00] [DEBUG] [ESE] Parsing SID [ATPUM1U] - sid: [ATPUM1U] / trans : []
[2026-09-28 10:08:00] [DEBUG] [ESE] Stored SID [ATPUM1U] and transition: []
[2026-09-28 10:08:00] [DEBUG] [ESE] Parsing SID [ERIDU1U] - sid: [ERIDU1U] / trans : []
[2026-09-28 10:08:00] [DEBUG] [ESE] Stored SID [ERIDU1U] and transition: []
[2026-09-28 10:08:00] [DEBUG] [ESE] Parsing SID [ERIDU1X] - sid: [ERIDU1X] / trans : []
[2026-09-28 10:08:00] [DEBUG] [ESE] Stored SID [ERIDU1X] and transition: []
[2026-09-28 10:08:00] [DEBUG] [ESE] Parsing SID [NETPU1U] - sid: [NETPU1U] / trans : []
[2026-09-28 10:08:00] [DEBUG] [ESE] Stored SID [NETPU1U] and transition: []
[2026-09-28 10:08:00] [DEBUG] [ESE] Parsing SID [NIVAX1U] - sid: [NIVAX1U] / trans : []
[2026-09-28 10:08:00] [DEBUG] [ESE] Stored SID [NIVAX1U] and transition: []
[2026-09-28 10:08:00] [DEBUG] [ESE] Parsing SID [TEMEL1U] - sid: [TEMEL1U] / trans : []
[2026-09-28 10:08:00] [DEBUG] [ESE] Stored SID [TEMEL1U] and transition: []
[2026-09-28 10:08:00] [DEBUG] [ESE] Parsing SID [ATPUM1A] - sid: [ATPUM1A] / trans : []
[2026-09-28 10:08:00] [DEBUG] [ESE] Stored SID [ATPUM1A] and transition: []
[2026-09-28 10:08:00] [DEBUG] [ESE] Parsing SID [BAVTI1A] - sid: [BAVTI1A] / trans : []
[2026-09-28 10:08:00] [DEBUG] [ESE] Stored SID [BAVTI1A] and transition: []
[2026-09-28 10:08:00] [DEBUG] [ESE] Parsing SID [NETPU1A] - sid: [NETPU1A] / trans : []
[2026-09-28 10:08:00] [DEBUG] [ESE] Stored SID [NETPU1A] and transition: []
[2026-09-28 10:08:00] [DEBUG] [ESE] Parsing SID [NIVAX1A] - sid: [NIVAX1A] / trans : []
[2026-09-28 10:08:00] [DEBUG] [ESE] Stored SID [NIVAX1A] and transition: []
[2026-09-28 10:08:00] [DEBUG] [ESE] Parsing SID [PIXAP1A] - sid: [PIXAP1A] / trans : []
[2026-09-28 10:08:00] [DEBUG] [ESE] Stored SID [PIXAP1A] and transition: []
[2026-09-28 10:08:00] [DEBUG] [ESE] Parsing SID [TEMEL1A] - sid: [TEMEL1A] / trans : []
[2026-09-28 10:08:00] [DEBUG] [ESE] Stored SID [TEMEL1A] and transition: []
[2026-09-28 10:08:00] [DEBUG] [ESE] Parsing SID [TOLUN1A] - sid: [TOLUN1A] / trans : []
[2026-09-28 10:08:00] [DEBUG] [ESE] Stored SID [TOLUN1A] and transition: []
[2026-09-28 10:08:00] [DEBUG] [ESE] Parsing SID [ATPUM1M] - sid: [ATPUM1M] / trans : []
[2026-09-28 10:08:00] [DEBUG] [ESE] Stored SID [ATPUM1M] and transition: []
[2026-09-28 10:08:00] [DEBUG] [ESE] Parsing SID [ERIDU1M] - sid: [ERIDU1M] / trans : []
[2026-09-28 10:08:00] [DEBUG] [ESE] Stored SID [ERIDU1M] and transition: []
[2026-09-28 10:08:00] [DEBUG] [ESE] Parsing SID [NETPU1M] - sid: [NETPU1M] / trans : []
[2026-09-28 10:08:00] [DEBUG] [ESE] Stored SID [NETPU1M] and transition: []
[2026-09-28 10:08:00] [DEBUG] [ESE] Parsing SID [NIVAX1M] - sid: [NIVAX1M] / trans : []
[2026-09-28 10:08:00] [DEBUG] [ESE] Stored SID [NIVAX1M] and transition: []
[2026-09-28 10:08:00] [DEBUG] [ESE] Parsing SID [TEMEL1M] - sid: [TEMEL1M] / trans : []
[2026-09-28 10:08:00] [DEBUG] [ESE] Stored SID [TEMEL1M] and transition: []
[2026-09-28 10:08:00] [DEBUG] [ESE] Parsing SID [ABVEX1G] - sid: [ABVEX1G] / trans : []
[2026-09-28 10:08:00] [DEBUG] [ESE] Stored SID [ABVEX1G] and transition: []
[2026-09-28 10:08:00] [DEBUG] [ESE] Parsing SID [ARLAT1G] - sid: [ARLAT1G] / trans : []
[2026-09-28 10:08:00] [DEBUG] [ESE] Stored SID [ARLAT1G] and transition: []
[2026-09-28 10:08:00] [DEBUG] [ESE] Parsing SID [ATPUM1G] - sid: [ATPUM1G] / trans : []
[2026-09-28 10:08:00] [DEBUG] [ESE] Stored SID [ATPUM1G] and transition: []
[2026-09-28 10:08:00] [DEBUG] [ESE] Parsing SID [BAVTI1G] - sid: [BAVTI1G] / trans : []
[2026-09-28 10:08:00] [DEBUG] [ESE] Stored SID [BAVTI1G] and transition: []
[2026-09-28 10:08:00] [DEBUG] [ESE] Parsing SID [DELEL1G] - sid: [DELEL1G] / trans : []
[2026-09-28 10:08:00] [DEBUG] [ESE] Stored SID [DELEL1G] and transition: []
[2026-09-28 10:08:00] [DEBUG] [ESE] Parsing SID [NIVAX1G] - sid: [NIVAX1G] / trans : []
[2026-09-28 10:08:00] [DEBUG] [ESE] Stored SID [NIVAX1G] and transition: []
[2026-09-28 10:08:00] [DEBUG] [ESE] Parsing SID [PIXAP1G] - sid: [PIXAP1G] / trans : []
[2026-09-28 10:08:00] [DEBUG] [ESE] Stored SID [PIXAP1G] and transition: []
[2026-09-28 10:08:00] [DEBUG] [ESE] Parsing SID [TOLUN1G] - sid: [TOLUN1G] / trans : []
[2026-09-28 10:08:00] [DEBUG] [ESE] Stored SID [TOLUN1G] and transition: []
[2026-09-28 10:08:00] [DEBUG] [ESE] Parsing SID [BAYIR1G] - sid: [BAYIR1G] / trans : []
[2026-09-28 10:08:00] [DEBUG] [ESE] Stored SID [BAYIR1G] and transition: []
[2026-09-28 10:08:00] [DEBUG] [ESE] Parsing SID [BEYAZ1F] - sid: [BEYAZ1F] / trans : []
[2026-09-28 10:08:00] [DEBUG] [ESE] Stored SID [BEYAZ1F] and transition: []
[2026-09-28 10:08:00] [DEBUG] [ESE] Parsing SID [BEYAZ1H] - sid: [BEYAZ1H] / trans : []
[2026-09-28 10:08:00] [DEBUG] [ESE] Stored SID [BEYAZ1H] and transition: []
[2026-09-28 10:08:00] [DEBUG] [ESE] Parsing SID [BEYAZ1K] - sid: [BEYAZ1K] / trans : []
[2026-09-28 10:08:00] [DEBUG] [ESE] Stored SID [BEYAZ1K] and transition: []
[2026-09-28 10:08:00] [DEBUG] [ESE] Parsing SID [BOZLO1U] - sid: [BOZLO1U] / trans : []
[2026-09-28 10:08:00] [DEBUG] [ESE] Stored SID [BOZLO1U] and transition: []
[2026-09-28 10:08:00] [DEBUG] [ESE] Parsing SID [DORUK1G] - sid: [DORUK1G] / trans : []
[2026-09-28 10:08:00] [DEBUG] [ESE] Stored SID [DORUK1G] and transition: []
[2026-09-28 10:08:00] [DEBUG] [ESE] Parsing SID [ESENK1F] - sid: [ESENK1F] / trans : []
[2026-09-28 10:08:00] [DEBUG] [ESE] Stored SID [ESENK1F] and transition: []
[2026-09-28 10:08:00] [DEBUG] [ESE] Parsing SID [ESENK1H] - sid: [ESENK1H] / trans : []
[2026-09-28 10:08:00] [DEBUG] [ESE] Stored SID [ESENK1H] and transition: []
[2026-09-28 10:08:00] [DEBUG] [ESE] Parsing SID [ZELSU1F] - sid: [ZELSU1F] / trans : []
[2026-09-28 10:08:00] [DEBUG] [ESE] Stored SID [ZELSU1F] and transition: []
[2026-09-28 10:08:00] [DEBUG] [ESE] Parsing SID [ZELSU1H] - sid: [ZELSU1H] / trans : []
[2026-09-28 10:08:00] [DEBUG] [ESE] Stored SID [ZELSU1H] and transition: []
[2026-09-28 10:08:00] [DEBUG] [ESE] Parsing SID [BAYIR1Z] - sid: [BAYIR1Z] / trans : []
[2026-09-28 10:08:00] [DEBUG] [ESE] Stored SID [BAYIR1Z] and transition: []
[2026-09-28 10:08:00] [DEBUG] [ESE] Parsing SID [DORUK1Z] - sid: [DORUK1Z] / trans : []
[2026-09-28 10:08:00] [DEBUG] [ESE] Stored SID [DORUK1Z] and transition: []
[2026-09-28 10:08:00] [DEBUG] [ESE] Parsing SID [BAYIR1D] - sid: [BAYIR1D] / trans : []
[2026-09-28 10:08:00] [DEBUG] [ESE] Stored SID [BAYIR1D] and transition: []
[2026-09-28 10:08:00] [DEBUG] [ESE] Parsing SID [BEYAZ1C] - sid: [BEYAZ1C] / trans : []
[2026-09-28 10:08:00] [DEBUG] [ESE] Stored SID [BEYAZ1C] and transition: []
[2026-09-28 10:08:00] [DEBUG] [ESE] Parsing SID [BEYAZ1L] - sid: [BEYAZ1L] / trans : []
[2026-09-28 10:08:00] [DEBUG] [ESE] Stored SID [BEYAZ1L] and transition: []
[2026-09-28 10:08:00] [DEBUG] [ESE] Parsing SID [BEYAZ1P] - sid: [BEYAZ1P] / trans : []
[2026-09-28 10:08:00] [DEBUG] [ESE] Stored SID [BEYAZ1P] and transition: []
[2026-09-28 10:08:00] [DEBUG] [ESE] Parsing SID [BOZLO1T] - sid: [BOZLO1T] / trans : []
[2026-09-28 10:08:00] [DEBUG] [ESE] Stored SID [BOZLO1T] and transition: []
[2026-09-28 10:08:00] [DEBUG] [ESE] Parsing SID [DORUK1D] - sid: [DORUK1D] / trans : []
[2026-09-28 10:08:00] [DEBUG] [ESE] Stored SID [DORUK1D] and transition: []
[2026-09-28 10:08:00] [DEBUG] [ESE] Parsing SID [ESENK1C] - sid: [ESENK1C] / trans : []
[2026-09-28 10:08:00] [DEBUG] [ESE] Stored SID [ESENK1C] and transition: []
[2026-09-28 10:08:00] [DEBUG] [ESE] Parsing SID [ESENK1L] - sid: [ESENK1L] / trans : []
[2026-09-28 10:08:00] [DEBUG] [ESE] Stored SID [ESENK1L] and transition: []
[2026-09-28 10:08:00] [DEBUG] [ESE] Parsing SID [ZELSU1C] - sid: [ZELSU1C] / trans : []
[2026-09-28 10:08:00] [DEBUG] [ESE] Stored SID [ZELSU1C] and transition: []
[2026-09-28 10:08:00] [DEBUG] [ESE] Parsing SID [ZELSU1L] - sid: [ZELSU1L] / trans : []
[2026-09-28 10:08:00] [DEBUG] [ESE] Stored SID [ZELSU1L] and transition: []
[2026-09-28 10:08:00] [DEBUG] [ESE] Parsing SID [DYB1F] - sid: [DYB1F] / trans : []
[2026-09-28 10:08:00] [DEBUG] [ESE] Stored SID [DYB1F] and transition: []
[2026-09-28 10:08:00] [DEBUG] [ESE] Parsing SID [DYB1P] - sid: [DYB1P] / trans : []
[2026-09-28 10:08:00] [DEBUG] [ESE] Stored SID [DYB1P] and transition: []
[2026-09-28 10:08:00] [DEBUG] [ESE] Parsing SID [LEKRO1E] - sid: [LEKRO1E] / trans : []
[2026-09-28 10:08:00] [DEBUG] [ESE] Stored SID [LEKRO1E] and transition: []
[2026-09-28 10:08:00] [DEBUG] [ESE] Parsing SID [LEKRO1F] - sid: [LEKRO1F] / trans : []
[2026-09-28 10:08:00] [DEBUG] [ESE] Stored SID [LEKRO1F] and transition: []
[2026-09-28 10:08:00] [DEBUG] [ESE] Parsing SID [SUMAP1E] - sid: [SUMAP1E] / trans : []
[2026-09-28 10:08:00] [DEBUG] [ESE] Stored SID [SUMAP1E] and transition: []
[2026-09-28 10:08:00] [DEBUG] [ESE] Parsing SID [SUMAP1F] - sid: [SUMAP1F] / trans : []
[2026-09-28 10:08:00] [DEBUG] [ESE] Stored SID [SUMAP1F] and transition: []
[2026-09-28 10:08:00] [DEBUG] [ESE] Parsing SID [DYB1G] - sid: [DYB1G] / trans : []
[2026-09-28 10:08:00] [DEBUG] [ESE] Stored SID [DYB1G] and transition: []
[2026-09-28 10:08:00] [DEBUG] [ESE] Parsing SID [DYB1H] - sid: [DYB1H] / trans : []
[2026-09-28 10:08:00] [DEBUG] [ESE] Stored SID [DYB1H] and transition: []
[2026-09-28 10:08:00] [DEBUG] [ESE] Parsing SID [LEKRO1G] - sid: [LEKRO1G] / trans : []
[2026-09-28 10:08:00] [DEBUG] [ESE] Stored SID [LEKRO1G] and transition: []
[2026-09-28 10:08:00] [DEBUG] [ESE] Parsing SID [LEKRO1H] - sid: [LEKRO1H] / trans : []
[2026-09-28 10:08:00] [DEBUG] [ESE] Stored SID [LEKRO1H] and transition: []
[2026-09-28 10:08:00] [DEBUG] [ESE] Parsing SID [SUMAP1G] - sid: [SUMAP1G] / trans : []
[2026-09-28 10:08:00] [DEBUG] [ESE] Stored SID [SUMAP1G] and transition: []
[2026-09-28 10:08:00] [DEBUG] [ESE] Parsing SID [SUMAP1H] - sid: [SUMAP1H] / trans : []
[2026-09-28 10:08:00] [DEBUG] [ESE] Stored SID [SUMAP1H] and transition: []
[2026-09-28 10:08:00] [DEBUG] [ESE] Parsing SID [BAYIR1A] - sid: [BAYIR1A] / trans : []
[2026-09-28 10:08:00] [DEBUG] [ESE] Stored SID [BAYIR1A] and transition: []
[2026-09-28 10:08:00] [DEBUG] [ESE] Parsing SID [VARTO1A] - sid: [VARTO1A] / trans : []
[2026-09-28 10:08:00] [DEBUG] [ESE] Stored SID [VARTO1A] and transition: []
[2026-09-28 10:08:00] [DEBUG] [ESE] Parsing SID [BAYIR1B] - sid: [BAYIR1B] / trans : []
[2026-09-28 10:08:00] [DEBUG] [ESE] Stored SID [BAYIR1B] and transition: []
[2026-09-28 10:08:00] [DEBUG] [ESE] Parsing SID [VARTO1B] - sid: [VARTO1B] / trans : []
[2026-09-28 10:08:00] [DEBUG] [ESE] Stored SID [VARTO1B] and transition: []
[2026-09-28 10:08:00] [DEBUG] [ESE] Parsing SID [ABKAL1M] - sid: [ABKAL1M] / trans : []
[2026-09-28 10:08:00] [DEBUG] [ESE] Stored SID [ABKAL1M] and transition: []
[2026-09-28 10:08:00] [DEBUG] [ESE] Parsing SID [ABKAL1N] - sid: [ABKAL1N] / trans : []
[2026-09-28 10:08:00] [DEBUG] [ESE] Stored SID [ABKAL1N] and transition: []
[2026-09-28 10:08:00] [DEBUG] [ESE] Parsing SID [VAKUL1M] - sid: [VAKUL1M] / trans : []
[2026-09-28 10:08:00] [DEBUG] [ESE] Stored SID [VAKUL1M] and transition: []
[2026-09-28 10:08:00] [DEBUG] [ESE] Parsing SID [VAKUL1N] - sid: [VAKUL1N] / trans : []
[2026-09-28 10:08:00] [DEBUG] [ESE] Stored SID [VAKUL1N] and transition: []
[2026-09-28 10:08:00] [DEBUG] [ESE] Parsing SID [GERZE1U] - sid: [GERZE1U] / trans : []
[2026-09-28 10:08:00] [DEBUG] [ESE] Stored SID [GERZE1U] and transition: []
[2026-09-28 10:08:00] [DEBUG] [ESE] Parsing SID [SUNUM1U] - sid: [SUNUM1U] / trans : []
[2026-09-28 10:08:00] [DEBUG] [ESE] Stored SID [SUNUM1U] and transition: []
[2026-09-28 10:08:00] [DEBUG] [ESE] Parsing SID [GERZE1T] - sid: [GERZE1T] / trans : []
[2026-09-28 10:08:00] [DEBUG] [ESE] Stored SID [GERZE1T] and transition: []
[2026-09-28 10:08:00] [DEBUG] [ESE] Parsing SID [SUNUM1T] - sid: [SUNUM1T] / trans : []
[2026-09-28 10:08:00] [DEBUG] [ESE] Stored SID [SUNUM1T] and transition: []
[2026-09-28 10:08:00] [DEBUG] [ESE] Parsing SID [REMPO1C] - sid: [REMPO1C] / trans : []
[2026-09-28 10:08:00] [DEBUG] [ESE] Stored SID [REMPO1C] and transition: []
[2026-09-28 10:08:00] [DEBUG] [ESE] Parsing SID [REMPO1R] - sid: [REMPO1R] / trans : []
[2026-09-28 10:08:00] [DEBUG] [ESE] Stored SID [REMPO1R] and transition: []
[2026-09-28 10:08:00] [DEBUG] [ESE] Parsing SID [REMPO1P] - sid: [REMPO1P] / trans : []
[2026-09-28 10:08:00] [DEBUG] [ESE] Stored SID [REMPO1P] and transition: []
[2026-09-28 10:08:00] [DEBUG] [ESE] Parsing SID [REMPO1A] - sid: [REMPO1A] / trans : []
[2026-09-28 10:08:00] [DEBUG] [ESE] Stored SID [REMPO1A] and transition: []
[2026-09-28 10:08:00] [DEBUG] [ESE] Parsing SID [INBAT1A] - sid: [INBAT1A] / trans : []
[2026-09-28 10:08:00] [DEBUG] [ESE] Stored SID [INBAT1A] and transition: []
[2026-09-28 10:08:00] [DEBUG] [ESE] Parsing SID [INBAT1B] - sid: [INBAT1B] / trans : []
[2026-09-28 10:08:00] [DEBUG] [ESE] Stored SID [INBAT1B] and transition: []
[2026-09-28 10:08:00] [DEBUG] [ESE] Parsing SID [SONSU1A] - sid: [SONSU1A] / trans : []
[2026-09-28 10:08:00] [DEBUG] [ESE] Stored SID [SONSU1A] and transition: []
[2026-09-28 10:08:00] [DEBUG] [ESE] Parsing SID [ASKER1D] - sid: [ASKER1D] / trans : []
[2026-09-28 10:08:00] [DEBUG] [ESE] Stored SID [ASKER1D] and transition: []
[2026-09-28 10:08:00] [DEBUG] [ESE] Parsing SID [ERH1D] - sid: [ERH1D] / trans : []
[2026-09-28 10:08:00] [DEBUG] [ESE] Stored SID [ERH1D] and transition: []
[2026-09-28 10:08:00] [DEBUG] [ESE] Parsing SID [RASVA1M] - sid: [RASVA1M] / trans : []
[2026-09-28 10:08:00] [DEBUG] [ESE] Stored SID [RASVA1M] and transition: []
[2026-09-28 10:08:00] [DEBUG] [ESE] Parsing SID [SONSU1N] - sid: [SONSU1N] / trans : []
[2026-09-28 10:08:00] [DEBUG] [ESE] Stored SID [SONSU1N] and transition: []
[2026-09-28 10:08:00] [DEBUG] [ESE] Parsing SID [SONSU1B] - sid: [SONSU1B] / trans : []
[2026-09-28 10:08:00] [DEBUG] [ESE] Stored SID [SONSU1B] and transition: []
[2026-09-28 10:08:00] [DEBUG] [ESE] Parsing SID [ASKER1E] - sid: [ASKER1E] / trans : []
[2026-09-28 10:08:00] [DEBUG] [ESE] Stored SID [ASKER1E] and transition: []
[2026-09-28 10:08:00] [DEBUG] [ESE] Parsing SID [ERH1E] - sid: [ERH1E] / trans : []
[2026-09-28 10:08:00] [DEBUG] [ESE] Stored SID [ERH1E] and transition: []
[2026-09-28 10:08:00] [DEBUG] [ESE] Parsing SID [RASVA1N] - sid: [RASVA1N] / trans : []
[2026-09-28 10:08:00] [DEBUG] [ESE] Stored SID [RASVA1N] and transition: []
[2026-09-28 10:08:00] [DEBUG] [ESE] Parsing SID [SONSU1P] - sid: [SONSU1P] / trans : []
[2026-09-28 10:08:00] [DEBUG] [ESE] Stored SID [SONSU1P] and transition: []
[2026-09-28 10:08:00] [DEBUG] [ESE] Parsing SID [ARTAR1P] - sid: [ARTAR1P] / trans : []
[2026-09-28 10:08:00] [DEBUG] [ESE] Stored SID [ARTAR1P] and transition: []
[2026-09-28 10:08:00] [DEBUG] [ESE] Parsing SID [ARTAR1R] - sid: [ARTAR1R] / trans : []
[2026-09-28 10:08:00] [DEBUG] [ESE] Stored SID [ARTAR1R] and transition: []
[2026-09-28 10:08:00] [DEBUG] [ESE] Parsing SID [ARTAR1Y] - sid: [ARTAR1Y] / trans : []
[2026-09-28 10:08:00] [DEBUG] [ESE] Stored SID [ARTAR1Y] and transition: []
[2026-09-28 10:08:00] [DEBUG] [ESE] Parsing SID [ARTAR1Z] - sid: [ARTAR1Z] / trans : []
[2026-09-28 10:08:00] [DEBUG] [ESE] Stored SID [ARTAR1Z] and transition: []
[2026-09-28 10:08:00] [DEBUG] [ESE] Parsing SID [DYB1A] - sid: [DYB1A] / trans : []
[2026-09-28 10:08:00] [DEBUG] [ESE] Stored SID [DYB1A] and transition: []
[2026-09-28 10:08:00] [DEBUG] [ESE] Parsing SID [DYB1B] - sid: [DYB1B] / trans : []
[2026-09-28 10:08:00] [DEBUG] [ESE] Stored SID [DYB1B] and transition: []
[2026-09-28 10:08:00] [DEBUG] [ESE] Parsing SID [DYB1T] - sid: [DYB1T] / trans : []
[2026-09-28 10:08:00] [DEBUG] [ESE] Stored SID [DYB1T] and transition: []
[2026-09-28 10:08:00] [DEBUG] [ESE] Parsing SID [DYB1U] - sid: [DYB1U] / trans : []
[2026-09-28 10:08:00] [DEBUG] [ESE] Stored SID [DYB1U] and transition: []
[2026-09-28 10:08:00] [DEBUG] [ESE] Parsing SID [ARTAR1J] - sid: [ARTAR1J] / trans : []
[2026-09-28 10:08:00] [DEBUG] [ESE] Stored SID [ARTAR1J] and transition: []
[2026-09-28 10:08:00] [DEBUG] [ESE] Parsing SID [ARTAR1N] - sid: [ARTAR1N] / trans : []
[2026-09-28 10:08:00] [DEBUG] [ESE] Stored SID [ARTAR1N] and transition: []
[2026-09-28 10:08:00] [DEBUG] [ESE] Parsing SID [ARTAR1U] - sid: [ARTAR1U] / trans : []
[2026-09-28 10:08:00] [DEBUG] [ESE] Stored SID [ARTAR1U] and transition: []
[2026-09-28 10:08:00] [DEBUG] [ESE] Parsing SID [DYB1D] - sid: [DYB1D] / trans : []
[2026-09-28 10:08:00] [DEBUG] [ESE] Stored SID [DYB1D] and transition: []
[2026-09-28 10:08:00] [DEBUG] [ESE] Parsing SID [DYB1J] - sid: [DYB1J] / trans : []
[2026-09-28 10:08:00] [DEBUG] [ESE] Stored SID [DYB1J] and transition: []
[2026-09-28 10:08:00] [DEBUG] [ESE] Parsing SID [DYB1N] - sid: [DYB1N] / trans : []
[2026-09-28 10:08:00] [DEBUG] [ESE] Stored SID [DYB1N] and transition: []
[2026-09-28 10:08:00] [DEBUG] [ESE] Parsing SID [ARTAR1A] - sid: [ARTAR1A] / trans : []
[2026-09-28 10:08:00] [DEBUG] [ESE] Stored SID [ARTAR1A] and transition: []
[2026-09-28 10:08:00] [DEBUG] [ESE] Parsing SID [ARTAR1C] - sid: [ARTAR1C] / trans : []
[2026-09-28 10:08:00] [DEBUG] [ESE] Stored SID [ARTAR1C] and transition: []
[2026-09-28 10:08:00] [DEBUG] [ESE] Parsing SID [BADEM1A] - sid: [BADEM1A] / trans : []
[2026-09-28 10:08:00] [DEBUG] [ESE] Stored SID [BADEM1A] and transition: []
[2026-09-28 10:08:00] [DEBUG] [ESE] Parsing SID [BADEM1C] - sid: [BADEM1C] / trans : []
[2026-09-28 10:08:00] [DEBUG] [ESE] Stored SID [BADEM1C] and transition: []
[2026-09-28 10:08:00] [DEBUG] [ESE] Parsing SID [EKTEL1A] - sid: [EKTEL1A] / trans : []
[2026-09-28 10:08:00] [DEBUG] [ESE] Stored SID [EKTEL1A] and transition: []
[2026-09-28 10:08:00] [DEBUG] [ESE] Parsing SID [EKTEL1B] - sid: [EKTEL1B] / trans : []
[2026-09-28 10:08:00] [DEBUG] [ESE] Stored SID [EKTEL1B] and transition: []
[2026-09-28 10:08:00] [DEBUG] [ESE] Parsing SID [EKTEL1Y] - sid: [EKTEL1Y] / trans : []
[2026-09-28 10:08:00] [DEBUG] [ESE] Stored SID [EKTEL1Y] and transition: []
[2026-09-28 10:08:00] [DEBUG] [ESE] Parsing SID [EKTEL1Z] - sid: [EKTEL1Z] / trans : []
[2026-09-28 10:08:00] [DEBUG] [ESE] Stored SID [EKTEL1Z] and transition: []
[2026-09-28 10:08:00] [DEBUG] [ESE] Parsing SID [LUTAM1A] - sid: [LUTAM1A] / trans : []
[2026-09-28 10:08:00] [DEBUG] [ESE] Stored SID [LUTAM1A] and transition: []
[2026-09-28 10:08:00] [DEBUG] [ESE] Parsing SID [LUTAM1C] - sid: [LUTAM1C] / trans : []
[2026-09-28 10:08:00] [DEBUG] [ESE] Stored SID [LUTAM1C] and transition: []
[2026-09-28 10:08:00] [DEBUG] [ESE] Parsing SID [MAVES1A] - sid: [MAVES1A] / trans : []
[2026-09-28 10:08:00] [DEBUG] [ESE] Stored SID [MAVES1A] and transition: []
[2026-09-28 10:08:00] [DEBUG] [ESE] Parsing SID [MAVES1C] - sid: [MAVES1C] / trans : []
[2026-09-28 10:08:00] [DEBUG] [ESE] Stored SID [MAVES1C] and transition: []
[2026-09-28 10:08:00] [DEBUG] [ESE] Parsing SID [ARTAR1B] - sid: [ARTAR1B] / trans : []
[2026-09-28 10:08:00] [DEBUG] [ESE] Stored SID [ARTAR1B] and transition: []
[2026-09-28 10:08:00] [DEBUG] [ESE] Parsing SID [ARTAR1D] - sid: [ARTAR1D] / trans : []
[2026-09-28 10:08:00] [DEBUG] [ESE] Stored SID [ARTAR1D] and transition: []
[2026-09-28 10:08:00] [DEBUG] [ESE] Parsing SID [BADEM1B] - sid: [BADEM1B] / trans : []
[2026-09-28 10:08:00] [DEBUG] [ESE] Stored SID [BADEM1B] and transition: []
[2026-09-28 10:08:00] [DEBUG] [ESE] Parsing SID [BADEM1D] - sid: [BADEM1D] / trans : []
[2026-09-28 10:08:00] [DEBUG] [ESE] Stored SID [BADEM1D] and transition: []
[2026-09-28 10:08:00] [DEBUG] [ESE] Parsing SID [EKTEL1C] - sid: [EKTEL1C] / trans : []
[2026-09-28 10:08:00] [DEBUG] [ESE] Stored SID [EKTEL1C] and transition: []
[2026-09-28 10:08:00] [DEBUG] [ESE] Parsing SID [EKTEL1D] - sid: [EKTEL1D] / trans : []
[2026-09-28 10:08:00] [DEBUG] [ESE] Stored SID [EKTEL1D] and transition: []
[2026-09-28 10:08:00] [DEBUG] [ESE] Parsing SID [EKTEL1G] - sid: [EKTEL1G] / trans : []
[2026-09-28 10:08:00] [DEBUG] [ESE] Stored SID [EKTEL1G] and transition: []
[2026-09-28 10:08:00] [DEBUG] [ESE] Parsing SID [EKTEL1H] - sid: [EKTEL1H] / trans : []
[2026-09-28 10:08:00] [DEBUG] [ESE] Stored SID [EKTEL1H] and transition: []
[2026-09-28 10:08:00] [DEBUG] [ESE] Parsing SID [LUTAM1B] - sid: [LUTAM1B] / trans : []
[2026-09-28 10:08:00] [DEBUG] [ESE] Stored SID [LUTAM1B] and transition: []
[2026-09-28 10:08:00] [DEBUG] [ESE] Parsing SID [LUTAM1D] - sid: [LUTAM1D] / trans : []
[2026-09-28 10:08:00] [DEBUG] [ESE] Stored SID [LUTAM1D] and transition: []
[2026-09-28 10:08:00] [DEBUG] [ESE] Parsing SID [MAVES1B] - sid: [MAVES1B] / trans : []
[2026-09-28 10:08:00] [DEBUG] [ESE] Stored SID [MAVES1B] and transition: []
[2026-09-28 10:08:00] [DEBUG] [ESE] Parsing SID [MAVES1D] - sid: [MAVES1D] / trans : []
[2026-09-28 10:08:00] [DEBUG] [ESE] Stored SID [MAVES1D] and transition: []
[2026-09-28 10:08:00] [DEBUG] [ESE] Parsing SID [ULKUR1A] - sid: [ULKUR1A] / trans : []
[2026-09-28 10:08:00] [DEBUG] [ESE] Stored SID [ULKUR1A] and transition: []
[2026-09-28 10:08:00] [DEBUG] [ESE] Parsing SID [YAVUZ1A] - sid: [YAVUZ1A] / trans : []
[2026-09-28 10:08:00] [DEBUG] [ESE] Stored SID [YAVUZ1A] and transition: []
[2026-09-28 10:08:00] [DEBUG] [ESE] Parsing SID [ETISI1A] - sid: [ETISI1A] / trans : []
[2026-09-28 10:08:00] [DEBUG] [ESE] Stored SID [ETISI1A] and transition: []
[2026-09-28 10:08:00] [DEBUG] [ESE] Parsing SID [ADNOS1U] - sid: [ADNOS1U] / trans : []
[2026-09-28 10:08:00] [DEBUG] [ESE] Stored SID [ADNOS1U] and transition: []
[2026-09-28 10:08:00] [DEBUG] [ESE] Parsing SID [ROTKU1U] - sid: [ROTKU1U] / trans : []
[2026-09-28 10:08:00] [DEBUG] [ESE] Stored SID [ROTKU1U] and transition: []
[2026-09-28 10:08:00] [DEBUG] [ESE] Parsing SID [ADNOS1V] - sid: [ADNOS1V] / trans : []
[2026-09-28 10:08:00] [DEBUG] [ESE] Stored SID [ADNOS1V] and transition: []
[2026-09-28 10:08:00] [DEBUG] [ESE] Parsing SID [ROTKU1V] - sid: [ROTKU1V] / trans : []
[2026-09-28 10:08:00] [DEBUG] [ESE] Stored SID [ROTKU1V] and transition: []
[2026-09-28 10:08:00] [DEBUG] [ESE] Parsing SID [ABDIK1C] - sid: [ABDIK1C] / trans : []
[2026-09-28 10:08:00] [DEBUG] [ESE] Stored SID [ABDIK1C] and transition: []
[2026-09-28 10:08:00] [DEBUG] [ESE] Parsing SID [ABDIK1E] - sid: [ABDIK1E] / trans : []
[2026-09-28 10:08:00] [DEBUG] [ESE] Stored SID [ABDIK1E] and transition: []
[2026-09-28 10:08:00] [DEBUG] [ESE] Parsing SID [ABDIK1B] - sid: [ABDIK1B] / trans : []
[2026-09-28 10:08:00] [DEBUG] [ESE] Stored SID [ABDIK1B] and transition: []
[2026-09-28 10:08:00] [DEBUG] [ESE] Parsing SID [ABDIK1D] - sid: [ABDIK1D] / trans : []
[2026-09-28 10:08:00] [DEBUG] [ESE] Stored SID [ABDIK1D] and transition: []
[2026-09-28 10:08:00] [DEBUG] [ESE] Parsing SID [ULSAB1A] - sid: [ULSAB1A] / trans : []
[2026-09-28 10:08:00] [DEBUG] [ESE] Stored SID [ULSAB1A] and transition: []
[2026-09-28 10:08:00] [DEBUG] [ESE] Parsing SID [DERIL1E] - sid: [DERIL1E] / trans : []
[2026-09-28 10:08:00] [DEBUG] [ESE] Stored SID [DERIL1E] and transition: []
[2026-09-28 10:08:00] [DEBUG] [ESE] Parsing SID [INLAP1E] - sid: [INLAP1E] / trans : []
[2026-09-28 10:08:00] [DEBUG] [ESE] Stored SID [INLAP1E] and transition: []
[2026-09-28 10:08:00] [DEBUG] [ESE] Parsing SID [INLAP1F] - sid: [INLAP1F] / trans : []
[2026-09-28 10:08:00] [DEBUG] [ESE] Stored SID [INLAP1F] and transition: []
[2026-09-28 10:08:00] [DEBUG] [ESE] Parsing SID [DERIL1D] - sid: [DERIL1D] / trans : []
[2026-09-28 10:08:00] [DEBUG] [ESE] Stored SID [DERIL1D] and transition: []
[2026-09-28 10:08:00] [DEBUG] [ESE] Parsing SID [INLAP1C] - sid: [INLAP1C] / trans : []
[2026-09-28 10:08:00] [DEBUG] [ESE] Stored SID [INLAP1C] and transition: []
[2026-09-28 10:08:00] [DEBUG] [ESE] Parsing SID [INLAP1D] - sid: [INLAP1D] / trans : []
[2026-09-28 10:08:00] [DEBUG] [ESE] Stored SID [INLAP1D] and transition: []
[2026-09-28 10:08:00] [DEBUG] [ESE] Parsing SID [DERIL1B] - sid: [DERIL1B] / trans : []
[2026-09-28 10:08:00] [DEBUG] [ESE] Stored SID [DERIL1B] and transition: []
[2026-09-28 10:08:00] [DEBUG] [ESE] Parsing SID [INLAP1B] - sid: [INLAP1B] / trans : []
[2026-09-28 10:08:00] [DEBUG] [ESE] Stored SID [INLAP1B] and transition: []
[2026-09-28 10:08:00] [DEBUG] [ESE] Parsing SID [ADA1X] - sid: [ADA1X] / trans : []
[2026-09-28 10:08:00] [DEBUG] [ESE] Stored SID [ADA1X] and transition: []
[2026-09-28 10:08:00] [DEBUG] [ESE] Parsing SID [ADA1Z] - sid: [ADA1Z] / trans : []
[2026-09-28 10:08:00] [DEBUG] [ESE] Stored SID [ADA1Z] and transition: []
[2026-09-28 10:08:00] [DEBUG] [ESE] Parsing SID [MILBA1X] - sid: [MILBA1X] / trans : []
[2026-09-28 10:08:00] [DEBUG] [ESE] Stored SID [MILBA1X] and transition: []
[2026-09-28 10:08:00] [DEBUG] [ESE] Parsing SID [MILBA1Z] - sid: [MILBA1Z] / trans : []
[2026-09-28 10:08:00] [DEBUG] [ESE] Stored SID [MILBA1Z] and transition: []
[2026-09-28 10:08:00] [DEBUG] [ESE] Parsing SID [ADA1W] - sid: [ADA1W] / trans : []
[2026-09-28 10:08:00] [DEBUG] [ESE] Stored SID [ADA1W] and transition: []
[2026-09-28 10:08:00] [DEBUG] [ESE] Parsing SID [ADA1Y] - sid: [ADA1Y] / trans : []
[2026-09-28 10:08:00] [DEBUG] [ESE] Stored SID [ADA1Y] and transition: []
[2026-09-28 10:08:00] [DEBUG] [ESE] Parsing SID [MILBA1W] - sid: [MILBA1W] / trans : []
[2026-09-28 10:08:00] [DEBUG] [ESE] Stored SID [MILBA1W] and transition: []
[2026-09-28 10:08:00] [DEBUG] [ESE] Parsing SID [MILBA1Y] - sid: [MILBA1Y] / trans : []
[2026-09-28 10:08:00] [DEBUG] [ESE] Stored SID [MILBA1Y] and transition: []
[2026-09-28 10:08:00] [DEBUG] [ESE] Parsing SID [KEMER1S] - sid: [KEMER1S] / trans : []
[2026-09-28 10:08:00] [DEBUG] [ESE] Stored SID [KEMER1S] and transition: []
[2026-09-28 10:08:00] [DEBUG] [ESE] Parsing SID [MANAZ1S] - sid: [MANAZ1S] / trans : []
[2026-09-28 10:08:00] [DEBUG] [ESE] Stored SID [MANAZ1S] and transition: []
[2026-09-28 10:08:00] [DEBUG] [ESE] Parsing SID [MILBA1S] - sid: [MILBA1S] / trans : []
[2026-09-28 10:08:00] [DEBUG] [ESE] Stored SID [MILBA1S] and transition: []
[2026-09-28 10:08:00] [DEBUG] [ESE] Parsing SID [TUNLA1S] - sid: [TUNLA1S] / trans : []
[2026-09-28 10:08:00] [DEBUG] [ESE] Stored SID [TUNLA1S] and transition: []
[2026-09-28 10:08:00] [DEBUG] [ESE] Parsing SID [YAPZU1S] - sid: [YAPZU1S] / trans : []
[2026-09-28 10:08:00] [DEBUG] [ESE] Stored SID [YAPZU1S] and transition: []
[2026-09-28 10:08:00] [DEBUG] [ESE] Parsing SID [KEMER1R] - sid: [KEMER1R] / trans : []
[2026-09-28 10:08:00] [DEBUG] [ESE] Stored SID [KEMER1R] and transition: []
[2026-09-28 10:08:00] [DEBUG] [ESE] Parsing SID [MANAZ1R] - sid: [MANAZ1R] / trans : []
[2026-09-28 10:08:00] [DEBUG] [ESE] Stored SID [MANAZ1R] and transition: []
[2026-09-28 10:08:00] [DEBUG] [ESE] Parsing SID [MILBA1R] - sid: [MILBA1R] / trans : []
[2026-09-28 10:08:00] [DEBUG] [ESE] Stored SID [MILBA1R] and transition: []
[2026-09-28 10:08:00] [DEBUG] [ESE] Parsing SID [TUNLA1R] - sid: [TUNLA1R] / trans : []
[2026-09-28 10:08:00] [DEBUG] [ESE] Stored SID [TUNLA1R] and transition: []
[2026-09-28 10:08:00] [DEBUG] [ESE] Parsing SID [YAPZU1R] - sid: [YAPZU1R] / trans : []
[2026-09-28 10:08:00] [DEBUG] [ESE] Stored SID [YAPZU1R] and transition: []
[2026-09-28 10:08:00] [DEBUG] [ESE] Parsing SID [KEMER1S] - sid: [KEMER1S] / trans : []
[2026-09-28 10:08:00] [DEBUG] [ESE] Stored SID [KEMER1S] and transition: []
[2026-09-28 10:08:00] [DEBUG] [ESE] Parsing SID [MANAZ1S] - sid: [MANAZ1S] / trans : []
[2026-09-28 10:08:00] [DEBUG] [ESE] Stored SID [MANAZ1S] and transition: []
[2026-09-28 10:08:00] [DEBUG] [ESE] Parsing SID [MILBA1S] - sid: [MILBA1S] / trans : []
[2026-09-28 10:08:00] [DEBUG] [ESE] Stored SID [MILBA1S] and transition: []
[2026-09-28 10:08:00] [DEBUG] [ESE] Parsing SID [TUNLA1S] - sid: [TUNLA1S] / trans : []
[2026-09-28 10:08:00] [DEBUG] [ESE] Stored SID [TUNLA1S] and transition: []
[2026-09-28 10:08:00] [DEBUG] [ESE] Parsing SID [YAPZU1S] - sid: [YAPZU1S] / trans : []
[2026-09-28 10:08:00] [DEBUG] [ESE] Stored SID [YAPZU1S] and transition: []
[2026-09-28 10:08:00] [DEBUG] [ESE] Parsing SID [KEMER1G] - sid: [KEMER1G] / trans : []
[2026-09-28 10:08:00] [DEBUG] [ESE] Stored SID [KEMER1G] and transition: []
[2026-09-28 10:08:00] [DEBUG] [ESE] Parsing SID [MANAZ1G] - sid: [MANAZ1G] / trans : []
[2026-09-28 10:08:00] [DEBUG] [ESE] Stored SID [MANAZ1G] and transition: []
[2026-09-28 10:08:00] [DEBUG] [ESE] Parsing SID [MILBA1G] - sid: [MILBA1G] / trans : []
[2026-09-28 10:08:00] [DEBUG] [ESE] Stored SID [MILBA1G] and transition: []
[2026-09-28 10:08:00] [DEBUG] [ESE] Parsing SID [TUNLA1G] - sid: [TUNLA1G] / trans : []
[2026-09-28 10:08:00] [DEBUG] [ESE] Stored SID [TUNLA1G] and transition: []
[2026-09-28 10:08:00] [DEBUG] [ESE] Parsing SID [YAPZU1G] - sid: [YAPZU1G] / trans : []
[2026-09-28 10:08:00] [DEBUG] [ESE] Stored SID [YAPZU1G] and transition: []
[2026-09-28 10:08:00] [DEBUG] [ESE] Parsing SID [KEMER1T] - sid: [KEMER1T] / trans : []
[2026-09-28 10:08:00] [DEBUG] [ESE] Stored SID [KEMER1T] and transition: []
[2026-09-28 10:08:00] [DEBUG] [ESE] Parsing SID [MANAZ1T] - sid: [MANAZ1T] / trans : []
[2026-09-28 10:08:00] [DEBUG] [ESE] Stored SID [MANAZ1T] and transition: []
[2026-09-28 10:08:00] [DEBUG] [ESE] Parsing SID [MILBA1T] - sid: [MILBA1T] / trans : []
[2026-09-28 10:08:00] [DEBUG] [ESE] Stored SID [MILBA1T] and transition: []
[2026-09-28 10:08:00] [DEBUG] [ESE] Parsing SID [TUNLA1T] - sid: [TUNLA1T] / trans : []
[2026-09-28 10:08:00] [DEBUG] [ESE] Stored SID [TUNLA1T] and transition: []
[2026-09-28 10:08:00] [DEBUG] [ESE] Parsing SID [YAPZU1T] - sid: [YAPZU1T] / trans : []
[2026-09-28 10:08:00] [DEBUG] [ESE] Stored SID [YAPZU1T] and transition: []
[2026-09-28 10:08:00] [DEBUG] [ESE] Parsing SID [KEMER1J] - sid: [KEMER1J] / trans : []
[2026-09-28 10:08:00] [DEBUG] [ESE] Stored SID [KEMER1J] and transition: []
[2026-09-28 10:08:00] [DEBUG] [ESE] Parsing SID [MANAZ1J] - sid: [MANAZ1J] / trans : []
[2026-09-28 10:08:00] [DEBUG] [ESE] Stored SID [MANAZ1J] and transition: []
[2026-09-28 10:08:00] [DEBUG] [ESE] Parsing SID [MILBA1J] - sid: [MILBA1J] / trans : []
[2026-09-28 10:08:00] [DEBUG] [ESE] Stored SID [MILBA1J] and transition: []
[2026-09-28 10:08:00] [DEBUG] [ESE] Parsing SID [TUNLA1J] - sid: [TUNLA1J] / trans : []
[2026-09-28 10:08:00] [DEBUG] [ESE] Stored SID [TUNLA1J] and transition: []
[2026-09-28 10:08:00] [DEBUG] [ESE] Parsing SID [YAPZU1J] - sid: [YAPZU1J] / trans : []
[2026-09-28 10:08:00] [DEBUG] [ESE] Stored SID [YAPZU1J] and transition: []
[2026-09-28 10:08:00] [DEBUG] [ESE] Parsing SID [KEMER1T] - sid: [KEMER1T] / trans : []
[2026-09-28 10:08:00] [DEBUG] [ESE] Stored SID [KEMER1T] and transition: []
[2026-09-28 10:08:00] [DEBUG] [ESE] Parsing SID [MANAZ1T] - sid: [MANAZ1T] / trans : []
[2026-09-28 10:08:00] [DEBUG] [ESE] Stored SID [MANAZ1T] and transition: []
[2026-09-28 10:08:00] [DEBUG] [ESE] Parsing SID [MILBA1T] - sid: [MILBA1T] / trans : []
[2026-09-28 10:08:00] [DEBUG] [ESE] Stored SID [MILBA1T] and transition: []
[2026-09-28 10:08:00] [DEBUG] [ESE] Parsing SID [TUNLA1T] - sid: [TUNLA1T] / trans : []
[2026-09-28 10:08:00] [DEBUG] [ESE] Stored SID [TUNLA1T] and transition: []
[2026-09-28 10:08:00] [DEBUG] [ESE] Parsing SID [YAPZU1T] - sid: [YAPZU1T] / trans : []
[2026-09-28 10:08:00] [DEBUG] [ESE] Stored SID [YAPZU1T] and transition: []
[2026-09-28 10:08:00] [DEBUG] [ESE] Parsing SID [KEMER1P] - sid: [KEMER1P] / trans : []
[2026-09-28 10:08:00] [DEBUG] [ESE] Stored SID [KEMER1P] and transition: []
[2026-09-28 10:08:00] [DEBUG] [ESE] Parsing SID [MANAZ1P] - sid: [MANAZ1P] / trans : []
[2026-09-28 10:08:00] [DEBUG] [ESE] Stored SID [MANAZ1P] and transition: []
[2026-09-28 10:08:00] [DEBUG] [ESE] Parsing SID [MILBA1Q] - sid: [MILBA1Q] / trans : []
[2026-09-28 10:08:00] [DEBUG] [ESE] Stored SID [MILBA1Q] and transition: []
[2026-09-28 10:08:00] [DEBUG] [ESE] Parsing SID [TUNLA1P] - sid: [TUNLA1P] / trans : []
[2026-09-28 10:08:00] [DEBUG] [ESE] Stored SID [TUNLA1P] and transition: []
[2026-09-28 10:08:00] [DEBUG] [ESE] Parsing SID [YAPZU1P] - sid: [YAPZU1P] / trans : []
[2026-09-28 10:08:00] [DEBUG] [ESE] Stored SID [YAPZU1P] and transition: []
[2026-09-28 10:08:00] [DEBUG] [ESE] Parsing SID [IMR1A] - sid: [IMR1A] / trans : []
[2026-09-28 10:08:00] [DEBUG] [ESE] Stored SID [IMR1A] and transition: []
[2026-09-28 10:08:00] [DEBUG] [ESE] Parsing SID [SEL1A] - sid: [SEL1A] / trans : []
[2026-09-28 10:08:00] [DEBUG] [ESE] Stored SID [SEL1A] and transition: []
[2026-09-28 10:08:00] [DEBUG] [ESE] Parsing SID [EKSEN1G] - sid: [EKSEN1G] / trans : []
[2026-09-28 10:08:00] [DEBUG] [ESE] Stored SID [EKSEN1G] and transition: []
[2026-09-28 10:08:00] [DEBUG] [ESE] Parsing SID [PELIL1G] - sid: [PELIL1G] / trans : []
[2026-09-28 10:08:00] [DEBUG] [ESE] Stored SID [PELIL1G] and transition: []
[2026-09-28 10:08:00] [DEBUG] [ESE] Parsing SID [EKSEN1Q] - sid: [EKSEN1Q] / trans : []
[2026-09-28 10:08:00] [DEBUG] [ESE] Stored SID [EKSEN1Q] and transition: []
[2026-09-28 10:08:00] [DEBUG] [ESE] Parsing SID [PELIL1Q] - sid: [PELIL1Q] / trans : []
[2026-09-28 10:08:00] [DEBUG] [ESE] Stored SID [PELIL1Q] and transition: []
[2026-09-28 10:08:00] [DEBUG] [ESE] Parsing SID [BIMDU1U] - sid: [BIMDU1U] / trans : []
[2026-09-28 10:08:00] [DEBUG] [ESE] Stored SID [BIMDU1U] and transition: []
[2026-09-28 10:08:00] [DEBUG] [ESE] Parsing SID [DUGLA1U] - sid: [DUGLA1U] / trans : []
[2026-09-28 10:08:00] [DEBUG] [ESE] Stored SID [DUGLA1U] and transition: []
[2026-09-28 10:08:00] [DEBUG] [ESE] Parsing SID [ECZIM1U] - sid: [ECZIM1U] / trans : []
[2026-09-28 10:08:00] [DEBUG] [ESE] Stored SID [ECZIM1U] and transition: []
[2026-09-28 10:08:00] [DEBUG] [ESE] Parsing SID [LEDLO1U] - sid: [LEDLO1U] / trans : []
[2026-09-28 10:08:00] [DEBUG] [ESE] Stored SID [LEDLO1U] and transition: []
[2026-09-28 10:08:00] [DEBUG] [ESE] Parsing SID [DUGLA1A] - sid: [DUGLA1A] / trans : []
[2026-09-28 10:08:00] [DEBUG] [ESE] Stored SID [DUGLA1A] and transition: []
[2026-09-28 10:08:00] [DEBUG] [ESE] Parsing SID [KONEN1A] - sid: [KONEN1A] / trans : []
[2026-09-28 10:08:00] [DEBUG] [ESE] Stored SID [KONEN1A] and transition: []
[2026-09-28 10:08:00] [DEBUG] [ESE] Parsing SID [KONEN1C] - sid: [KONEN1C] / trans : []
[2026-09-28 10:08:00] [DEBUG] [ESE] Stored SID [KONEN1C] and transition: []
[2026-09-28 10:08:00] [DEBUG] [ESE] Parsing SID [DUGLA1M] - sid: [DUGLA1M] / trans : []
[2026-09-28 10:08:00] [DEBUG] [ESE] Stored SID [DUGLA1M] and transition: []
[2026-09-28 10:08:00] [DEBUG] [ESE] Parsing SID [KONEN1M] - sid: [KONEN1M] / trans : []
[2026-09-28 10:08:00] [DEBUG] [ESE] Stored SID [KONEN1M] and transition: []
[2026-09-28 10:08:00] [DEBUG] [ESE] Parsing SID [KUZEP1M] - sid: [KUZEP1M] / trans : []
[2026-09-28 10:08:00] [DEBUG] [ESE] Stored SID [KUZEP1M] and transition: []
[2026-09-28 10:08:00] [DEBUG] [ESE] Parsing SID [DUGLA1B] - sid: [DUGLA1B] / trans : []
[2026-09-28 10:08:00] [DEBUG] [ESE] Stored SID [DUGLA1B] and transition: []
[2026-09-28 10:08:00] [DEBUG] [ESE] Parsing SID [KONEN1B] - sid: [KONEN1B] / trans : []
[2026-09-28 10:08:00] [DEBUG] [ESE] Stored SID [KONEN1B] and transition: []
[2026-09-28 10:08:00] [DEBUG] [ESE] Parsing SID [AKBUK1D] - sid: [AKBUK1D] / trans : []
[2026-09-28 10:08:00] [DEBUG] [ESE] Stored SID [AKBUK1D] and transition: []
[2026-09-28 10:08:00] [DEBUG] [ESE] Parsing SID [ERFES1D] - sid: [ERFES1D] / trans : []
[2026-09-28 10:08:00] [DEBUG] [ESE] Stored SID [ERFES1D] and transition: []
[2026-09-28 10:08:00] [DEBUG] [ESE] Parsing SID [IMR1D] - sid: [IMR1D] / trans : []
[2026-09-28 10:08:00] [DEBUG] [ESE] Stored SID [IMR1D] and transition: []
[2026-09-28 10:08:00] [DEBUG] [ESE] Parsing SID [KAVAK1D] - sid: [KAVAK1D] / trans : []
[2026-09-28 10:08:00] [DEBUG] [ESE] Stored SID [KAVAK1D] and transition: []
[2026-09-28 10:08:00] [DEBUG] [ESE] Parsing SID [YUNUS1D] - sid: [YUNUS1D] / trans : []
[2026-09-28 10:08:00] [DEBUG] [ESE] Stored SID [YUNUS1D] and transition: []
[2026-09-28 10:08:00] [DEBUG] [ESE] Parsing SID [AKBUK1B] - sid: [AKBUK1B] / trans : []
[2026-09-28 10:08:00] [DEBUG] [ESE] Stored SID [AKBUK1B] and transition: []
[2026-09-28 10:08:00] [DEBUG] [ESE] Parsing SID [AKBUK1N] - sid: [AKBUK1N] / trans : []
[2026-09-28 10:08:00] [DEBUG] [ESE] Stored SID [AKBUK1N] and transition: []
[2026-09-28 10:08:00] [DEBUG] [ESE] Parsing SID [CENGO1B] - sid: [CENGO1B] / trans : []
[2026-09-28 10:08:00] [DEBUG] [ESE] Stored SID [CENGO1B] and transition: []
[2026-09-28 10:08:00] [DEBUG] [ESE] Parsing SID [YUNUS1B] - sid: [YUNUS1B] / trans : []
[2026-09-28 10:08:00] [DEBUG] [ESE] Stored SID [YUNUS1B] and transition: []
[2026-09-28 10:08:00] [DEBUG] [ESE] Parsing SID [AKBUK1B] - sid: [AKBUK1B] / trans : []
[2026-09-28 10:08:00] [DEBUG] [ESE] Stored SID [AKBUK1B] and transition: []
[2026-09-28 10:08:00] [DEBUG] [ESE] Parsing SID [AKBUK1N] - sid: [AKBUK1N] / trans : []
[2026-09-28 10:08:00] [DEBUG] [ESE] Stored SID [AKBUK1N] and transition: []
[2026-09-28 10:08:00] [DEBUG] [ESE] Parsing SID [CENGO1B] - sid: [CENGO1B] / trans : []
[2026-09-28 10:08:00] [DEBUG] [ESE] Stored SID [CENGO1B] and transition: []
[2026-09-28 10:08:00] [DEBUG] [ESE] Parsing SID [YUNUS1B] - sid: [YUNUS1B] / trans : []
[2026-09-28 10:08:00] [DEBUG] [ESE] Stored SID [YUNUS1B] and transition: []
[2026-09-28 10:08:00] [DEBUG] [ESE] Parsing SID [AKBUK1A] - sid: [AKBUK1A] / trans : []
[2026-09-28 10:08:00] [DEBUG] [ESE] Stored SID [AKBUK1A] and transition: []
[2026-09-28 10:08:00] [DEBUG] [ESE] Parsing SID [AKBUK1E] - sid: [AKBUK1E] / trans : []
[2026-09-28 10:08:00] [DEBUG] [ESE] Stored SID [AKBUK1E] and transition: []
[2026-09-28 10:08:00] [DEBUG] [ESE] Parsing SID [CENGO1A] - sid: [CENGO1A] / trans : []
[2026-09-28 10:08:00] [DEBUG] [ESE] Stored SID [CENGO1A] and transition: []
[2026-09-28 10:08:00] [DEBUG] [ESE] Parsing SID [CENGO1E] - sid: [CENGO1E] / trans : []
[2026-09-28 10:08:00] [DEBUG] [ESE] Stored SID [CENGO1E] and transition: []
[2026-09-28 10:08:00] [DEBUG] [ESE] Parsing SID [YUNUS1A] - sid: [YUNUS1A] / trans : []
[2026-09-28 10:08:00] [DEBUG] [ESE] Stored SID [YUNUS1A] and transition: []
[2026-09-28 10:08:00] [DEBUG] [ESE] Parsing SID [AKBUK1V] - sid: [AKBUK1V] / trans : []
[2026-09-28 10:08:00] [DEBUG] [ESE] Stored SID [AKBUK1V] and transition: []
[2026-09-28 10:08:00] [DEBUG] [ESE] Parsing SID [ERFES1V] - sid: [ERFES1V] / trans : []
[2026-09-28 10:08:00] [DEBUG] [ESE] Stored SID [ERFES1V] and transition: []
[2026-09-28 10:08:00] [DEBUG] [ESE] Parsing SID [IMR1V] - sid: [IMR1V] / trans : []
[2026-09-28 10:08:00] [DEBUG] [ESE] Stored SID [IMR1V] and transition: []
[2026-09-28 10:08:00] [DEBUG] [ESE] Parsing SID [KAVAK1V] - sid: [KAVAK1V] / trans : []
[2026-09-28 10:08:00] [DEBUG] [ESE] Stored SID [KAVAK1V] and transition: []
[2026-09-28 10:08:00] [DEBUG] [ESE] Parsing SID [YUNUS1V] - sid: [YUNUS1V] / trans : []
[2026-09-28 10:08:00] [DEBUG] [ESE] Stored SID [YUNUS1V] and transition: []
[2026-09-28 10:08:00] [DEBUG] [ESE] Parsing SID [AKBUK1A] - sid: [AKBUK1A] / trans : []
[2026-09-28 10:08:00] [DEBUG] [ESE] Stored SID [AKBUK1A] and transition: []
[2026-09-28 10:08:00] [DEBUG] [ESE] Parsing SID [AKBUK1E] - sid: [AKBUK1E] / trans : []
[2026-09-28 10:08:00] [DEBUG] [ESE] Stored SID [AKBUK1E] and transition: []
[2026-09-28 10:08:00] [DEBUG] [ESE] Parsing SID [CENGO1A] - sid: [CENGO1A] / trans : []
[2026-09-28 10:08:00] [DEBUG] [ESE] Stored SID [CENGO1A] and transition: []
[2026-09-28 10:08:00] [DEBUG] [ESE] Parsing SID [CENGO1E] - sid: [CENGO1E] / trans : []
[2026-09-28 10:08:00] [DEBUG] [ESE] Stored SID [CENGO1E] and transition: []
[2026-09-28 10:08:00] [DEBUG] [ESE] Parsing SID [YUNUS1A] - sid: [YUNUS1A] / trans : []
[2026-09-28 10:08:00] [DEBUG] [ESE] Stored SID [YUNUS1A] and transition: []
[2026-09-28 10:08:00] [DEBUG] [ESE] Parsing SID [EVKOR1A] - sid: [EVKOR1A] / trans : []
[2026-09-28 10:08:00] [DEBUG] [ESE] Stored SID [EVKOR1A] and transition: []
[2026-09-28 10:08:00] [DEBUG] [ESE] Parsing SID [ATSUB1T] - sid: [ATSUB1T] / trans : []
[2026-09-28 10:08:00] [DEBUG] [ESE] Stored SID [ATSUB1T] and transition: []
[2026-09-28 10:08:00] [DEBUG] [ESE] Parsing SID [BATNU1T] - sid: [BATNU1T] / trans : []
[2026-09-28 10:08:00] [DEBUG] [ESE] Stored SID [BATNU1T] and transition: []
[2026-09-28 10:08:00] [DEBUG] [ESE] Parsing SID [ELROP1T] - sid: [ELROP1T] / trans : []
[2026-09-28 10:08:00] [DEBUG] [ESE] Stored SID [ELROP1T] and transition: []
[2026-09-28 10:08:00] [DEBUG] [ESE] Parsing SID [ALMUS1B] - sid: [ALMUS1B] / trans : []
[2026-09-28 10:08:00] [DEBUG] [ESE] Stored SID [ALMUS1B] and transition: []
[2026-09-28 10:08:00] [DEBUG] [ESE] Parsing SID [ALMUS1F] - sid: [ALMUS1F] / trans : []
[2026-09-28 10:08:00] [DEBUG] [ESE] Stored SID [ALMUS1F] and transition: []
[2026-09-28 10:08:00] [DEBUG] [ESE] Parsing SID [BAFRA1B] - sid: [BAFRA1B] / trans : []
[2026-09-28 10:08:00] [DEBUG] [ESE] Stored SID [BAFRA1B] and transition: []
[2026-09-28 10:08:00] [DEBUG] [ESE] Parsing SID [BAFRA1F] - sid: [BAFRA1F] / trans : []
[2026-09-28 10:08:00] [DEBUG] [ESE] Stored SID [BAFRA1F] and transition: []
[2026-09-28 10:08:00] [DEBUG] [ESE] Parsing SID [DETOS1B] - sid: [DETOS1B] / trans : []
[2026-09-28 10:08:00] [DEBUG] [ESE] Stored SID [DETOS1B] and transition: []
[2026-09-28 10:08:00] [DEBUG] [ESE] Parsing SID [DETOS1F] - sid: [DETOS1F] / trans : []
[2026-09-28 10:08:00] [DEBUG] [ESE] Stored SID [DETOS1F] and transition: []
[2026-09-28 10:08:00] [DEBUG] [ESE] Parsing SID [HAVZA1B] - sid: [HAVZA1B] / trans : []
[2026-09-28 10:08:00] [DEBUG] [ESE] Stored SID [HAVZA1B] and transition: []
[2026-09-28 10:08:00] [DEBUG] [ESE] Parsing SID [HAVZA1F] - sid: [HAVZA1F] / trans : []
[2026-09-28 10:08:00] [DEBUG] [ESE] Stored SID [HAVZA1F] and transition: []
[2026-09-28 10:08:00] [DEBUG] [ESE] Parsing SID [TERME1B] - sid: [TERME1B] / trans : []
[2026-09-28 10:08:00] [DEBUG] [ESE] Stored SID [TERME1B] and transition: []
[2026-09-28 10:08:00] [DEBUG] [ESE] Parsing SID [TERME1F] - sid: [TERME1F] / trans : []
[2026-09-28 10:08:00] [DEBUG] [ESE] Stored SID [TERME1F] and transition: []
[2026-09-28 10:08:00] [DEBUG] [ESE] Parsing SID [ALMUS1Y] - sid: [ALMUS1Y] / trans : []
[2026-09-28 10:08:00] [DEBUG] [ESE] Stored SID [ALMUS1Y] and transition: []
[2026-09-28 10:08:00] [DEBUG] [ESE] Parsing SID [BAFRA1Y] - sid: [BAFRA1Y] / trans : []
[2026-09-28 10:08:00] [DEBUG] [ESE] Stored SID [BAFRA1Y] and transition: []
[2026-09-28 10:08:00] [DEBUG] [ESE] Parsing SID [DETOS1Y] - sid: [DETOS1Y] / trans : []
[2026-09-28 10:08:00] [DEBUG] [ESE] Stored SID [DETOS1Y] and transition: []
[2026-09-28 10:08:00] [DEBUG] [ESE] Parsing SID [HAVZA1Y] - sid: [HAVZA1Y] / trans : []
[2026-09-28 10:08:00] [DEBUG] [ESE] Stored SID [HAVZA1Y] and transition: []
[2026-09-28 10:08:00] [DEBUG] [ESE] Parsing SID [TERME1Y] - sid: [TERME1Y] / trans : []
[2026-09-28 10:08:00] [DEBUG] [ESE] Stored SID [TERME1Y] and transition: []
[2026-09-28 10:08:00] [DEBUG] [ESE] Parsing SID [ALMUS1A] - sid: [ALMUS1A] / trans : []
[2026-09-28 10:08:00] [DEBUG] [ESE] Stored SID [ALMUS1A] and transition: []
[2026-09-28 10:08:00] [DEBUG] [ESE] Parsing SID [ALMUS1H] - sid: [ALMUS1H] / trans : []
[2026-09-28 10:08:00] [DEBUG] [ESE] Stored SID [ALMUS1H] and transition: []
[2026-09-28 10:08:00] [DEBUG] [ESE] Parsing SID [BAFRA1A] - sid: [BAFRA1A] / trans : []
[2026-09-28 10:08:00] [DEBUG] [ESE] Stored SID [BAFRA1A] and transition: []
[2026-09-28 10:08:00] [DEBUG] [ESE] Parsing SID [BAFRA1H] - sid: [BAFRA1H] / trans : []
[2026-09-28 10:08:00] [DEBUG] [ESE] Stored SID [BAFRA1H] and transition: []
[2026-09-28 10:08:00] [DEBUG] [ESE] Parsing SID [DETOS1A] - sid: [DETOS1A] / trans : []
[2026-09-28 10:08:00] [DEBUG] [ESE] Stored SID [DETOS1A] and transition: []
[2026-09-28 10:08:00] [DEBUG] [ESE] Parsing SID [DETOS1H] - sid: [DETOS1H] / trans : []
[2026-09-28 10:08:00] [DEBUG] [ESE] Stored SID [DETOS1H] and transition: []
[2026-09-28 10:08:00] [DEBUG] [ESE] Parsing SID [HAVZA1A] - sid: [HAVZA1A] / trans : []
[2026-09-28 10:08:00] [DEBUG] [ESE] Stored SID [HAVZA1A] and transition: []
[2026-09-28 10:08:00] [DEBUG] [ESE] Parsing SID [HAVZA1H] - sid: [HAVZA1H] / trans : []
[2026-09-28 10:08:00] [DEBUG] [ESE] Stored SID [HAVZA1H] and transition: []
[2026-09-28 10:08:00] [DEBUG] [ESE] Parsing SID [HAVZA1L] - sid: [HAVZA1L] / trans : []
[2026-09-28 10:08:00] [DEBUG] [ESE] Stored SID [HAVZA1L] and transition: []
[2026-09-28 10:08:00] [DEBUG] [ESE] Parsing SID [TERME1A] - sid: [TERME1A] / trans : []
[2026-09-28 10:08:00] [DEBUG] [ESE] Stored SID [TERME1A] and transition: []
[2026-09-28 10:08:00] [DEBUG] [ESE] Parsing SID [TERME1H] - sid: [TERME1H] / trans : []
[2026-09-28 10:08:00] [DEBUG] [ESE] Stored SID [TERME1H] and transition: []
[2026-09-28 10:08:00] [DEBUG] [ESE] Parsing SID [ALMUS1J] - sid: [ALMUS1J] / trans : []
[2026-09-28 10:08:00] [DEBUG] [ESE] Stored SID [ALMUS1J] and transition: []
[2026-09-28 10:08:00] [DEBUG] [ESE] Parsing SID [DETOS1J] - sid: [DETOS1J] / trans : []
[2026-09-28 10:08:00] [DEBUG] [ESE] Stored SID [DETOS1J] and transition: []
[2026-09-28 10:08:00] [DEBUG] [ESE] Parsing SID [GERZE1J] - sid: [GERZE1J] / trans : []
[2026-09-28 10:08:00] [DEBUG] [ESE] Stored SID [GERZE1J] and transition: []
[2026-09-28 10:08:00] [DEBUG] [ESE] Parsing SID [ORVOR1J] - sid: [ORVOR1J] / trans : []
[2026-09-28 10:08:00] [DEBUG] [ESE] Stored SID [ORVOR1J] and transition: []
[2026-09-28 10:08:00] [DEBUG] [ESE] Parsing SID [TERME1J] - sid: [TERME1J] / trans : []
[2026-09-28 10:08:00] [DEBUG] [ESE] Stored SID [TERME1J] and transition: []
[2026-09-28 10:08:00] [DEBUG] [ESE] Parsing SID [BARPE1J] - sid: [BARPE1J] / trans : []
[2026-09-28 10:08:00] [DEBUG] [ESE] Stored SID [BARPE1J] and transition: []
[2026-09-28 10:08:00] [DEBUG] [ESE] Parsing SID [EKAWE1J] - sid: [EKAWE1J] / trans : []
[2026-09-28 10:08:00] [DEBUG] [ESE] Stored SID [EKAWE1J] and transition: []
[2026-09-28 10:08:00] [DEBUG] [ESE] Parsing SID [EKAWE1R] - sid: [EKAWE1R] / trans : []
[2026-09-28 10:08:00] [DEBUG] [ESE] Stored SID [EKAWE1R] and transition: []
[2026-09-28 10:08:00] [DEBUG] [ESE] Parsing SID [IBLAL1J] - sid: [IBLAL1J] / trans : []
[2026-09-28 10:08:00] [DEBUG] [ESE] Stored SID [IBLAL1J] and transition: []
[2026-09-28 10:08:00] [DEBUG] [ESE] Parsing SID [IBLAL1R] - sid: [IBLAL1R] / trans : []
[2026-09-28 10:08:00] [DEBUG] [ESE] Stored SID [IBLAL1R] and transition: []
[2026-09-28 10:08:00] [DEBUG] [ESE] Parsing SID [IVGUS1J] - sid: [IVGUS1J] / trans : []
[2026-09-28 10:08:00] [DEBUG] [ESE] Stored SID [IVGUS1J] and transition: []
[2026-09-28 10:08:00] [DEBUG] [ESE] Parsing SID [MAKOL1J] - sid: [MAKOL1J] / trans : []
[2026-09-28 10:08:00] [DEBUG] [ESE] Stored SID [MAKOL1J] and transition: []
[2026-09-28 10:08:00] [DEBUG] [ESE] Parsing SID [MAKOL1R] - sid: [MAKOL1R] / trans : []
[2026-09-28 10:08:00] [DEBUG] [ESE] Stored SID [MAKOL1R] and transition: []
[2026-09-28 10:08:00] [DEBUG] [ESE] Parsing SID [REZOV1J] - sid: [REZOV1J] / trans : []
[2026-09-28 10:08:00] [DEBUG] [ESE] Stored SID [REZOV1J] and transition: []
[2026-09-28 10:08:00] [DEBUG] [ESE] Parsing SID [REZOV1R] - sid: [REZOV1R] / trans : []
[2026-09-28 10:08:00] [DEBUG] [ESE] Stored SID [REZOV1R] and transition: []
[2026-09-28 10:08:00] [DEBUG] [ESE] Parsing SID [ROXUK1J] - sid: [ROXUK1J] / trans : []
[2026-09-28 10:08:00] [DEBUG] [ESE] Stored SID [ROXUK1J] and transition: []
[2026-09-28 10:08:00] [DEBUG] [ESE] Parsing SID [TUDBU1J] - sid: [TUDBU1J] / trans : []
[2026-09-28 10:08:00] [DEBUG] [ESE] Stored SID [TUDBU1J] and transition: []
[2026-09-28 10:08:00] [DEBUG] [ESE] Parsing SID [TUDBU1R] - sid: [TUDBU1R] / trans : []
[2026-09-28 10:08:00] [DEBUG] [ESE] Stored SID [TUDBU1R] and transition: []
[2026-09-28 10:08:00] [DEBUG] [ESE] Parsing SID [VADEN1J] - sid: [VADEN1J] / trans : []
[2026-09-28 10:08:00] [DEBUG] [ESE] Stored SID [VADEN1J] and transition: []
[2026-09-28 10:08:00] [DEBUG] [ESE] Parsing SID [VADEN1R] - sid: [VADEN1R] / trans : []
[2026-09-28 10:08:00] [DEBUG] [ESE] Stored SID [VADEN1R] and transition: []
[2026-09-28 10:08:00] [DEBUG] [ESE] Parsing SID [VICEN1J] - sid: [VICEN1J] / trans : []
[2026-09-28 10:08:00] [DEBUG] [ESE] Stored SID [VICEN1J] and transition: []
[2026-09-28 10:08:00] [DEBUG] [ESE] Parsing SID [BIG1J] - sid: [BIG1J] / trans : []
[2026-09-28 10:08:00] [DEBUG] [ESE] Stored SID [BIG1J] and transition: []
[2026-09-28 10:08:00] [DEBUG] [ESE] Parsing SID [BKZ4N] - sid: [BKZ4N] / trans : []
[2026-09-28 10:08:00] [DEBUG] [ESE] Stored SID [BKZ4N] and transition: []
[2026-09-28 10:08:00] [DEBUG] [ESE] Parsing SID [EKI1J] - sid: [EKI1J] / trans : []
[2026-09-28 10:08:00] [DEBUG] [ESE] Stored SID [EKI1J] and transition: []
[2026-09-28 10:08:00] [DEBUG] [ESE] Parsing SID [ERTAS1W] - sid: [ERTAS1W] / trans : []
[2026-09-28 10:08:00] [DEBUG] [ESE] Stored SID [ERTAS1W] and transition: []
[2026-09-28 10:08:00] [DEBUG] [ESE] Parsing SID [FENER1W] - sid: [FENER1W] / trans : []
[2026-09-28 10:08:00] [DEBUG] [ESE] Stored SID [FENER1W] and transition: []
[2026-09-28 10:08:00] [DEBUG] [ESE] Parsing SID [YAA1W] - sid: [YAA1W] / trans : []
[2026-09-28 10:08:00] [DEBUG] [ESE] Stored SID [YAA1W] and transition: []
[2026-09-28 10:08:00] [DEBUG] [ESE] Parsing SID [BARPE1W] - sid: [BARPE1W] / trans : []
[2026-09-28 10:08:00] [DEBUG] [ESE] Stored SID [BARPE1W] and transition: []
[2026-09-28 10:08:00] [DEBUG] [ESE] Parsing SID [EKAWE1W] - sid: [EKAWE1W] / trans : []
[2026-09-28 10:08:00] [DEBUG] [ESE] Stored SID [EKAWE1W] and transition: []
[2026-09-28 10:08:00] [DEBUG] [ESE] Parsing SID [EKAWE1Y] - sid: [EKAWE1Y] / trans : []
[2026-09-28 10:08:00] [DEBUG] [ESE] Stored SID [EKAWE1Y] and transition: []
[2026-09-28 10:08:00] [DEBUG] [ESE] Parsing SID [IBLAL1W] - sid: [IBLAL1W] / trans : []
[2026-09-28 10:08:00] [DEBUG] [ESE] Stored SID [IBLAL1W] and transition: []
[2026-09-28 10:08:00] [DEBUG] [ESE] Parsing SID [IBLAL1Y] - sid: [IBLAL1Y] / trans : []
[2026-09-28 10:08:00] [DEBUG] [ESE] Stored SID [IBLAL1Y] and transition: []
[2026-09-28 10:08:00] [DEBUG] [ESE] Parsing SID [IVGUS1W] - sid: [IVGUS1W] / trans : []
[2026-09-28 10:08:00] [DEBUG] [ESE] Stored SID [IVGUS1W] and transition: []
[2026-09-28 10:08:00] [DEBUG] [ESE] Parsing SID [MAKOL1W] - sid: [MAKOL1W] / trans : []
[2026-09-28 10:08:00] [DEBUG] [ESE] Stored SID [MAKOL1W] and transition: []
[2026-09-28 10:08:00] [DEBUG] [ESE] Parsing SID [MAKOL1Y] - sid: [MAKOL1Y] / trans : []
[2026-09-28 10:08:00] [DEBUG] [ESE] Stored SID [MAKOL1Y] and transition: []
[2026-09-28 10:08:00] [DEBUG] [ESE] Parsing SID [REZOV1W] - sid: [REZOV1W] / trans : []
[2026-09-28 10:08:00] [DEBUG] [ESE] Stored SID [REZOV1W] and transition: []
[2026-09-28 10:08:00] [DEBUG] [ESE] Parsing SID [REZOV1Y] - sid: [REZOV1Y] / trans : []
[2026-09-28 10:08:00] [DEBUG] [ESE] Stored SID [REZOV1Y] and transition: []
[2026-09-28 10:08:00] [DEBUG] [ESE] Parsing SID [ROXUK1W] - sid: [ROXUK1W] / trans : []
[2026-09-28 10:08:00] [DEBUG] [ESE] Stored SID [ROXUK1W] and transition: []
[2026-09-28 10:08:00] [DEBUG] [ESE] Parsing SID [TUDBU1W] - sid: [TUDBU1W] / trans : []
[2026-09-28 10:08:00] [DEBUG] [ESE] Stored SID [TUDBU1W] and transition: []
[2026-09-28 10:08:00] [DEBUG] [ESE] Parsing SID [TUDBU1Y] - sid: [TUDBU1Y] / trans : []
[2026-09-28 10:08:00] [DEBUG] [ESE] Stored SID [TUDBU1Y] and transition: []
[2026-09-28 10:08:00] [DEBUG] [ESE] Parsing SID [VADEN1W] - sid: [VADEN1W] / trans : []
[2026-09-28 10:08:00] [DEBUG] [ESE] Stored SID [VADEN1W] and transition: []
[2026-09-28 10:08:00] [DEBUG] [ESE] Parsing SID [VADEN1Y] - sid: [VADEN1Y] / trans : []
[2026-09-28 10:08:00] [DEBUG] [ESE] Stored SID [VADEN1Y] and transition: []
[2026-09-28 10:08:00] [DEBUG] [ESE] Parsing SID [VICEN1W] - sid: [VICEN1W] / trans : []
[2026-09-28 10:08:00] [DEBUG] [ESE] Stored SID [VICEN1W] and transition: []
[2026-09-28 10:08:00] [DEBUG] [ESE] Parsing SID [BIG1Y] - sid: [BIG1Y] / trans : []
[2026-09-28 10:08:00] [DEBUG] [ESE] Stored SID [BIG1Y] and transition: []
[2026-09-28 10:08:00] [DEBUG] [ESE] Parsing SID [BKZ1Y] - sid: [BKZ1Y] / trans : []
[2026-09-28 10:08:00] [DEBUG] [ESE] Stored SID [BKZ1Y] and transition: []
[2026-09-28 10:08:00] [DEBUG] [ESE] Parsing SID [EKI1Y] - sid: [EKI1Y] / trans : []
[2026-09-28 10:08:00] [DEBUG] [ESE] Stored SID [EKI1Y] and transition: []
[2026-09-28 10:08:00] [DEBUG] [ESE] Parsing SID [ERTAS1Y] - sid: [ERTAS1Y] / trans : []
[2026-09-28 10:08:00] [DEBUG] [ESE] Stored SID [ERTAS1Y] and transition: []
[2026-09-28 10:08:00] [DEBUG] [ESE] Parsing SID [FENER1Y] - sid: [FENER1Y] / trans : []
[2026-09-28 10:08:00] [DEBUG] [ESE] Stored SID [FENER1Y] and transition: []
[2026-09-28 10:08:00] [DEBUG] [ESE] Parsing SID [YAA1Y] - sid: [YAA1Y] / trans : []
[2026-09-28 10:08:00] [DEBUG] [ESE] Stored SID [YAA1Y] and transition: []
[2026-09-28 10:08:00] [DEBUG] [ESE] Parsing SID [BARPE1X] - sid: [BARPE1X] / trans : []
[2026-09-28 10:08:00] [DEBUG] [ESE] Stored SID [BARPE1X] and transition: []
[2026-09-28 10:08:00] [DEBUG] [ESE] Parsing SID [BARPE1Z] - sid: [BARPE1Z] / trans : []
[2026-09-28 10:08:00] [DEBUG] [ESE] Stored SID [BARPE1Z] and transition: []
[2026-09-28 10:08:00] [DEBUG] [ESE] Parsing SID [EKAWE1X] - sid: [EKAWE1X] / trans : []
[2026-09-28 10:08:00] [DEBUG] [ESE] Stored SID [EKAWE1X] and transition: []
[2026-09-28 10:08:00] [DEBUG] [ESE] Parsing SID [EKAWE1Z] - sid: [EKAWE1Z] / trans : []
[2026-09-28 10:08:00] [DEBUG] [ESE] Stored SID [EKAWE1Z] and transition: []
[2026-09-28 10:08:00] [DEBUG] [ESE] Parsing SID [IBLAL1X] - sid: [IBLAL1X] / trans : []
[2026-09-28 10:08:00] [DEBUG] [ESE] Stored SID [IBLAL1X] and transition: []
[2026-09-28 10:08:00] [DEBUG] [ESE] Parsing SID [IBLAL1Z] - sid: [IBLAL1Z] / trans : []
[2026-09-28 10:08:00] [DEBUG] [ESE] Stored SID [IBLAL1Z] and transition: []
[2026-09-28 10:08:00] [DEBUG] [ESE] Parsing SID [IVGUS1X] - sid: [IVGUS1X] / trans : []
[2026-09-28 10:08:00] [DEBUG] [ESE] Stored SID [IVGUS1X] and transition: []
[2026-09-28 10:08:00] [DEBUG] [ESE] Parsing SID [IVGUS1Z] - sid: [IVGUS1Z] / trans : []
[2026-09-28 10:08:00] [DEBUG] [ESE] Stored SID [IVGUS1Z] and transition: []
[2026-09-28 10:08:00] [DEBUG] [ESE] Parsing SID [MAKOL1X] - sid: [MAKOL1X] / trans : []
[2026-09-28 10:08:00] [DEBUG] [ESE] Stored SID [MAKOL1X] and transition: []
[2026-09-28 10:08:00] [DEBUG] [ESE] Parsing SID [MAKOL1Z] - sid: [MAKOL1Z] / trans : []
[2026-09-28 10:08:00] [DEBUG] [ESE] Stored SID [MAKOL1Z] and transition: []
[2026-09-28 10:08:00] [DEBUG] [ESE] Parsing SID [REZOV1X] - sid: [REZOV1X] / trans : []
[2026-09-28 10:08:00] [DEBUG] [ESE] Stored SID [REZOV1X] and transition: []
[2026-09-28 10:08:00] [DEBUG] [ESE] Parsing SID [REZOV1Z] - sid: [REZOV1Z] / trans : []
[2026-09-28 10:08:00] [DEBUG] [ESE] Stored SID [REZOV1Z] and transition: []
[2026-09-28 10:08:00] [DEBUG] [ESE] Parsing SID [ROXUK1X] - sid: [ROXUK1X] / trans : []
[2026-09-28 10:08:00] [DEBUG] [ESE] Stored SID [ROXUK1X] and transition: []
[2026-09-28 10:08:00] [DEBUG] [ESE] Parsing SID [TUDBU1X] - sid: [TUDBU1X] / trans : []
[2026-09-28 10:08:00] [DEBUG] [ESE] Stored SID [TUDBU1X] and transition: []
[2026-09-28 10:08:00] [DEBUG] [ESE] Parsing SID [TUDBU1Z] - sid: [TUDBU1Z] / trans : []
[2026-09-28 10:08:00] [DEBUG] [ESE] Stored SID [TUDBU1Z] and transition: []
[2026-09-28 10:08:00] [DEBUG] [ESE] Parsing SID [VADEN1X] - sid: [VADEN1X] / trans : []
[2026-09-28 10:08:00] [DEBUG] [ESE] Stored SID [VADEN1X] and transition: []
[2026-09-28 10:08:00] [DEBUG] [ESE] Parsing SID [VADEN1Z] - sid: [VADEN1Z] / trans : []
[2026-09-28 10:08:00] [DEBUG] [ESE] Stored SID [VADEN1Z] and transition: []
[2026-09-28 10:08:00] [DEBUG] [ESE] Parsing SID [VICEN1X] - sid: [VICEN1X] / trans : []
[2026-09-28 10:08:00] [DEBUG] [ESE] Stored SID [VICEN1X] and transition: []
[2026-09-28 10:08:00] [DEBUG] [ESE] Parsing SID [BIG1Z] - sid: [BIG1Z] / trans : []
[2026-09-28 10:08:00] [DEBUG] [ESE] Stored SID [BIG1Z] and transition: []
[2026-09-28 10:08:00] [DEBUG] [ESE] Parsing SID [BKZ1Z] - sid: [BKZ1Z] / trans : []
[2026-09-28 10:08:00] [DEBUG] [ESE] Stored SID [BKZ1Z] and transition: []
[2026-09-28 10:08:00] [DEBUG] [ESE] Parsing SID [EKI1Z] - sid: [EKI1Z] / trans : []
[2026-09-28 10:08:00] [DEBUG] [ESE] Stored SID [EKI1Z] and transition: []
[2026-09-28 10:08:00] [DEBUG] [ESE] Parsing SID [ERTAS1Z] - sid: [ERTAS1Z] / trans : []
[2026-09-28 10:08:00] [DEBUG] [ESE] Stored SID [ERTAS1Z] and transition: []
[2026-09-28 10:08:00] [DEBUG] [ESE] Parsing SID [FENER1Z] - sid: [FENER1Z] / trans : []
[2026-09-28 10:08:00] [DEBUG] [ESE] Stored SID [FENER1Z] and transition: []
[2026-09-28 10:08:00] [DEBUG] [ESE] Parsing SID [YAA1Z] - sid: [YAA1Z] / trans : []
[2026-09-28 10:08:00] [DEBUG] [ESE] Stored SID [YAA1Z] and transition: []
[2026-09-28 10:08:00] [DEBUG] [ESE] Parsing SID [BARPE1K] - sid: [BARPE1K] / trans : []
[2026-09-28 10:08:00] [DEBUG] [ESE] Stored SID [BARPE1K] and transition: []
[2026-09-28 10:08:00] [DEBUG] [ESE] Parsing SID [BARPE1S] - sid: [BARPE1S] / trans : []
[2026-09-28 10:08:00] [DEBUG] [ESE] Stored SID [BARPE1S] and transition: []
[2026-09-28 10:08:00] [DEBUG] [ESE] Parsing SID [EKAWE1K] - sid: [EKAWE1K] / trans : []
[2026-09-28 10:08:00] [DEBUG] [ESE] Stored SID [EKAWE1K] and transition: []
[2026-09-28 10:08:00] [DEBUG] [ESE] Parsing SID [EKAWE1S] - sid: [EKAWE1S] / trans : []
[2026-09-28 10:08:00] [DEBUG] [ESE] Stored SID [EKAWE1S] and transition: []
[2026-09-28 10:08:00] [DEBUG] [ESE] Parsing SID [IBLAL1K] - sid: [IBLAL1K] / trans : []
[2026-09-28 10:08:00] [DEBUG] [ESE] Stored SID [IBLAL1K] and transition: []
[2026-09-28 10:08:00] [DEBUG] [ESE] Parsing SID [IBLAL1S] - sid: [IBLAL1S] / trans : []
[2026-09-28 10:08:00] [DEBUG] [ESE] Stored SID [IBLAL1S] and transition: []
[2026-09-28 10:08:00] [DEBUG] [ESE] Parsing SID [IVGUS1K] - sid: [IVGUS1K] / trans : []
[2026-09-28 10:08:00] [DEBUG] [ESE] Stored SID [IVGUS1K] and transition: []
[2026-09-28 10:08:00] [DEBUG] [ESE] Parsing SID [IVGUS1S] - sid: [IVGUS1S] / trans : []
[2026-09-28 10:08:00] [DEBUG] [ESE] Stored SID [IVGUS1S] and transition: []
[2026-09-28 10:08:00] [DEBUG] [ESE] Parsing SID [MAKOL1K] - sid: [MAKOL1K] / trans : []
[2026-09-28 10:08:00] [DEBUG] [ESE] Stored SID [MAKOL1K] and transition: []
[2026-09-28 10:08:00] [DEBUG] [ESE] Parsing SID [MAKOL1S] - sid: [MAKOL1S] / trans : []
[2026-09-28 10:08:00] [DEBUG] [ESE] Stored SID [MAKOL1S] and transition: []
[2026-09-28 10:08:00] [DEBUG] [ESE] Parsing SID [REZOV1K] - sid: [REZOV1K] / trans : []
[2026-09-28 10:08:00] [DEBUG] [ESE] Stored SID [REZOV1K] and transition: []
[2026-09-28 10:08:00] [DEBUG] [ESE] Parsing SID [REZOV1S] - sid: [REZOV1S] / trans : []
[2026-09-28 10:08:00] [DEBUG] [ESE] Stored SID [REZOV1S] and transition: []
[2026-09-28 10:08:00] [DEBUG] [ESE] Parsing SID [ROXUK1K] - sid: [ROXUK1K] / trans : []
[2026-09-28 10:08:00] [DEBUG] [ESE] Stored SID [ROXUK1K] and transition: []
[2026-09-28 10:08:00] [DEBUG] [ESE] Parsing SID [TUDBU1K] - sid: [TUDBU1K] / trans : []
[2026-09-28 10:08:00] [DEBUG] [ESE] Stored SID [TUDBU1K] and transition: []
[2026-09-28 10:08:00] [DEBUG] [ESE] Parsing SID [TUDBU1S] - sid: [TUDBU1S] / trans : []
[2026-09-28 10:08:00] [DEBUG] [ESE] Stored SID [TUDBU1S] and transition: []
[2026-09-28 10:08:00] [DEBUG] [ESE] Parsing SID [VADEN1K] - sid: [VADEN1K] / trans : []
[2026-09-28 10:08:00] [DEBUG] [ESE] Stored SID [VADEN1K] and transition: []
[2026-09-28 10:08:00] [DEBUG] [ESE] Parsing SID [VADEN1S] - sid: [VADEN1S] / trans : []
[2026-09-28 10:08:00] [DEBUG] [ESE] Stored SID [VADEN1S] and transition: []
[2026-09-28 10:08:00] [DEBUG] [ESE] Parsing SID [VICEN1K] - sid: [VICEN1K] / trans : []
[2026-09-28 10:08:00] [DEBUG] [ESE] Stored SID [VICEN1K] and transition: []
[2026-09-28 10:08:00] [DEBUG] [ESE] Parsing SID [BIG1P] - sid: [BIG1P] / trans : []
[2026-09-28 10:08:00] [DEBUG] [ESE] Stored SID [BIG1P] and transition: []
[2026-09-28 10:08:00] [DEBUG] [ESE] Parsing SID [BKZ4P] - sid: [BKZ4P] / trans : []
[2026-09-28 10:08:00] [DEBUG] [ESE] Stored SID [BKZ4P] and transition: []
[2026-09-28 10:08:00] [DEBUG] [ESE] Parsing SID [EKI1P] - sid: [EKI1P] / trans : []
[2026-09-28 10:08:00] [DEBUG] [ESE] Stored SID [EKI1P] and transition: []
[2026-09-28 10:08:00] [DEBUG] [ESE] Parsing SID [ERTAS1P] - sid: [ERTAS1P] / trans : []
[2026-09-28 10:08:00] [DEBUG] [ESE] Stored SID [ERTAS1P] and transition: []
[2026-09-28 10:08:00] [DEBUG] [ESE] Parsing SID [FENER1P] - sid: [FENER1P] / trans : []
[2026-09-28 10:08:00] [DEBUG] [ESE] Stored SID [FENER1P] and transition: []
[2026-09-28 10:08:00] [DEBUG] [ESE] Parsing SID [YAA1P] - sid: [YAA1P] / trans : []
[2026-09-28 10:08:00] [DEBUG] [ESE] Stored SID [YAA1P] and transition: []
[2026-09-28 10:08:00] [DEBUG] [ESE] Parsing SID [GKA1A] - sid: [GKA1A] / trans : []
[2026-09-28 10:08:00] [DEBUG] [ESE] Stored SID [GKA1A] and transition: []
[2026-09-28 10:08:00] [DEBUG] [ESE] Parsing SID [BARPE1L] - sid: [BARPE1L] / trans : []
[2026-09-28 10:08:00] [DEBUG] [ESE] Stored SID [BARPE1L] and transition: []
[2026-09-28 10:08:00] [DEBUG] [ESE] Parsing SID [BARPE1M] - sid: [BARPE1M] / trans : []
[2026-09-28 10:08:00] [DEBUG] [ESE] Stored SID [BARPE1M] and transition: []
[2026-09-28 10:08:00] [DEBUG] [ESE] Parsing SID [BARPE1Y] - sid: [BARPE1Y] / trans : []
[2026-09-28 10:08:00] [DEBUG] [ESE] Stored SID [BARPE1Y] and transition: []
[2026-09-28 10:08:00] [DEBUG] [ESE] Parsing SID [EKAWE1L] - sid: [EKAWE1L] / trans : []
[2026-09-28 10:08:00] [DEBUG] [ESE] Stored SID [EKAWE1L] and transition: []
[2026-09-28 10:08:00] [DEBUG] [ESE] Parsing SID [EKAWE1M] - sid: [EKAWE1M] / trans : []
[2026-09-28 10:08:00] [DEBUG] [ESE] Stored SID [EKAWE1M] and transition: []
[2026-09-28 10:08:00] [DEBUG] [ESE] Parsing SID [IBLAL1L] - sid: [IBLAL1L] / trans : []
[2026-09-28 10:08:00] [DEBUG] [ESE] Stored SID [IBLAL1L] and transition: []
[2026-09-28 10:08:00] [DEBUG] [ESE] Parsing SID [IBLAL1M] - sid: [IBLAL1M] / trans : []
[2026-09-28 10:08:00] [DEBUG] [ESE] Stored SID [IBLAL1M] and transition: []
[2026-09-28 10:08:00] [DEBUG] [ESE] Parsing SID [IVGUS1L] - sid: [IVGUS1L] / trans : []
[2026-09-28 10:08:00] [DEBUG] [ESE] Stored SID [IVGUS1L] and transition: []
[2026-09-28 10:08:00] [DEBUG] [ESE] Parsing SID [IVGUS1M] - sid: [IVGUS1M] / trans : []
[2026-09-28 10:08:00] [DEBUG] [ESE] Stored SID [IVGUS1M] and transition: []
[2026-09-28 10:08:00] [DEBUG] [ESE] Parsing SID [IVGUS1Y] - sid: [IVGUS1Y] / trans : []
[2026-09-28 10:08:00] [DEBUG] [ESE] Stored SID [IVGUS1Y] and transition: []
[2026-09-28 10:08:00] [DEBUG] [ESE] Parsing SID [MAKOL1L] - sid: [MAKOL1L] / trans : []
[2026-09-28 10:08:00] [DEBUG] [ESE] Stored SID [MAKOL1L] and transition: []
[2026-09-28 10:08:00] [DEBUG] [ESE] Parsing SID [MAKOL1M] - sid: [MAKOL1M] / trans : []
[2026-09-28 10:08:00] [DEBUG] [ESE] Stored SID [MAKOL1M] and transition: []
[2026-09-28 10:08:00] [DEBUG] [ESE] Parsing SID [RATVU1L] - sid: [RATVU1L] / trans : []
[2026-09-28 10:08:00] [DEBUG] [ESE] Stored SID [RATVU1L] and transition: []
[2026-09-28 10:08:00] [DEBUG] [ESE] Parsing SID [RATVU1M] - sid: [RATVU1M] / trans : []
[2026-09-28 10:08:00] [DEBUG] [ESE] Stored SID [RATVU1M] and transition: []
[2026-09-28 10:08:00] [DEBUG] [ESE] Parsing SID [RATVU1Y] - sid: [RATVU1Y] / trans : []
[2026-09-28 10:08:00] [DEBUG] [ESE] Stored SID [RATVU1Y] and transition: []
[2026-09-28 10:08:00] [DEBUG] [ESE] Parsing SID [REZOV1L] - sid: [REZOV1L] / trans : []
[2026-09-28 10:08:00] [DEBUG] [ESE] Stored SID [REZOV1L] and transition: []
[2026-09-28 10:08:00] [DEBUG] [ESE] Parsing SID [REZOV1M] - sid: [REZOV1M] / trans : []
[2026-09-28 10:08:00] [DEBUG] [ESE] Stored SID [REZOV1M] and transition: []
[2026-09-28 10:08:00] [DEBUG] [ESE] Parsing SID [TUDBU1L] - sid: [TUDBU1L] / trans : []
[2026-09-28 10:08:00] [DEBUG] [ESE] Stored SID [TUDBU1L] and transition: []
[2026-09-28 10:08:00] [DEBUG] [ESE] Parsing SID [TUDBU1M] - sid: [TUDBU1M] / trans : []
[2026-09-28 10:08:00] [DEBUG] [ESE] Stored SID [TUDBU1M] and transition: []
[2026-09-28 10:08:00] [DEBUG] [ESE] Parsing SID [VADEN1L] - sid: [VADEN1L] / trans : []
[2026-09-28 10:08:00] [DEBUG] [ESE] Stored SID [VADEN1L] and transition: []
[2026-09-28 10:08:00] [DEBUG] [ESE] Parsing SID [VADEN1M] - sid: [VADEN1M] / trans : []
[2026-09-28 10:08:00] [DEBUG] [ESE] Stored SID [VADEN1M] and transition: []
[2026-09-28 10:08:00] [DEBUG] [ESE] Parsing SID [VICEN1L] - sid: [VICEN1L] / trans : []
[2026-09-28 10:08:00] [DEBUG] [ESE] Stored SID [VICEN1L] and transition: []
[2026-09-28 10:08:00] [DEBUG] [ESE] Parsing SID [VICEN1M] - sid: [VICEN1M] / trans : []
[2026-09-28 10:08:00] [DEBUG] [ESE] Stored SID [VICEN1M] and transition: []
[2026-09-28 10:08:00] [DEBUG] [ESE] Parsing SID [VICEN1Y] - sid: [VICEN1Y] / trans : []
[2026-09-28 10:08:00] [DEBUG] [ESE] Stored SID [VICEN1Y] and transition: []
[2026-09-28 10:08:00] [DEBUG] [ESE] Parsing SID [VICEN1Z] - sid: [VICEN1Z] / trans : []
[2026-09-28 10:08:00] [DEBUG] [ESE] Stored SID [VICEN1Z] and transition: []
[2026-09-28 10:08:00] [DEBUG] [ESE] Parsing SID [BARPE1F] - sid: [BARPE1F] / trans : []
[2026-09-28 10:08:00] [DEBUG] [ESE] Stored SID [BARPE1F] and transition: []
[2026-09-28 10:08:00] [DEBUG] [ESE] Parsing SID [EKAWE1F] - sid: [EKAWE1F] / trans : []
[2026-09-28 10:08:00] [DEBUG] [ESE] Stored SID [EKAWE1F] and transition: []
[2026-09-28 10:08:00] [DEBUG] [ESE] Parsing SID [IBLAL1F] - sid: [IBLAL1F] / trans : []
[2026-09-28 10:08:00] [DEBUG] [ESE] Stored SID [IBLAL1F] and transition: []
[2026-09-28 10:08:00] [DEBUG] [ESE] Parsing SID [IVGUS1F] - sid: [IVGUS1F] / trans : []
[2026-09-28 10:08:00] [DEBUG] [ESE] Stored SID [IVGUS1F] and transition: []
[2026-09-28 10:08:00] [DEBUG] [ESE] Parsing SID [MAKOL1F] - sid: [MAKOL1F] / trans : []
[2026-09-28 10:08:00] [DEBUG] [ESE] Stored SID [MAKOL1F] and transition: []
[2026-09-28 10:08:00] [DEBUG] [ESE] Parsing SID [RATVU1F] - sid: [RATVU1F] / trans : []
[2026-09-28 10:08:00] [DEBUG] [ESE] Stored SID [RATVU1F] and transition: []
[2026-09-28 10:08:00] [DEBUG] [ESE] Parsing SID [RATVU1T] - sid: [RATVU1T] / trans : []
[2026-09-28 10:08:00] [DEBUG] [ESE] Stored SID [RATVU1T] and transition: []
[2026-09-28 10:08:00] [DEBUG] [ESE] Parsing SID [REZOV1F] - sid: [REZOV1F] / trans : []
[2026-09-28 10:08:00] [DEBUG] [ESE] Stored SID [REZOV1F] and transition: []
[2026-09-28 10:08:00] [DEBUG] [ESE] Parsing SID [TUDBU1F] - sid: [TUDBU1F] / trans : []
[2026-09-28 10:08:00] [DEBUG] [ESE] Stored SID [TUDBU1F] and transition: []
[2026-09-28 10:08:00] [DEBUG] [ESE] Parsing SID [VADEN1F] - sid: [VADEN1F] / trans : []
[2026-09-28 10:08:00] [DEBUG] [ESE] Stored SID [VADEN1F] and transition: []
[2026-09-28 10:08:00] [DEBUG] [ESE] Parsing SID [VICEN1F] - sid: [VICEN1F] / trans : []
[2026-09-28 10:08:00] [DEBUG] [ESE] Stored SID [VICEN1F] and transition: []
[2026-09-28 10:08:00] [DEBUG] [ESE] Parsing SID [VICEN1T] - sid: [VICEN1T] / trans : []
[2026-09-28 10:08:00] [DEBUG] [ESE] Stored SID [VICEN1T] and transition: []
[2026-09-28 10:08:00] [DEBUG] [ESE] Parsing SID [LESQE1G] - sid: [LESQE1G] / trans : []
[2026-09-28 10:08:00] [DEBUG] [ESE] Stored SID [LESQE1G] and transition: []
[2026-09-28 10:08:00] [DEBUG] [ESE] Parsing SID [BARPE1F] - sid: [BARPE1F] / trans : []
[2026-09-28 10:08:00] [DEBUG] [ESE] Stored SID [BARPE1F] and transition: []
[2026-09-28 10:08:00] [DEBUG] [ESE] Parsing SID [EKAWE1F] - sid: [EKAWE1F] / trans : []
[2026-09-28 10:08:00] [DEBUG] [ESE] Stored SID [EKAWE1F] and transition: []
[2026-09-28 10:08:00] [DEBUG] [ESE] Parsing SID [IBLAL1F] - sid: [IBLAL1F] / trans : []
[2026-09-28 10:08:00] [DEBUG] [ESE] Stored SID [IBLAL1F] and transition: []
[2026-09-28 10:08:00] [DEBUG] [ESE] Parsing SID [IVGUS1F] - sid: [IVGUS1F] / trans : []
[2026-09-28 10:08:00] [DEBUG] [ESE] Stored SID [IVGUS1F] and transition: []
[2026-09-28 10:08:00] [DEBUG] [ESE] Parsing SID [MAKOL1F] - sid: [MAKOL1F] / trans : []
[2026-09-28 10:08:00] [DEBUG] [ESE] Stored SID [MAKOL1F] and transition: []
[2026-09-28 10:08:00] [DEBUG] [ESE] Parsing SID [RATVU1F] - sid: [RATVU1F] / trans : []
[2026-09-28 10:08:00] [DEBUG] [ESE] Stored SID [RATVU1F] and transition: []
[2026-09-28 10:08:00] [DEBUG] [ESE] Parsing SID [RATVU1T] - sid: [RATVU1T] / trans : []
[2026-09-28 10:08:00] [DEBUG] [ESE] Stored SID [RATVU1T] and transition: []
[2026-09-28 10:08:00] [DEBUG] [ESE] Parsing SID [REZOV1F] - sid: [REZOV1F] / trans : []
[2026-09-28 10:08:00] [DEBUG] [ESE] Stored SID [REZOV1F] and transition: []
[2026-09-28 10:08:00] [DEBUG] [ESE] Parsing SID [TUDBU1F] - sid: [TUDBU1F] / trans : []
[2026-09-28 10:08:00] [DEBUG] [ESE] Stored SID [TUDBU1F] and transition: []
[2026-09-28 10:08:00] [DEBUG] [ESE] Parsing SID [VADEN1F] - sid: [VADEN1F] / trans : []
[2026-09-28 10:08:00] [DEBUG] [ESE] Stored SID [VADEN1F] and transition: []
[2026-09-28 10:08:00] [DEBUG] [ESE] Parsing SID [VICEN1F] - sid: [VICEN1F] / trans : []
[2026-09-28 10:08:00] [DEBUG] [ESE] Stored SID [VICEN1F] and transition: []
[2026-09-28 10:08:00] [DEBUG] [ESE] Parsing SID [VICEN1T] - sid: [VICEN1T] / trans : []
[2026-09-28 10:08:00] [DEBUG] [ESE] Stored SID [VICEN1T] and transition: []
[2026-09-28 10:08:00] [DEBUG] [ESE] Parsing SID [LESQE1G] - sid: [LESQE1G] / trans : []
[2026-09-28 10:08:00] [DEBUG] [ESE] Stored SID [LESQE1G] and transition: []
[2026-09-28 10:08:00] [DEBUG] [ESE] Parsing SID [BARPE1G] - sid: [BARPE1G] / trans : []
[2026-09-28 10:08:00] [DEBUG] [ESE] Stored SID [BARPE1G] and transition: []
[2026-09-28 10:08:00] [DEBUG] [ESE] Parsing SID [EKAWE1G] - sid: [EKAWE1G] / trans : []
[2026-09-28 10:08:00] [DEBUG] [ESE] Stored SID [EKAWE1G] and transition: []
[2026-09-28 10:08:00] [DEBUG] [ESE] Parsing SID [IBLAL1G] - sid: [IBLAL1G] / trans : []
[2026-09-28 10:08:00] [DEBUG] [ESE] Stored SID [IBLAL1G] and transition: []
[2026-09-28 10:08:00] [DEBUG] [ESE] Parsing SID [IVGUS1G] - sid: [IVGUS1G] / trans : []
[2026-09-28 10:08:00] [DEBUG] [ESE] Stored SID [IVGUS1G] and transition: []
[2026-09-28 10:08:00] [DEBUG] [ESE] Parsing SID [MAKOL1G] - sid: [MAKOL1G] / trans : []
[2026-09-28 10:08:00] [DEBUG] [ESE] Stored SID [MAKOL1G] and transition: []
[2026-09-28 10:08:00] [DEBUG] [ESE] Parsing SID [RATVU1G] - sid: [RATVU1G] / trans : []
[2026-09-28 10:08:00] [DEBUG] [ESE] Stored SID [RATVU1G] and transition: []
[2026-09-28 10:08:00] [DEBUG] [ESE] Parsing SID [RATVU1U] - sid: [RATVU1U] / trans : []
[2026-09-28 10:08:00] [DEBUG] [ESE] Stored SID [RATVU1U] and transition: []
[2026-09-28 10:08:00] [DEBUG] [ESE] Parsing SID [REZOV1G] - sid: [REZOV1G] / trans : []
[2026-09-28 10:08:00] [DEBUG] [ESE] Stored SID [REZOV1G] and transition: []
[2026-09-28 10:08:00] [DEBUG] [ESE] Parsing SID [TUDBU1G] - sid: [TUDBU1G] / trans : []
[2026-09-28 10:08:00] [DEBUG] [ESE] Stored SID [TUDBU1G] and transition: []
[2026-09-28 10:08:00] [DEBUG] [ESE] Parsing SID [VADEN1G] - sid: [VADEN1G] / trans : []
[2026-09-28 10:08:00] [DEBUG] [ESE] Stored SID [VADEN1G] and transition: []
[2026-09-28 10:08:00] [DEBUG] [ESE] Parsing SID [VICEN1G] - sid: [VICEN1G] / trans : []
[2026-09-28 10:08:00] [DEBUG] [ESE] Stored SID [VICEN1G] and transition: []
[2026-09-28 10:08:00] [DEBUG] [ESE] Parsing SID [VICEN1U] - sid: [VICEN1U] / trans : []
[2026-09-28 10:08:00] [DEBUG] [ESE] Stored SID [VICEN1U] and transition: []
[2026-09-28 10:08:00] [DEBUG] [ESE] Parsing SID [IST1P] - sid: [IST1P] / trans : []
[2026-09-28 10:08:00] [DEBUG] [ESE] Stored SID [IST1P] and transition: []
[2026-09-28 10:08:00] [DEBUG] [ESE] Parsing SID [GAPDI1G] - sid: [GAPDI1G] / trans : []
[2026-09-28 10:08:00] [DEBUG] [ESE] Stored SID [GAPDI1G] and transition: []
[2026-09-28 10:08:00] [DEBUG] [ESE] Parsing SID [BARPE1G] - sid: [BARPE1G] / trans : []
[2026-09-28 10:08:00] [DEBUG] [ESE] Stored SID [BARPE1G] and transition: []
[2026-09-28 10:08:00] [DEBUG] [ESE] Parsing SID [EKAWE1G] - sid: [EKAWE1G] / trans : []
[2026-09-28 10:08:00] [DEBUG] [ESE] Stored SID [EKAWE1G] and transition: []
[2026-09-28 10:08:00] [DEBUG] [ESE] Parsing SID [IBLAL1G] - sid: [IBLAL1G] / trans : []
[2026-09-28 10:08:00] [DEBUG] [ESE] Stored SID [IBLAL1G] and transition: []
[2026-09-28 10:08:00] [DEBUG] [ESE] Parsing SID [IVGUS1G] - sid: [IVGUS1G] / trans : []
[2026-09-28 10:08:00] [DEBUG] [ESE] Stored SID [IVGUS1G] and transition: []
[2026-09-28 10:08:00] [DEBUG] [ESE] Parsing SID [MAKOL1G] - sid: [MAKOL1G] / trans : []
[2026-09-28 10:08:00] [DEBUG] [ESE] Stored SID [MAKOL1G] and transition: []
[2026-09-28 10:08:00] [DEBUG] [ESE] Parsing SID [RATVU1G] - sid: [RATVU1G] / trans : []
[2026-09-28 10:08:00] [DEBUG] [ESE] Stored SID [RATVU1G] and transition: []
[2026-09-28 10:08:00] [DEBUG] [ESE] Parsing SID [RATVU1U] - sid: [RATVU1U] / trans : []
[2026-09-28 10:08:00] [DEBUG] [ESE] Stored SID [RATVU1U] and transition: []
[2026-09-28 10:08:00] [DEBUG] [ESE] Parsing SID [REZOV1G] - sid: [REZOV1G] / trans : []
[2026-09-28 10:08:00] [DEBUG] [ESE] Stored SID [REZOV1G] and transition: []
[2026-09-28 10:08:00] [DEBUG] [ESE] Parsing SID [TUDBU1G] - sid: [TUDBU1G] / trans : []
[2026-09-28 10:08:00] [DEBUG] [ESE] Stored SID [TUDBU1G] and transition: []
[2026-09-28 10:08:00] [DEBUG] [ESE] Parsing SID [VADEN1G] - sid: [VADEN1G] / trans : []
[2026-09-28 10:08:00] [DEBUG] [ESE] Stored SID [VADEN1G] and transition: []
[2026-09-28 10:08:00] [DEBUG] [ESE] Parsing SID [VICEN1G] - sid: [VICEN1G] / trans : []
[2026-09-28 10:08:00] [DEBUG] [ESE] Stored SID [VICEN1G] and transition: []
[2026-09-28 10:08:00] [DEBUG] [ESE] Parsing SID [VICEN1U] - sid: [VICEN1U] / trans : []
[2026-09-28 10:08:00] [DEBUG] [ESE] Stored SID [VICEN1U] and transition: []
[2026-09-28 10:08:00] [DEBUG] [ESE] Parsing SID [IST1P] - sid: [IST1P] / trans : []
[2026-09-28 10:08:00] [DEBUG] [ESE] Stored SID [IST1P] and transition: []
[2026-09-28 10:08:00] [DEBUG] [ESE] Parsing SID [GAPDI1G] - sid: [GAPDI1G] / trans : []
[2026-09-28 10:08:00] [DEBUG] [ESE] Stored SID [GAPDI1G] and transition: []
[2026-09-28 10:08:00] [DEBUG] [ESE] Parsing SID [BARPE1H] - sid: [BARPE1H] / trans : []
[2026-09-28 10:08:00] [DEBUG] [ESE] Stored SID [BARPE1H] and transition: []
[2026-09-28 10:08:00] [DEBUG] [ESE] Parsing SID [BARPE1V] - sid: [BARPE1V] / trans : []
[2026-09-28 10:08:00] [DEBUG] [ESE] Stored SID [BARPE1V] and transition: []
[2026-09-28 10:08:00] [DEBUG] [ESE] Parsing SID [EKAWE1H] - sid: [EKAWE1H] / trans : []
[2026-09-28 10:08:00] [DEBUG] [ESE] Stored SID [EKAWE1H] and transition: []
[2026-09-28 10:08:00] [DEBUG] [ESE] Parsing SID [IBLAL1H] - sid: [IBLAL1H] / trans : []
[2026-09-28 10:08:00] [DEBUG] [ESE] Stored SID [IBLAL1H] and transition: []
[2026-09-28 10:08:00] [DEBUG] [ESE] Parsing SID [IVGUS1H] - sid: [IVGUS1H] / trans : []
[2026-09-28 10:08:00] [DEBUG] [ESE] Stored SID [IVGUS1H] and transition: []
[2026-09-28 10:08:00] [DEBUG] [ESE] Parsing SID [IVGUS1V] - sid: [IVGUS1V] / trans : []
[2026-09-28 10:08:00] [DEBUG] [ESE] Stored SID [IVGUS1V] and transition: []
[2026-09-28 10:08:00] [DEBUG] [ESE] Parsing SID [MAKOL1H] - sid: [MAKOL1H] / trans : []
[2026-09-28 10:08:00] [DEBUG] [ESE] Stored SID [MAKOL1H] and transition: []
[2026-09-28 10:08:00] [DEBUG] [ESE] Parsing SID [RATVU1H] - sid: [RATVU1H] / trans : []
[2026-09-28 10:08:00] [DEBUG] [ESE] Stored SID [RATVU1H] and transition: []
[2026-09-28 10:08:00] [DEBUG] [ESE] Parsing SID [RATVU1V] - sid: [RATVU1V] / trans : []
[2026-09-28 10:08:00] [DEBUG] [ESE] Stored SID [RATVU1V] and transition: []
[2026-09-28 10:08:00] [DEBUG] [ESE] Parsing SID [REZOV1H] - sid: [REZOV1H] / trans : []
[2026-09-28 10:08:00] [DEBUG] [ESE] Stored SID [REZOV1H] and transition: []
[2026-09-28 10:08:00] [DEBUG] [ESE] Parsing SID [TUDBU1H] - sid: [TUDBU1H] / trans : []
[2026-09-28 10:08:00] [DEBUG] [ESE] Stored SID [TUDBU1H] and transition: []
[2026-09-28 10:08:00] [DEBUG] [ESE] Parsing SID [VADEN1H] - sid: [VADEN1H] / trans : []
[2026-09-28 10:08:00] [DEBUG] [ESE] Stored SID [VADEN1H] and transition: []
[2026-09-28 10:08:00] [DEBUG] [ESE] Parsing SID [VICEN1H] - sid: [VICEN1H] / trans : []
[2026-09-28 10:08:00] [DEBUG] [ESE] Stored SID [VICEN1H] and transition: []
[2026-09-28 10:08:00] [DEBUG] [ESE] Parsing SID [VICEN1V] - sid: [VICEN1V] / trans : []
[2026-09-28 10:08:00] [DEBUG] [ESE] Stored SID [VICEN1V] and transition: []
[2026-09-28 10:08:00] [DEBUG] [ESE] Parsing SID [ASFON1G] - sid: [ASFON1G] / trans : []
[2026-09-28 10:08:00] [DEBUG] [ESE] Stored SID [ASFON1G] and transition: []
[2026-09-28 10:08:00] [DEBUG] [ESE] Parsing SID [BARPE1C] - sid: [BARPE1C] / trans : []
[2026-09-28 10:08:00] [DEBUG] [ESE] Stored SID [BARPE1C] and transition: []
[2026-09-28 10:08:00] [DEBUG] [ESE] Parsing SID [EKAWE1C] - sid: [EKAWE1C] / trans : []
[2026-09-28 10:08:00] [DEBUG] [ESE] Stored SID [EKAWE1C] and transition: []
[2026-09-28 10:08:00] [DEBUG] [ESE] Parsing SID [IBLAL1C] - sid: [IBLAL1C] / trans : []
[2026-09-28 10:08:00] [DEBUG] [ESE] Stored SID [IBLAL1C] and transition: []
[2026-09-28 10:08:00] [DEBUG] [ESE] Parsing SID [IVGUS1C] - sid: [IVGUS1C] / trans : []
[2026-09-28 10:08:00] [DEBUG] [ESE] Stored SID [IVGUS1C] and transition: []
[2026-09-28 10:08:00] [DEBUG] [ESE] Parsing SID [MAKOL1C] - sid: [MAKOL1C] / trans : []
[2026-09-28 10:08:00] [DEBUG] [ESE] Stored SID [MAKOL1C] and transition: []
[2026-09-28 10:08:00] [DEBUG] [ESE] Parsing SID [RATVU1C] - sid: [RATVU1C] / trans : []
[2026-09-28 10:08:00] [DEBUG] [ESE] Stored SID [RATVU1C] and transition: []
[2026-09-28 10:08:00] [DEBUG] [ESE] Parsing SID [REZOV1C] - sid: [REZOV1C] / trans : []
[2026-09-28 10:08:00] [DEBUG] [ESE] Stored SID [REZOV1C] and transition: []
[2026-09-28 10:08:00] [DEBUG] [ESE] Parsing SID [TUDBU1C] - sid: [TUDBU1C] / trans : []
[2026-09-28 10:08:00] [DEBUG] [ESE] Stored SID [TUDBU1C] and transition: []
[2026-09-28 10:08:00] [DEBUG] [ESE] Parsing SID [VADEN1C] - sid: [VADEN1C] / trans : []
[2026-09-28 10:08:00] [DEBUG] [ESE] Stored SID [VADEN1C] and transition: []
[2026-09-28 10:08:00] [DEBUG] [ESE] Parsing SID [VICEN1C] - sid: [VICEN1C] / trans : []
[2026-09-28 10:08:00] [DEBUG] [ESE] Stored SID [VICEN1C] and transition: []
[2026-09-28 10:08:00] [DEBUG] [ESE] Parsing SID [VICEN1Q] - sid: [VICEN1Q] / trans : []
[2026-09-28 10:08:00] [DEBUG] [ESE] Stored SID [VICEN1Q] and transition: []
[2026-09-28 10:08:00] [DEBUG] [ESE] Parsing SID [CEK1S] - sid: [CEK1S] / trans : []
[2026-09-28 10:08:00] [DEBUG] [ESE] Stored SID [CEK1S] and transition: []
[2026-09-28 10:08:00] [DEBUG] [ESE] Parsing SID [YAQZI1K] - sid: [YAQZI1K] / trans : []
[2026-09-28 10:08:00] [DEBUG] [ESE] Stored SID [YAQZI1K] and transition: []
[2026-09-28 10:08:00] [DEBUG] [ESE] Parsing SID [BARPE1C] - sid: [BARPE1C] / trans : []
[2026-09-28 10:08:00] [DEBUG] [ESE] Stored SID [BARPE1C] and transition: []
[2026-09-28 10:08:00] [DEBUG] [ESE] Parsing SID [EKAWE1C] - sid: [EKAWE1C] / trans : []
[2026-09-28 10:08:00] [DEBUG] [ESE] Stored SID [EKAWE1C] and transition: []
[2026-09-28 10:08:00] [DEBUG] [ESE] Parsing SID [IBLAL1C] - sid: [IBLAL1C] / trans : []
[2026-09-28 10:08:00] [DEBUG] [ESE] Stored SID [IBLAL1C] and transition: []
[2026-09-28 10:08:00] [DEBUG] [ESE] Parsing SID [IVGUS1C] - sid: [IVGUS1C] / trans : []
[2026-09-28 10:08:00] [DEBUG] [ESE] Stored SID [IVGUS1C] and transition: []
[2026-09-28 10:08:00] [DEBUG] [ESE] Parsing SID [MAKOL1C] - sid: [MAKOL1C] / trans : []
[2026-09-28 10:08:00] [DEBUG] [ESE] Stored SID [MAKOL1C] and transition: []
[2026-09-28 10:08:00] [DEBUG] [ESE] Parsing SID [RATVU1C] - sid: [RATVU1C] / trans : []
[2026-09-28 10:08:00] [DEBUG] [ESE] Stored SID [RATVU1C] and transition: []
[2026-09-28 10:08:00] [DEBUG] [ESE] Parsing SID [REZOV1C] - sid: [REZOV1C] / trans : []
[2026-09-28 10:08:00] [DEBUG] [ESE] Stored SID [REZOV1C] and transition: []
[2026-09-28 10:08:00] [DEBUG] [ESE] Parsing SID [TUDBU1C] - sid: [TUDBU1C] / trans : []
[2026-09-28 10:08:00] [DEBUG] [ESE] Stored SID [TUDBU1C] and transition: []
[2026-09-28 10:08:00] [DEBUG] [ESE] Parsing SID [VADEN1C] - sid: [VADEN1C] / trans : []
[2026-09-28 10:08:00] [DEBUG] [ESE] Stored SID [VADEN1C] and transition: []
[2026-09-28 10:08:00] [DEBUG] [ESE] Parsing SID [VICEN1C] - sid: [VICEN1C] / trans : []
[2026-09-28 10:08:00] [DEBUG] [ESE] Stored SID [VICEN1C] and transition: []
[2026-09-28 10:08:00] [DEBUG] [ESE] Parsing SID [VICEN1Q] - sid: [VICEN1Q] / trans : []
[2026-09-28 10:08:00] [DEBUG] [ESE] Stored SID [VICEN1Q] and transition: []
[2026-09-28 10:08:00] [DEBUG] [ESE] Parsing SID [CEK1S] - sid: [CEK1S] / trans : []
[2026-09-28 10:08:00] [DEBUG] [ESE] Stored SID [CEK1S] and transition: []
[2026-09-28 10:08:00] [DEBUG] [ESE] Parsing SID [YAQZI1K] - sid: [YAQZI1K] / trans : []
[2026-09-28 10:08:00] [DEBUG] [ESE] Stored SID [YAQZI1K] and transition: []
[2026-09-28 10:08:00] [DEBUG] [ESE] Parsing SID [BARPE1D] - sid: [BARPE1D] / trans : []
[2026-09-28 10:08:00] [DEBUG] [ESE] Stored SID [BARPE1D] and transition: []
[2026-09-28 10:08:00] [DEBUG] [ESE] Parsing SID [EKAWE1D] - sid: [EKAWE1D] / trans : []
[2026-09-28 10:08:00] [DEBUG] [ESE] Stored SID [EKAWE1D] and transition: []
[2026-09-28 10:08:00] [DEBUG] [ESE] Parsing SID [IBLAL1D] - sid: [IBLAL1D] / trans : []
[2026-09-28 10:08:00] [DEBUG] [ESE] Stored SID [IBLAL1D] and transition: []
[2026-09-28 10:08:00] [DEBUG] [ESE] Parsing SID [IVGUS1D] - sid: [IVGUS1D] / trans : []
[2026-09-28 10:08:00] [DEBUG] [ESE] Stored SID [IVGUS1D] and transition: []
[2026-09-28 10:08:00] [DEBUG] [ESE] Parsing SID [MAKOL1D] - sid: [MAKOL1D] / trans : []
[2026-09-28 10:08:00] [DEBUG] [ESE] Stored SID [MAKOL1D] and transition: []
[2026-09-28 10:08:00] [DEBUG] [ESE] Parsing SID [RATVU1D] - sid: [RATVU1D] / trans : []
[2026-09-28 10:08:00] [DEBUG] [ESE] Stored SID [RATVU1D] and transition: []
[2026-09-28 10:08:00] [DEBUG] [ESE] Parsing SID [REZOV1D] - sid: [REZOV1D] / trans : []
[2026-09-28 10:08:00] [DEBUG] [ESE] Stored SID [REZOV1D] and transition: []
[2026-09-28 10:08:00] [DEBUG] [ESE] Parsing SID [TUDBU1D] - sid: [TUDBU1D] / trans : []
[2026-09-28 10:08:00] [DEBUG] [ESE] Stored SID [TUDBU1D] and transition: []
[2026-09-28 10:08:00] [DEBUG] [ESE] Parsing SID [VADEN1D] - sid: [VADEN1D] / trans : []
[2026-09-28 10:08:00] [DEBUG] [ESE] Stored SID [VADEN1D] and transition: []
[2026-09-28 10:08:00] [DEBUG] [ESE] Parsing SID [VICEN1D] - sid: [VICEN1D] / trans : []
[2026-09-28 10:08:00] [DEBUG] [ESE] Stored SID [VICEN1D] and transition: []
[2026-09-28 10:08:00] [DEBUG] [ESE] Parsing SID [VICEN1R] - sid: [VICEN1R] / trans : []
[2026-09-28 10:08:00] [DEBUG] [ESE] Stored SID [VICEN1R] and transition: []
[2026-09-28 10:08:00] [DEBUG] [ESE] Parsing SID [IST1N] - sid: [IST1N] / trans : []
[2026-09-28 10:08:00] [DEBUG] [ESE] Stored SID [IST1N] and transition: []
[2026-09-28 10:08:00] [DEBUG] [ESE] Parsing SID [ELNIN1K] - sid: [ELNIN1K] / trans : []
[2026-09-28 10:08:00] [DEBUG] [ESE] Stored SID [ELNIN1K] and transition: []
[2026-09-28 10:08:00] [DEBUG] [ESE] Parsing SID [BARPE1D] - sid: [BARPE1D] / trans : []
[2026-09-28 10:08:00] [DEBUG] [ESE] Stored SID [BARPE1D] and transition: []
[2026-09-28 10:08:00] [DEBUG] [ESE] Parsing SID [EKAWE1D] - sid: [EKAWE1D] / trans : []
[2026-09-28 10:08:00] [DEBUG] [ESE] Stored SID [EKAWE1D] and transition: []
[2026-09-28 10:08:00] [DEBUG] [ESE] Parsing SID [IBLAL1D] - sid: [IBLAL1D] / trans : []
[2026-09-28 10:08:00] [DEBUG] [ESE] Stored SID [IBLAL1D] and transition: []
[2026-09-28 10:08:00] [DEBUG] [ESE] Parsing SID [IVGUS1D] - sid: [IVGUS1D] / trans : []
[2026-09-28 10:08:00] [DEBUG] [ESE] Stored SID [IVGUS1D] and transition: []
[2026-09-28 10:08:00] [DEBUG] [ESE] Parsing SID [MAKOL1D] - sid: [MAKOL1D] / trans : []
[2026-09-28 10:08:00] [DEBUG] [ESE] Stored SID [MAKOL1D] and transition: []
[2026-09-28 10:08:00] [DEBUG] [ESE] Parsing SID [RATVU1D] - sid: [RATVU1D] / trans : []
[2026-09-28 10:08:00] [DEBUG] [ESE] Stored SID [RATVU1D] and transition: []
[2026-09-28 10:08:00] [DEBUG] [ESE] Parsing SID [REZOV1D] - sid: [REZOV1D] / trans : []
[2026-09-28 10:08:00] [DEBUG] [ESE] Stored SID [REZOV1D] and transition: []
[2026-09-28 10:08:00] [DEBUG] [ESE] Parsing SID [TUDBU1D] - sid: [TUDBU1D] / trans : []
[2026-09-28 10:08:00] [DEBUG] [ESE] Stored SID [TUDBU1D] and transition: []
[2026-09-28 10:08:00] [DEBUG] [ESE] Parsing SID [VADEN1D] - sid: [VADEN1D] / trans : []
[2026-09-28 10:08:00] [DEBUG] [ESE] Stored SID [VADEN1D] and transition: []
[2026-09-28 10:08:00] [DEBUG] [ESE] Parsing SID [VICEN1D] - sid: [VICEN1D] / trans : []
[2026-09-28 10:08:00] [DEBUG] [ESE] Stored SID [VICEN1D] and transition: []
[2026-09-28 10:08:00] [DEBUG] [ESE] Parsing SID [VICEN1R] - sid: [VICEN1R] / trans : []
[2026-09-28 10:08:00] [DEBUG] [ESE] Stored SID [VICEN1R] and transition: []
[2026-09-28 10:08:00] [DEBUG] [ESE] Parsing SID [IST1N] - sid: [IST1N] / trans : []
[2026-09-28 10:08:00] [DEBUG] [ESE] Stored SID [IST1N] and transition: []
[2026-09-28 10:08:00] [DEBUG] [ESE] Parsing SID [ELNIN1K] - sid: [ELNIN1K] / trans : []
[2026-09-28 10:08:00] [DEBUG] [ESE] Stored SID [ELNIN1K] and transition: []
[2026-09-28 10:08:00] [DEBUG] [ESE] Parsing SID [BARPE1E] - sid: [BARPE1E] / trans : []
[2026-09-28 10:08:00] [DEBUG] [ESE] Stored SID [BARPE1E] and transition: []
[2026-09-28 10:08:00] [DEBUG] [ESE] Parsing SID [EKAWE1E] - sid: [EKAWE1E] / trans : []
[2026-09-28 10:08:00] [DEBUG] [ESE] Stored SID [EKAWE1E] and transition: []
[2026-09-28 10:08:00] [DEBUG] [ESE] Parsing SID [IBLAL1E] - sid: [IBLAL1E] / trans : []
[2026-09-28 10:08:00] [DEBUG] [ESE] Stored SID [IBLAL1E] and transition: []
[2026-09-28 10:08:00] [DEBUG] [ESE] Parsing SID [IVGUS1E] - sid: [IVGUS1E] / trans : []
[2026-09-28 10:08:00] [DEBUG] [ESE] Stored SID [IVGUS1E] and transition: []
[2026-09-28 10:08:00] [DEBUG] [ESE] Parsing SID [MAKOL1E] - sid: [MAKOL1E] / trans : []
[2026-09-28 10:08:00] [DEBUG] [ESE] Stored SID [MAKOL1E] and transition: []
[2026-09-28 10:08:00] [DEBUG] [ESE] Parsing SID [RATVU1E] - sid: [RATVU1E] / trans : []
[2026-09-28 10:08:00] [DEBUG] [ESE] Stored SID [RATVU1E] and transition: []
[2026-09-28 10:08:00] [DEBUG] [ESE] Parsing SID [REZOV1E] - sid: [REZOV1E] / trans : []
[2026-09-28 10:08:00] [DEBUG] [ESE] Stored SID [REZOV1E] and transition: []
[2026-09-28 10:08:00] [DEBUG] [ESE] Parsing SID [TUDBU1E] - sid: [TUDBU1E] / trans : []
[2026-09-28 10:08:00] [DEBUG] [ESE] Stored SID [TUDBU1E] and transition: []
[2026-09-28 10:08:00] [DEBUG] [ESE] Parsing SID [VADEN1E] - sid: [VADEN1E] / trans : []
[2026-09-28 10:08:00] [DEBUG] [ESE] Stored SID [VADEN1E] and transition: []
[2026-09-28 10:08:00] [DEBUG] [ESE] Parsing SID [VICEN1E] - sid: [VICEN1E] / trans : []
[2026-09-28 10:08:00] [DEBUG] [ESE] Stored SID [VICEN1E] and transition: []
[2026-09-28 10:08:00] [DEBUG] [ESE] Parsing SID [VICEN1S] - sid: [VICEN1S] / trans : []
[2026-09-28 10:08:00] [DEBUG] [ESE] Stored SID [VICEN1S] and transition: []
[2026-09-28 10:08:00] [DEBUG] [ESE] Parsing SID [ELCAH1K] - sid: [ELCAH1K] / trans : []
[2026-09-28 10:08:00] [DEBUG] [ESE] Stored SID [ELCAH1K] and transition: []
[2026-09-28 10:08:00] [DEBUG] [ESE] Parsing SID [IST1S] - sid: [IST1S] / trans : []
[2026-09-28 10:08:00] [DEBUG] [ESE] Stored SID [IST1S] and transition: []
[2026-09-28 10:08:00] [DEBUG] [ESE] Parsing SID [ATCEF1V] - sid: [ATCEF1V] / trans : []
[2026-09-28 10:08:00] [DEBUG] [ESE] Stored SID [ATCEF1V] and transition: []
[2026-09-28 10:08:00] [DEBUG] [ESE] Parsing SID [IFEMU1V] - sid: [IFEMU1V] / trans : []
[2026-09-28 10:08:00] [DEBUG] [ESE] Stored SID [IFEMU1V] and transition: []
[2026-09-28 10:08:00] [DEBUG] [ESE] Parsing SID [ZUBRE1V] - sid: [ZUBRE1V] / trans : []
[2026-09-28 10:08:00] [DEBUG] [ESE] Stored SID [ZUBRE1V] and transition: []
[2026-09-28 10:08:00] [DEBUG] [ESE] Parsing SID [ALNOZ1M] - sid: [ALNOZ1M] / trans : []
[2026-09-28 10:08:00] [DEBUG] [ESE] Stored SID [ALNOZ1M] and transition: []
[2026-09-28 10:08:00] [DEBUG] [ESE] Parsing SID [ATCEF1M] - sid: [ATCEF1M] / trans : []
[2026-09-28 10:08:00] [DEBUG] [ESE] Stored SID [ATCEF1M] and transition: []
[2026-09-28 10:08:00] [DEBUG] [ESE] Parsing SID [IFEMU1M] - sid: [IFEMU1M] / trans : []
[2026-09-28 10:08:00] [DEBUG] [ESE] Stored SID [IFEMU1M] and transition: []
[2026-09-28 10:08:00] [DEBUG] [ESE] Parsing SID [ZUBRE1M] - sid: [ZUBRE1M] / trans : []
[2026-09-28 10:08:00] [DEBUG] [ESE] Stored SID [ZUBRE1M] and transition: []
[2026-09-28 10:08:00] [DEBUG] [ESE] Parsing SID [ATCEF1T] - sid: [ATCEF1T] / trans : []
[2026-09-28 10:08:00] [DEBUG] [ESE] Stored SID [ATCEF1T] and transition: []
[2026-09-28 10:08:00] [DEBUG] [ESE] Parsing SID [IFEMU1T] - sid: [IFEMU1T] / trans : []
[2026-09-28 10:08:00] [DEBUG] [ESE] Stored SID [IFEMU1T] and transition: []
[2026-09-28 10:08:00] [DEBUG] [ESE] Parsing SID [ZUBRE1T] - sid: [ZUBRE1T] / trans : []
[2026-09-28 10:08:00] [DEBUG] [ESE] Stored SID [ZUBRE1T] and transition: []
[2026-09-28 10:08:00] [DEBUG] [ESE] Parsing SID [ALNOZ1N] - sid: [ALNOZ1N] / trans : []
[2026-09-28 10:08:00] [DEBUG] [ESE] Stored SID [ALNOZ1N] and transition: []
[2026-09-28 10:08:00] [DEBUG] [ESE] Parsing SID [ATCEF1N] - sid: [ATCEF1N] / trans : []
[2026-09-28 10:08:00] [DEBUG] [ESE] Stored SID [ATCEF1N] and transition: []
[2026-09-28 10:08:00] [DEBUG] [ESE] Parsing SID [IFEMU1N] - sid: [IFEMU1N] / trans : []
[2026-09-28 10:08:00] [DEBUG] [ESE] Stored SID [IFEMU1N] and transition: []
[2026-09-28 10:08:00] [DEBUG] [ESE] Parsing SID [ZUBRE1N] - sid: [ZUBRE1N] / trans : []
[2026-09-28 10:08:00] [DEBUG] [ESE] Stored SID [ZUBRE1N] and transition: []
[2026-09-28 10:08:00] [DEBUG] [ESE] Parsed [LTXX] - Added [326] stations | [1703] SIDs
[2026-09-28 10:08:00] [INFO] ESE parsing complete. [326] stations | [1703] SIDs
[2026-09-28 10:08:00] [DEBUG] [DEV] Github version [0.15.0.1]
[2026-09-28 10:08:00] [DEBUG] [DEV] No new version found on github
[2026-09-28 10:08:01] [INFO] Updated ESE data from async buffer
[2026-09-28 10:08:01] [INFO] Updating airports...
[2026-09-28 10:08:01] [DEBUG] [CONF] [ASFON_G (ID: 1)] wpt: ASFON
[2026-09-28 10:08:01] [DEBUG] [CONF] [ASFON_G (ID: 1)] rwys: 18
[2026-09-28 10:08:01] [DEBUG] [CONF] [ASFON_G (ID: 1)] equip: NON-RNAV allowed TRUE
[2026-09-28 10:08:01] [DEBUG] [CONF] [ASFON_G (ID: 1)] equip: RNAV allowed FALSE
[2026-09-28 10:08:01] [DEBUG] [CONF] [ASFON_G (ID: 1)] initialClimb: 8000
[2026-09-28 10:08:01] [DEBUG] [CONF] [ASFON_G (ID: 1)] climb via: FALSE
[2026-09-28 10:08:01] [DEBUG] [CONF] [ASFON_G (ID: 1)] prio: 6
[2026-09-28 10:08:01] [DEBUG] [CONF] [ASFON_G (ID: 1)] pilotfiled: FALSE
[2026-09-28 10:08:01] [DEBUG] [CONF] [ASFON_G (ID: 1)] wtc: 
[2026-09-28 10:08:01] [DEBUG] [CONF] [ASFON_G (ID: 1)] engType: 
[2026-09-28 10:08:01] [DEBUG] [CONF] [ASFON_G (ID: 1)] wingType: LSAT
[2026-09-28 10:08:01] [DEBUG] [CONF] [ASFON_G (ID: 1)] engCount: 0
[2026-09-28 10:08:01] [DEBUG] [CONF] [ASFON_G (ID: 1)] mtow: 0
[2026-09-28 10:08:01] [DEBUG] [CONF] [ASFON_G (ID: 1)] rule: 
[2026-09-28 10:08:01] [DEBUG] [CONF] [ASFON_G (ID: 1)] area: EAST
[2026-09-28 10:08:01] [DEBUG] [CONF] [ASFON_G (ID: 1)] lvp: -1
[2026-09-28 10:08:01] [DEBUG] [CONF] [ASFON_G (ID: 1)] timeFrom: -1
[2026-09-28 10:08:01] [DEBUG] [CONF] [ASFON_G (ID: 1)] timeTo: -1
[2026-09-28 10:08:01] [DEBUG] [CONF] [ASFON_G (ID: 2)] wpt: XXX
[2026-09-28 10:08:01] [DEBUG] [CONF] [ASFON_G (ID: 2)] rwys: 18
[2026-09-28 10:08:01] [DEBUG] [CONF] [ASFON_G (ID: 2)] equip: NON-RNAV allowed TRUE
[2026-09-28 10:08:01] [DEBUG] [CONF] [ASFON_G (ID: 2)] equip: RNAV allowed FALSE
[2026-09-28 10:08:01] [DEBUG] [CONF] [ASFON_G (ID: 2)] initialClimb: 8000
[2026-09-28 10:08:01] [DEBUG] [CONF] [ASFON_G (ID: 2)] climb via: FALSE
[2026-09-28 10:08:01] [DEBUG] [CONF] [ASFON_G (ID: 2)] prio: 8
[2026-09-28 10:08:01] [DEBUG] [CONF] [ASFON_G (ID: 2)] pilotfiled: FALSE
[2026-09-28 10:08:01] [DEBUG] [CONF] [ASFON_G (ID: 2)] wtc: 
[2026-09-28 10:08:01] [DEBUG] [CONF] [ASFON_G (ID: 2)] engType: 
[2026-09-28 10:08:01] [DEBUG] [CONF] [ASFON_G (ID: 2)] wingType: LSAT
[2026-09-28 10:08:01] [DEBUG] [CONF] [ASFON_G (ID: 2)] engCount: 0
[2026-09-28 10:08:01] [DEBUG] [CONF] [ASFON_G (ID: 2)] mtow: 0
[2026-09-28 10:08:01] [DEBUG] [CONF] [ASFON_G (ID: 2)] rule: 
[2026-09-28 10:08:01] [DEBUG] [CONF] [ASFON_G (ID: 2)] area: EAST
[2026-09-28 10:08:01] [DEBUG] [CONF] [ASFON_G (ID: 2)] lvp: -1
[2026-09-28 10:08:01] [DEBUG] [CONF] [ASFON_G (ID: 2)] timeFrom: -1
[2026-09-28 10:08:01] [DEBUG] [CONF] [ASFON_G (ID: 2)] timeTo: -1
[2026-09-28 10:08:01] [DEBUG] [CONF] [ASFON_G (ID: 3)] wpt: ASFON
[2026-09-28 10:08:01] [DEBUG] [CONF] [ASFON_G (ID: 3)] rwys: 18
[2026-09-28 10:08:01] [DEBUG] [CONF] [ASFON_G (ID: 3)] equip: NON-RNAV allowed TRUE
[2026-09-28 10:08:01] [DEBUG] [CONF] [ASFON_G (ID: 3)] equip: RNAV allowed FALSE
[2026-09-28 10:08:01] [DEBUG] [CONF] [ASFON_G (ID: 3)] initialClimb: 8000
[2026-09-28 10:08:01] [DEBUG] [CONF] [ASFON_G (ID: 3)] climb via: FALSE
[2026-09-28 10:08:01] [DEBUG] [CONF] [ASFON_G (ID: 3)] prio: 45
[2026-09-28 10:08:01] [DEBUG] [CONF] [ASFON_G (ID: 3)] pilotfiled: FALSE
[2026-09-28 10:08:01] [DEBUG] [CONF] [ASFON_G (ID: 3)] wtc: 
[2026-09-28 10:08:01] [DEBUG] [CONF] [ASFON_G (ID: 3)] engType: 
[2026-09-28 10:08:01] [DEBUG] [CONF] [ASFON_G (ID: 3)] wingType: LSAT
[2026-09-28 10:08:01] [DEBUG] [CONF] [ASFON_G (ID: 3)] engCount: 0
[2026-09-28 10:08:01] [DEBUG] [CONF] [ASFON_G (ID: 3)] mtow: 0
[2026-09-28 10:08:01] [DEBUG] [CONF] [ASFON_G (ID: 3)] rule: 
[2026-09-28 10:08:01] [DEBUG] [CONF] [ASFON_G (ID: 3)] area: 
[2026-09-28 10:08:01] [DEBUG] [CONF] [ASFON_G (ID: 3)] lvp: -1
[2026-09-28 10:08:01] [DEBUG] [CONF] [ASFON_G (ID: 3)] timeFrom: -1
[2026-09-28 10:08:01] [DEBUG] [CONF] [ASFON_G (ID: 3)] timeTo: -1
[2026-09-28 10:08:01] [DEBUG] [CONF] [ASFON_G (ID: 4)] wpt: XXX
[2026-09-28 10:08:01] [DEBUG] [CONF] [ASFON_G (ID: 4)] rwys: 18
[2026-09-28 10:08:01] [DEBUG] [CONF] [ASFON_G (ID: 4)] equip: NON-RNAV allowed TRUE
[2026-09-28 10:08:01] [DEBUG] [CONF] [ASFON_G (ID: 4)] equip: RNAV allowed FALSE
[2026-09-28 10:08:01] [DEBUG] [CONF] [ASFON_G (ID: 4)] initialClimb: 8000
[2026-09-28 10:08:01] [DEBUG] [CONF] [ASFON_G (ID: 4)] climb via: FALSE
[2026-09-28 10:08:01] [DEBUG] [CONF] [ASFON_G (ID: 4)] prio: 50
[2026-09-28 10:08:01] [DEBUG] [CONF] [ASFON_G (ID: 4)] pilotfiled: FALSE
[2026-09-28 10:08:01] [DEBUG] [CONF] [ASFON_G (ID: 4)] wtc: 
[2026-09-28 10:08:01] [DEBUG] [CONF] [ASFON_G (ID: 4)] engType: 
[2026-09-28 10:08:01] [DEBUG] [CONF] [ASFON_G (ID: 4)] wingType: LSAT
[2026-09-28 10:08:01] [DEBUG] [CONF] [ASFON_G (ID: 4)] engCount: 0
[2026-09-28 10:08:01] [DEBUG] [CONF] [ASFON_G (ID: 4)] mtow: 0
[2026-09-28 10:08:01] [DEBUG] [CONF] [ASFON_G (ID: 4)] rule: 
[2026-09-28 10:08:01] [DEBUG] [CONF] [ASFON_G (ID: 4)] area: 
[2026-09-28 10:08:01] [DEBUG] [CONF] [ASFON_G (ID: 4)] lvp: -1
[2026-09-28 10:08:01] [DEBUG] [CONF] [ASFON_G (ID: 4)] timeFrom: -1
[2026-09-28 10:08:01] [DEBUG] [CONF] [ASFON_G (ID: 4)] timeTo: -1
[2026-09-28 10:08:01] [DEBUG] [CONF] [BARPE_L (ID: 1)] wpt: BARPE
[2026-09-28 10:08:01] [DEBUG] [CONF] [BARPE_L (ID: 1)] rwys: 09
[2026-09-28 10:08:01] [DEBUG] [CONF] [BARPE_L (ID: 1)] equip: NON-RNAV allowed FALSE
[2026-09-28 10:08:01] [DEBUG] [CONF] [BARPE_L (ID: 1)] equip: RNAV allowed TRUE
[2026-09-28 10:08:01] [DEBUG] [CONF] [BARPE_L (ID: 1)] initialClimb: 6000
[2026-09-28 10:08:01] [DEBUG] [CONF] [BARPE_L (ID: 1)] climb via: FALSE
[2026-09-28 10:08:01] [DEBUG] [CONF] [BARPE_L (ID: 1)] prio: 3
[2026-09-28 10:08:01] [DEBUG] [CONF] [BARPE_L (ID: 1)] pilotfiled: FALSE
[2026-09-28 10:08:01] [DEBUG] [CONF] [BARPE_L (ID: 1)] actDepRwy: allow - all - 
[2026-09-28 10:08:01] [DEBUG] [CONF] [BARPE_L (ID: 1)] actDepRwy: allow - any - 34L,34R,35L,35R,36
[2026-09-28 10:08:01] [DEBUG] [CONF] [BARPE_L (ID: 1)] wtc: 
[2026-09-28 10:08:01] [DEBUG] [CONF] [BARPE_L (ID: 1)] engType: 
[2026-09-28 10:08:01] [DEBUG] [CONF] [BARPE_L (ID: 1)] wingType: LSAT
[2026-09-28 10:08:01] [DEBUG] [CONF] [BARPE_L (ID: 1)] engCount: 0
[2026-09-28 10:08:01] [DEBUG] [CONF] [BARPE_L (ID: 1)] mtow: 0
[2026-09-28 10:08:01] [DEBUG] [CONF] [BARPE_L (ID: 1)] rule: 
[2026-09-28 10:08:01] [DEBUG] [CONF] [BARPE_L (ID: 1)] area: EAST
[2026-09-28 10:08:01] [DEBUG] [CONF] [BARPE_L (ID: 1)] lvp: -1
[2026-09-28 10:08:01] [DEBUG] [CONF] [BARPE_L (ID: 1)] timeFrom: -1
[2026-09-28 10:08:01] [DEBUG] [CONF] [BARPE_L (ID: 1)] timeTo: -1
[2026-09-28 10:08:01] [DEBUG] [CONF] [BARPE_L (ID: 2)] wpt: BARPE
[2026-09-28 10:08:01] [DEBUG] [CONF] [BARPE_L (ID: 2)] rwys: 09
[2026-09-28 10:08:01] [DEBUG] [CONF] [BARPE_L (ID: 2)] equip: NON-RNAV allowed FALSE
[2026-09-28 10:08:01] [DEBUG] [CONF] [BARPE_L (ID: 2)] equip: RNAV allowed TRUE
[2026-09-28 10:08:01] [DEBUG] [CONF] [BARPE_L (ID: 2)] initialClimb: 6000
[2026-09-28 10:08:01] [DEBUG] [CONF] [BARPE_L (ID: 2)] climb via: FALSE
[2026-09-28 10:08:01] [DEBUG] [CONF] [BARPE_L (ID: 2)] prio: 36
[2026-09-28 10:08:01] [DEBUG] [CONF] [BARPE_L (ID: 2)] pilotfiled: FALSE
[2026-09-28 10:08:01] [DEBUG] [CONF] [BARPE_L (ID: 2)] actDepRwy: allow - all - 
[2026-09-28 10:08:01] [DEBUG] [CONF] [BARPE_L (ID: 2)] actDepRwy: allow - any - 34L,34R,35L,35R,36
[2026-09-28 10:08:01] [DEBUG] [CONF] [BARPE_L (ID: 2)] wtc: 
[2026-09-28 10:08:01] [DEBUG] [CONF] [BARPE_L (ID: 2)] engType: 
[2026-09-28 10:08:01] [DEBUG] [CONF] [BARPE_L (ID: 2)] wingType: LSAT
[2026-09-28 10:08:01] [DEBUG] [CONF] [BARPE_L (ID: 2)] engCount: 0
[2026-09-28 10:08:01] [DEBUG] [CONF] [BARPE_L (ID: 2)] mtow: 0
[2026-09-28 10:08:01] [DEBUG] [CONF] [BARPE_L (ID: 2)] rule: 
[2026-09-28 10:08:01] [DEBUG] [CONF] [BARPE_L (ID: 2)] area: 
[2026-09-28 10:08:01] [DEBUG] [CONF] [BARPE_L (ID: 2)] lvp: -1
[2026-09-28 10:08:01] [DEBUG] [CONF] [BARPE_L (ID: 2)] timeFrom: -1
[2026-09-28 10:08:01] [DEBUG] [CONF] [BARPE_L (ID: 2)] timeTo: -1
[2026-09-28 10:08:01] [DEBUG] [CONF] [BARPE_M (ID: 1)] wpt: BARPE
[2026-09-28 10:08:01] [DEBUG] [CONF] [BARPE_M (ID: 1)] rwys: 09
[2026-09-28 10:08:01] [DEBUG] [CONF] [BARPE_M (ID: 1)] equip: NON-RNAV allowed FALSE
[2026-09-28 10:08:01] [DEBUG] [CONF] [BARPE_M (ID: 1)] equip: RNAV allowed TRUE
[2026-09-28 10:08:01] [DEBUG] [CONF] [BARPE_M (ID: 1)] initialClimb: 6000
[2026-09-28 10:08:01] [DEBUG] [CONF] [BARPE_M (ID: 1)] climb via: FALSE
[2026-09-28 10:08:01] [DEBUG] [CONF] [BARPE_M (ID: 1)] prio: 3
[2026-09-28 10:08:01] [DEBUG] [CONF] [BARPE_M (ID: 1)] pilotfiled: FALSE
[2026-09-28 10:08:01] [DEBUG] [CONF] [BARPE_M (ID: 1)] actDepRwy: allow - all - 
[2026-09-28 10:08:01] [DEBUG] [CONF] [BARPE_M (ID: 1)] actDepRwy: allow - any - 16L,16R,17L,17R
[2026-09-28 10:08:01] [DEBUG] [CONF] [BARPE_M (ID: 1)] actDepRwy: deny - all - 
[2026-09-28 10:08:01] [DEBUG] [CONF] [BARPE_M (ID: 1)] actDepRwy: deny - any - 18
[2026-09-28 10:08:01] [DEBUG] [CONF] [BARPE_M (ID: 1)] wtc: 
[2026-09-28 10:08:01] [DEBUG] [CONF] [BARPE_M (ID: 1)] engType: 
[2026-09-28 10:08:01] [DEBUG] [CONF] [BARPE_M (ID: 1)] wingType: LSAT
[2026-09-28 10:08:01] [DEBUG] [CONF] [BARPE_M (ID: 1)] engCount: 0
[2026-09-28 10:08:01] [DEBUG] [CONF] [BARPE_M (ID: 1)] mtow: 0
[2026-09-28 10:08:01] [DEBUG] [CONF] [BARPE_M (ID: 1)] rule: 
[2026-09-28 10:08:01] [DEBUG] [CONF] [BARPE_M (ID: 1)] area: EAST
[2026-09-28 10:08:01] [DEBUG] [CONF] [BARPE_M (ID: 1)] lvp: -1
[2026-09-28 10:08:01] [DEBUG] [CONF] [BARPE_M (ID: 1)] timeFrom: -1
[2026-09-28 10:08:01] [DEBUG] [CONF] [BARPE_M (ID: 1)] timeTo: -1
[2026-09-28 10:08:01] [DEBUG] [CONF] [BARPE_M (ID: 2)] wpt: BARPE
[2026-09-28 10:08:01] [DEBUG] [CONF] [BARPE_M (ID: 2)] rwys: 09
[2026-09-28 10:08:01] [DEBUG] [CONF] [BARPE_M (ID: 2)] equip: NON-RNAV allowed FALSE
[2026-09-28 10:08:01] [DEBUG] [CONF] [BARPE_M (ID: 2)] equip: RNAV allowed TRUE
[2026-09-28 10:08:01] [DEBUG] [CONF] [BARPE_M (ID: 2)] initialClimb: 6000
[2026-09-28 10:08:01] [DEBUG] [CONF] [BARPE_M (ID: 2)] climb via: FALSE
[2026-09-28 10:08:01] [DEBUG] [CONF] [BARPE_M (ID: 2)] prio: 36
[2026-09-28 10:08:01] [DEBUG] [CONF] [BARPE_M (ID: 2)] pilotfiled: FALSE
[2026-09-28 10:08:01] [DEBUG] [CONF] [BARPE_M (ID: 2)] actDepRwy: allow - all - 
[2026-09-28 10:08:01] [DEBUG] [CONF] [BARPE_M (ID: 2)] actDepRwy: allow - any - 16L,16R,17L,17R
[2026-09-28 10:08:01] [DEBUG] [CONF] [BARPE_M (ID: 2)] actDepRwy: deny - all - 
[2026-09-28 10:08:01] [DEBUG] [CONF] [BARPE_M (ID: 2)] actDepRwy: deny - any - 18
[2026-09-28 10:08:01] [DEBUG] [CONF] [BARPE_M (ID: 2)] wtc: 
[2026-09-28 10:08:01] [DEBUG] [CONF] [BARPE_M (ID: 2)] engType: 
[2026-09-28 10:08:01] [DEBUG] [CONF] [BARPE_M (ID: 2)] wingType: LSAT
[2026-09-28 10:08:01] [DEBUG] [CONF] [BARPE_M (ID: 2)] engCount: 0
[2026-09-28 10:08:01] [DEBUG] [CONF] [BARPE_M (ID: 2)] mtow: 0
[2026-09-28 10:08:01] [DEBUG] [CONF] [BARPE_M (ID: 2)] rule: 
[2026-09-28 10:08:01] [DEBUG] [CONF] [BARPE_M (ID: 2)] area: 
[2026-09-28 10:08:01] [DEBUG] [CONF] [BARPE_M (ID: 2)] lvp: -1
[2026-09-28 10:08:01] [DEBUG] [CONF] [BARPE_M (ID: 2)] timeFrom: -1
[2026-09-28 10:08:01] [DEBUG] [CONF] [BARPE_M (ID: 2)] timeTo: -1
[2026-09-28 10:08:01] [DEBUG] [CONF] [BARPE_M (ID: 3)] wpt: BARPE
[2026-09-28 10:08:01] [DEBUG] [CONF] [BARPE_M (ID: 3)] rwys: 09
[2026-09-28 10:08:01] [DEBUG] [CONF] [BARPE_M (ID: 3)] equip: NON-RNAV allowed FALSE
[2026-09-28 10:08:01] [DEBUG] [CONF] [BARPE_M (ID: 3)] equip: RNAV allowed TRUE
[2026-09-28 10:08:01] [DEBUG] [CONF] [BARPE_M (ID: 3)] initialClimb: 6000
[2026-09-28 10:08:01] [DEBUG] [CONF] [BARPE_M (ID: 3)] climb via: FALSE
[2026-09-28 10:08:01] [DEBUG] [CONF] [BARPE_M (ID: 3)] prio: 40
[2026-09-28 10:08:01] [DEBUG] [CONF] [BARPE_M (ID: 3)] pilotfiled: FALSE
[2026-09-28 10:08:01] [DEBUG] [CONF] [BARPE_M (ID: 3)] actDepRwy: deny - all - 
[2026-09-28 10:08:01] [DEBUG] [CONF] [BARPE_M (ID: 3)] actDepRwy: deny - any - 16L,16R,17L,17R,18,34L,34R,35L,35R,36
[2026-09-28 10:08:01] [DEBUG] [CONF] [BARPE_M (ID: 3)] wtc: 
[2026-09-28 10:08:01] [DEBUG] [CONF] [BARPE_M (ID: 3)] engType: 
[2026-09-28 10:08:01] [DEBUG] [CONF] [BARPE_M (ID: 3)] wingType: LSAT
[2026-09-28 10:08:01] [DEBUG] [CONF] [BARPE_M (ID: 3)] engCount: 0
[2026-09-28 10:08:01] [DEBUG] [CONF] [BARPE_M (ID: 3)] mtow: 0
[2026-09-28 10:08:01] [DEBUG] [CONF] [BARPE_M (ID: 3)] rule: 
[2026-09-28 10:08:01] [DEBUG] [CONF] [BARPE_M (ID: 3)] area: 
[2026-09-28 10:08:01] [DEBUG] [CONF] [BARPE_M (ID: 3)] lvp: -1
[2026-09-28 10:08:01] [DEBUG] [CONF] [BARPE_M (ID: 3)] timeFrom: -1
[2026-09-28 10:08:01] [DEBUG] [CONF] [BARPE_M (ID: 3)] timeTo: -1
[2026-09-28 10:08:01] [DEBUG] [CONF] [BARPE_Y (ID: 1)] wpt: BARPE
[2026-09-28 10:08:01] [DEBUG] [CONF] [BARPE_Y (ID: 1)] rwys: 09
[2026-09-28 10:08:01] [DEBUG] [CONF] [BARPE_Y (ID: 1)] equip: NON-RNAV allowed FALSE
[2026-09-28 10:08:01] [DEBUG] [CONF] [BARPE_Y (ID: 1)] equip: RNAV allowed TRUE
[2026-09-28 10:08:01] [DEBUG] [CONF] [BARPE_Y (ID: 1)] initialClimb: 6000
[2026-09-28 10:08:01] [DEBUG] [CONF] [BARPE_Y (ID: 1)] climb via: FALSE
[2026-09-28 10:08:01] [DEBUG] [CONF] [BARPE_Y (ID: 1)] prio: 1
[2026-09-28 10:08:01] [DEBUG] [CONF] [BARPE_Y (ID: 1)] pilotfiled: FALSE
[2026-09-28 10:08:01] [DEBUG] [CONF] [BARPE_Y (ID: 1)] actDepRwy: allow - all - 
[2026-09-28 10:08:01] [DEBUG] [CONF] [BARPE_Y (ID: 1)] actDepRwy: allow - any - 16L,16R,17L,17R
[2026-09-28 10:08:01] [DEBUG] [CONF] [BARPE_Y (ID: 1)] actDepRwy: deny - all - 
[2026-09-28 10:08:01] [DEBUG] [CONF] [BARPE_Y (ID: 1)] actDepRwy: deny - any - 18
[2026-09-28 10:08:01] [DEBUG] [CONF] [BARPE_Y (ID: 1)] wtc: 
[2026-09-28 10:08:01] [DEBUG] [CONF] [BARPE_Y (ID: 1)] engType: 
[2026-09-28 10:08:01] [DEBUG] [CONF] [BARPE_Y (ID: 1)] wingType: LSAT
[2026-09-28 10:08:01] [DEBUG] [CONF] [BARPE_Y (ID: 1)] engCount: 0
[2026-09-28 10:08:01] [DEBUG] [CONF] [BARPE_Y (ID: 1)] mtow: 0
[2026-09-28 10:08:01] [DEBUG] [CONF] [BARPE_Y (ID: 1)] rule: OPPOSITE
[2026-09-28 10:08:01] [DEBUG] [CONF] [BARPE_Y (ID: 1)] area: EAST
[2026-09-28 10:08:01] [DEBUG] [CONF] [BARPE_Y (ID: 1)] lvp: -1
[2026-09-28 10:08:01] [DEBUG] [CONF] [BARPE_Y (ID: 1)] timeFrom: -1
[2026-09-28 10:08:01] [DEBUG] [CONF] [BARPE_Y (ID: 1)] timeTo: -1
[2026-09-28 10:08:01] [DEBUG] [CONF] [BARPE_Y (ID: 2)] wpt: BARPE
[2026-09-28 10:08:01] [DEBUG] [CONF] [BARPE_Y (ID: 2)] rwys: 09
[2026-09-28 10:08:01] [DEBUG] [CONF] [BARPE_Y (ID: 2)] equip: NON-RNAV allowed FALSE
[2026-09-28 10:08:01] [DEBUG] [CONF] [BARPE_Y (ID: 2)] equip: RNAV allowed TRUE
[2026-09-28 10:08:01] [DEBUG] [CONF] [BARPE_Y (ID: 2)] initialClimb: 6000
[2026-09-28 10:08:01] [DEBUG] [CONF] [BARPE_Y (ID: 2)] climb via: FALSE
[2026-09-28 10:08:01] [DEBUG] [CONF] [BARPE_Y (ID: 2)] prio: 32
[2026-09-28 10:08:01] [DEBUG] [CONF] [BARPE_Y (ID: 2)] pilotfiled: FALSE
[2026-09-28 10:08:01] [DEBUG] [CONF] [BARPE_Y (ID: 2)] actDepRwy: allow - all - 
[2026-09-28 10:08:01] [DEBUG] [CONF] [BARPE_Y (ID: 2)] actDepRwy: allow - any - 16L,16R,17L,17R
[2026-09-28 10:08:01] [DEBUG] [CONF] [BARPE_Y (ID: 2)] actDepRwy: deny - all - 
[2026-09-28 10:08:01] [DEBUG] [CONF] [BARPE_Y (ID: 2)] actDepRwy: deny - any - 18
[2026-09-28 10:08:01] [DEBUG] [CONF] [BARPE_Y (ID: 2)] wtc: 
[2026-09-28 10:08:01] [DEBUG] [CONF] [BARPE_Y (ID: 2)] engType: 
[2026-09-28 10:08:01] [DEBUG] [CONF] [BARPE_Y (ID: 2)] wingType: LSAT
[2026-09-28 10:08:01] [DEBUG] [CONF] [BARPE_Y (ID: 2)] engCount: 0
[2026-09-28 10:08:01] [DEBUG] [CONF] [BARPE_Y (ID: 2)] mtow: 0
[2026-09-28 10:08:01] [DEBUG] [CONF] [BARPE_Y (ID: 2)] rule: OPPOSITE
[2026-09-28 10:08:01] [DEBUG] [CONF] [BARPE_Y (ID: 2)] area: 
[2026-09-28 10:08:01] [DEBUG] [CONF] [BARPE_Y (ID: 2)] lvp: -1
[2026-09-28 10:08:01] [DEBUG] [CONF] [BARPE_Y (ID: 2)] timeFrom: -1
[2026-09-28 10:08:01] [DEBUG] [CONF] [BARPE_Y (ID: 2)] timeTo: -1
[2026-09-28 10:08:01] [DEBUG] [CONF] [BARPE_C (ID: 1)] wpt: BARPE
[2026-09-28 10:08:01] [DEBUG] [CONF] [BARPE_C (ID: 1)] rwys: 34L,34R
[2026-09-28 10:08:01] [DEBUG] [CONF] [BARPE_C (ID: 1)] equip: NON-RNAV allowed FALSE
[2026-09-28 10:08:01] [DEBUG] [CONF] [BARPE_C (ID: 1)] equip: RNAV allowed TRUE
[2026-09-28 10:08:01] [DEBUG] [CONF] [BARPE_C (ID: 1)] initialClimb: 4000
[2026-09-28 10:08:01] [DEBUG] [CONF] [BARPE_C (ID: 1)] climb via: FALSE
[2026-09-28 10:08:01] [DEBUG] [CONF] [BARPE_C (ID: 1)] prio: 15
[2026-09-28 10:08:01] [DEBUG] [CONF] [BARPE_C (ID: 1)] pilotfiled: FALSE
[2026-09-28 10:08:01] [DEBUG] [CONF] [BARPE_C (ID: 1)] wtc: 
[2026-09-28 10:08:01] [DEBUG] [CONF] [BARPE_C (ID: 1)] engType: 
[2026-09-28 10:08:01] [DEBUG] [CONF] [BARPE_C (ID: 1)] wingType: LSAT
[2026-09-28 10:08:01] [DEBUG] [CONF] [BARPE_C (ID: 1)] engCount: 0
[2026-09-28 10:08:01] [DEBUG] [CONF] [BARPE_C (ID: 1)] mtow: 0
[2026-09-28 10:08:01] [DEBUG] [CONF] [BARPE_C (ID: 1)] rule: 
[2026-09-28 10:08:01] [DEBUG] [CONF] [BARPE_C (ID: 1)] area: 
[2026-09-28 10:08:01] [DEBUG] [CONF] [BARPE_C (ID: 1)] lvp: -1
[2026-09-28 10:08:01] [DEBUG] [CONF] [BARPE_C (ID: 1)] timeFrom: -1
[2026-09-28 10:08:01] [DEBUG] [CONF] [BARPE_C (ID: 1)] timeTo: -1
[2026-09-28 10:08:01] [DEBUG] [CONF] [BARPE_D (ID: 1)] wpt: BARPE
[2026-09-28 10:08:01] [DEBUG] [CONF] [BARPE_D (ID: 1)] rwys: 35L,35R
[2026-09-28 10:08:01] [DEBUG] [CONF] [BARPE_D (ID: 1)] equip: NON-RNAV allowed FALSE
[2026-09-28 10:08:01] [DEBUG] [CONF] [BARPE_D (ID: 1)] equip: RNAV allowed TRUE
[2026-09-28 10:08:01] [DEBUG] [CONF] [BARPE_D (ID: 1)] initialClimb: 5000
[2026-09-28 10:08:01] [DEBUG] [CONF] [BARPE_D (ID: 1)] climb via: FALSE
[2026-09-28 10:08:01] [DEBUG] [CONF] [BARPE_D (ID: 1)] prio: 15
[2026-09-28 10:08:01] [DEBUG] [CONF] [BARPE_D (ID: 1)] pilotfiled: FALSE
[2026-09-28 10:08:01] [DEBUG] [CONF] [BARPE_D (ID: 1)] actDepRwy: deny - all - 
[2026-09-28 10:08:01] [DEBUG] [CONF] [BARPE_D (ID: 1)] actDepRwy: deny - any - 34L,34R
[2026-09-28 10:08:01] [DEBUG] [CONF] [BARPE_D (ID: 1)] wtc: 
[2026-09-28 10:08:01] [DEBUG] [CONF] [BARPE_D (ID: 1)] engType: 
[2026-09-28 10:08:01] [DEBUG] [CONF] [BARPE_D (ID: 1)] wingType: LSAT
[2026-09-28 10:08:01] [DEBUG] [CONF] [BARPE_D (ID: 1)] engCount: 0
[2026-09-28 10:08:01] [DEBUG] [CONF] [BARPE_D (ID: 1)] mtow: 0
[2026-09-28 10:08:01] [DEBUG] [CONF] [BARPE_D (ID: 1)] rule: 
[2026-09-28 10:08:01] [DEBUG] [CONF] [BARPE_D (ID: 1)] area: 
[2026-09-28 10:08:01] [DEBUG] [CONF] [BARPE_D (ID: 1)] lvp: -1
[2026-09-28 10:08:01] [DEBUG] [CONF] [BARPE_D (ID: 1)] timeFrom: -1
[2026-09-28 10:08:01] [DEBUG] [CONF] [BARPE_D (ID: 1)] timeTo: -1
[2026-09-28 10:08:01] [DEBUG] [CONF] [BARPE_E (ID: 1)] wpt: BARPE
[2026-09-28 10:08:01] [DEBUG] [CONF] [BARPE_E (ID: 1)] rwys: 36
[2026-09-28 10:08:01] [DEBUG] [CONF] [BARPE_E (ID: 1)] equip: NON-RNAV allowed FALSE
[2026-09-28 10:08:01] [DEBUG] [CONF] [BARPE_E (ID: 1)] equip: RNAV allowed TRUE
[2026-09-28 10:08:01] [DEBUG] [CONF] [BARPE_E (ID: 1)] initialClimb: 8000
[2026-09-28 10:08:01] [DEBUG] [CONF] [BARPE_E (ID: 1)] climb via: FALSE
[2026-09-28 10:08:01] [DEBUG] [CONF] [BARPE_E (ID: 1)] prio: 4
[2026-09-28 10:08:01] [DEBUG] [CONF] [BARPE_E (ID: 1)] pilotfiled: FALSE
[2026-09-28 10:08:01] [DEBUG] [CONF] [BARPE_E (ID: 1)] actDepRwy: deny - all - 
[2026-09-28 10:08:01] [DEBUG] [CONF] [BARPE_E (ID: 1)] actDepRwy: deny - any - 09
[2026-09-28 10:08:01] [DEBUG] [CONF] [BARPE_E (ID: 1)] wtc: 
[2026-09-28 10:08:01] [DEBUG] [CONF] [BARPE_E (ID: 1)] engType: 
[2026-09-28 10:08:01] [DEBUG] [CONF] [BARPE_E (ID: 1)] wingType: LSAT
[2026-09-28 10:08:01] [DEBUG] [CONF] [BARPE_E (ID: 1)] engCount: 0
[2026-09-28 10:08:01] [DEBUG] [CONF] [BARPE_E (ID: 1)] mtow: 0
[2026-09-28 10:08:01] [DEBUG] [CONF] [BARPE_E (ID: 1)] rule: 
[2026-09-28 10:08:01] [DEBUG] [CONF] [BARPE_E (ID: 1)] area: EAST
[2026-09-28 10:08:01] [DEBUG] [CONF] [BARPE_E (ID: 1)] lvp: -1
[2026-09-28 10:08:01] [DEBUG] [CONF] [BARPE_E (ID: 1)] timeFrom: -1
[2026-09-28 10:08:01] [DEBUG] [CONF] [BARPE_E (ID: 1)] timeTo: -1
[2026-09-28 10:08:01] [DEBUG] [CONF] [BARPE_E (ID: 2)] wpt: BARPE
[2026-09-28 10:08:01] [DEBUG] [CONF] [BARPE_E (ID: 2)] rwys: 36
[2026-09-28 10:08:01] [DEBUG] [CONF] [BARPE_E (ID: 2)] equip: NON-RNAV allowed FALSE
[2026-09-28 10:08:01] [DEBUG] [CONF] [BARPE_E (ID: 2)] equip: RNAV allowed TRUE
[2026-09-28 10:08:01] [DEBUG] [CONF] [BARPE_E (ID: 2)] initialClimb: 8000
[2026-09-28 10:08:01] [DEBUG] [CONF] [BARPE_E (ID: 2)] climb via: FALSE
[2026-09-28 10:08:01] [DEBUG] [CONF] [BARPE_E (ID: 2)] prio: 38
[2026-09-28 10:08:01] [DEBUG] [CONF] [BARPE_E (ID: 2)] pilotfiled: FALSE
[2026-09-28 10:08:01] [DEBUG] [CONF] [BARPE_E (ID: 2)] actDepRwy: deny - all - 
[2026-09-28 10:08:01] [DEBUG] [CONF] [BARPE_E (ID: 2)] actDepRwy: deny - any - 09
[2026-09-28 10:08:01] [DEBUG] [CONF] [BARPE_E (ID: 2)] wtc: 
[2026-09-28 10:08:01] [DEBUG] [CONF] [BARPE_E (ID: 2)] engType: 
[2026-09-28 10:08:01] [DEBUG] [CONF] [BARPE_E (ID: 2)] wingType: LSAT
[2026-09-28 10:08:01] [DEBUG] [CONF] [BARPE_E (ID: 2)] engCount: 0
[2026-09-28 10:08:01] [DEBUG] [CONF] [BARPE_E (ID: 2)] mtow: 0
[2026-09-28 10:08:01] [DEBUG] [CONF] [BARPE_E (ID: 2)] rule: 
[2026-09-28 10:08:01] [DEBUG] [CONF] [BARPE_E (ID: 2)] area: 
[2026-09-28 10:08:01] [DEBUG] [CONF] [BARPE_E (ID: 2)] lvp: -1
[2026-09-28 10:08:01] [DEBUG] [CONF] [BARPE_E (ID: 2)] timeFrom: -1
[2026-09-28 10:08:01] [DEBUG] [CONF] [BARPE_E (ID: 2)] timeTo: -1
[2026-09-28 10:08:01] [DEBUG] [CONF] [BARPE_F (ID: 1)] wpt: BARPE
[2026-09-28 10:08:01] [DEBUG] [CONF] [BARPE_F (ID: 1)] rwys: 16L,16R
[2026-09-28 10:08:01] [DEBUG] [CONF] [BARPE_F (ID: 1)] equip: NON-RNAV allowed FALSE
[2026-09-28 10:08:01] [DEBUG] [CONF] [BARPE_F (ID: 1)] equip: RNAV allowed TRUE
[2026-09-28 10:08:01] [DEBUG] [CONF] [BARPE_F (ID: 1)] initialClimb: 4000
[2026-09-28 10:08:01] [DEBUG] [CONF] [BARPE_F (ID: 1)] climb via: FALSE
[2026-09-28 10:08:01] [DEBUG] [CONF] [BARPE_F (ID: 1)] prio: 15
[2026-09-28 10:08:01] [DEBUG] [CONF] [BARPE_F (ID: 1)] pilotfiled: FALSE
[2026-09-28 10:08:01] [DEBUG] [CONF] [BARPE_F (ID: 1)] actDepRwy: deny - all - 
[2026-09-28 10:08:01] [DEBUG] [CONF] [BARPE_F (ID: 1)] actDepRwy: deny - any - 17L,17R
[2026-09-28 10:08:01] [DEBUG] [CONF] [BARPE_F (ID: 1)] wtc: 
[2026-09-28 10:08:01] [DEBUG] [CONF] [BARPE_F (ID: 1)] engType: 
[2026-09-28 10:08:01] [DEBUG] [CONF] [BARPE_F (ID: 1)] wingType: LSAT
[2026-09-28 10:08:01] [DEBUG] [CONF] [BARPE_F (ID: 1)] engCount: 0
[2026-09-28 10:08:01] [DEBUG] [CONF] [BARPE_F (ID: 1)] mtow: 0
[2026-09-28 10:08:01] [DEBUG] [CONF] [BARPE_F (ID: 1)] rule: 
[2026-09-28 10:08:01] [DEBUG] [CONF] [BARPE_F (ID: 1)] area: 
[2026-09-28 10:08:01] [DEBUG] [CONF] [BARPE_F (ID: 1)] lvp: -1
[2026-09-28 10:08:01] [DEBUG] [CONF] [BARPE_F (ID: 1)] timeFrom: -1
[2026-09-28 10:08:01] [DEBUG] [CONF] [BARPE_F (ID: 1)] timeTo: -1
[2026-09-28 10:08:01] [DEBUG] [CONF] [BARPE_G (ID: 1)] wpt: BARPE
[2026-09-28 10:08:01] [DEBUG] [CONF] [BARPE_G (ID: 1)] rwys: 17L,17R
[2026-09-28 10:08:01] [DEBUG] [CONF] [BARPE_G (ID: 1)] equip: NON-RNAV allowed FALSE
[2026-09-28 10:08:01] [DEBUG] [CONF] [BARPE_G (ID: 1)] equip: RNAV allowed TRUE
[2026-09-28 10:08:01] [DEBUG] [CONF] [BARPE_G (ID: 1)] initialClimb: 5000
[2026-09-28 10:08:01] [DEBUG] [CONF] [BARPE_G (ID: 1)] climb via: FALSE
[2026-09-28 10:08:01] [DEBUG] [CONF] [BARPE_G (ID: 1)] prio: 15
[2026-09-28 10:08:01] [DEBUG] [CONF] [BARPE_G (ID: 1)] pilotfiled: FALSE
[2026-09-28 10:08:01] [DEBUG] [CONF] [BARPE_G (ID: 1)] wtc: 
[2026-09-28 10:08:01] [DEBUG] [CONF] [BARPE_G (ID: 1)] engType: 
[2026-09-28 10:08:01] [DEBUG] [CONF] [BARPE_G (ID: 1)] wingType: LSAT
[2026-09-28 10:08:01] [DEBUG] [CONF] [BARPE_G (ID: 1)] engCount: 0
[2026-09-28 10:08:01] [DEBUG] [CONF] [BARPE_G (ID: 1)] mtow: 0
[2026-09-28 10:08:01] [DEBUG] [CONF] [BARPE_G (ID: 1)] rule: 
[2026-09-28 10:08:01] [DEBUG] [CONF] [BARPE_G (ID: 1)] area: 
[2026-09-28 10:08:01] [DEBUG] [CONF] [BARPE_G (ID: 1)] lvp: -1
[2026-09-28 10:08:01] [DEBUG] [CONF] [BARPE_G (ID: 1)] timeFrom: -1
[2026-09-28 10:08:01] [DEBUG] [CONF] [BARPE_G (ID: 1)] timeTo: -1
[2026-09-28 10:08:01] [DEBUG] [CONF] [BARPE_H (ID: 1)] wpt: BARPE
[2026-09-28 10:08:01] [DEBUG] [CONF] [BARPE_H (ID: 1)] rwys: 18
[2026-09-28 10:08:01] [DEBUG] [CONF] [BARPE_H (ID: 1)] equip: NON-RNAV allowed FALSE
[2026-09-28 10:08:01] [DEBUG] [CONF] [BARPE_H (ID: 1)] equip: RNAV allowed TRUE
[2026-09-28 10:08:01] [DEBUG] [CONF] [BARPE_H (ID: 1)] initialClimb: 8000
[2026-09-28 10:08:01] [DEBUG] [CONF] [BARPE_H (ID: 1)] climb via: FALSE
[2026-09-28 10:08:01] [DEBUG] [CONF] [BARPE_H (ID: 1)] prio: 4
[2026-09-28 10:08:01] [DEBUG] [CONF] [BARPE_H (ID: 1)] pilotfiled: FALSE
[2026-09-28 10:08:01] [DEBUG] [CONF] [BARPE_H (ID: 1)] wtc: 
[2026-09-28 10:08:01] [DEBUG] [CONF] [BARPE_H (ID: 1)] engType: 
[2026-09-28 10:08:01] [DEBUG] [CONF] [BARPE_H (ID: 1)] wingType: LSAT
[2026-09-28 10:08:01] [DEBUG] [CONF] [BARPE_H (ID: 1)] engCount: 0
[2026-09-28 10:08:01] [DEBUG] [CONF] [BARPE_H (ID: 1)] mtow: 0
[2026-09-28 10:08:01] [DEBUG] [CONF] [BARPE_H (ID: 1)] rule: 
[2026-09-28 10:08:01] [DEBUG] [CONF] [BARPE_H (ID: 1)] area: EAST
[2026-09-28 10:08:01] [DEBUG] [CONF] [BARPE_H (ID: 1)] lvp: -1
[2026-09-28 10:08:01] [DEBUG] [CONF] [BARPE_H (ID: 1)] timeFrom: -1
[2026-09-28 10:08:01] [DEBUG] [CONF] [BARPE_H (ID: 1)] timeTo: -1
[2026-09-28 10:08:01] [DEBUG] [CONF] [BARPE_H (ID: 2)] wpt: BARPE
[2026-09-28 10:08:01] [DEBUG] [CONF] [BARPE_H (ID: 2)] rwys: 18
[2026-09-28 10:08:01] [DEBUG] [CONF] [BARPE_H (ID: 2)] equip: NON-RNAV allowed FALSE
[2026-09-28 10:08:01] [DEBUG] [CONF] [BARPE_H (ID: 2)] equip: RNAV allowed TRUE
[2026-09-28 10:08:01] [DEBUG] [CONF] [BARPE_H (ID: 2)] initialClimb: 8000
[2026-09-28 10:08:01] [DEBUG] [CONF] [BARPE_H (ID: 2)] climb via: FALSE
[2026-09-28 10:08:01] [DEBUG] [CONF] [BARPE_H (ID: 2)] prio: 38
[2026-09-28 10:08:01] [DEBUG] [CONF] [BARPE_H (ID: 2)] pilotfiled: FALSE
[2026-09-28 10:08:01] [DEBUG] [CONF] [BARPE_H (ID: 2)] wtc: 
[2026-09-28 10:08:01] [DEBUG] [CONF] [BARPE_H (ID: 2)] engType: 
[2026-09-28 10:08:01] [DEBUG] [CONF] [BARPE_H (ID: 2)] wingType: LSAT
[2026-09-28 10:08:01] [DEBUG] [CONF] [BARPE_H (ID: 2)] engCount: 0
[2026-09-28 10:08:01] [DEBUG] [CONF] [BARPE_H (ID: 2)] mtow: 0
[2026-09-28 10:08:01] [DEBUG] [CONF] [BARPE_H (ID: 2)] rule: 
[2026-09-28 10:08:01] [DEBUG] [CONF] [BARPE_H (ID: 2)] area: 
[2026-09-28 10:08:01] [DEBUG] [CONF] [BARPE_H (ID: 2)] lvp: -1
[2026-09-28 10:08:01] [DEBUG] [CONF] [BARPE_H (ID: 2)] timeFrom: -1
[2026-09-28 10:08:01] [DEBUG] [CONF] [BARPE_H (ID: 2)] timeTo: -1
[2026-09-28 10:08:01] [DEBUG] [CONF] [BARPE_V (ID: 1)] wpt: BARPE
[2026-09-28 10:08:01] [DEBUG] [CONF] [BARPE_V (ID: 1)] rwys: 18
[2026-09-28 10:08:01] [DEBUG] [CONF] [BARPE_V (ID: 1)] equip: NON-RNAV allowed FALSE
[2026-09-28 10:08:01] [DEBUG] [CONF] [BARPE_V (ID: 1)] equip: RNAV allowed TRUE
[2026-09-28 10:08:01] [DEBUG] [CONF] [BARPE_V (ID: 1)] initialClimb: 8000
[2026-09-28 10:08:01] [DEBUG] [CONF] [BARPE_V (ID: 1)] climb via: FALSE
[2026-09-28 10:08:01] [DEBUG] [CONF] [BARPE_V (ID: 1)] prio: 2
[2026-09-28 10:08:01] [DEBUG] [CONF] [BARPE_V (ID: 1)] pilotfiled: FALSE
[2026-09-28 10:08:01] [DEBUG] [CONF] [BARPE_V (ID: 1)] wtc: 
[2026-09-28 10:08:01] [DEBUG] [CONF] [BARPE_V (ID: 1)] engType: 
[2026-09-28 10:08:01] [DEBUG] [CONF] [BARPE_V (ID: 1)] wingType: LSAT
[2026-09-28 10:08:01] [DEBUG] [CONF] [BARPE_V (ID: 1)] engCount: 0
[2026-09-28 10:08:01] [DEBUG] [CONF] [BARPE_V (ID: 1)] mtow: 0
[2026-09-28 10:08:01] [DEBUG] [CONF] [BARPE_V (ID: 1)] rule: OPPOSITE
[2026-09-28 10:08:01] [DEBUG] [CONF] [BARPE_V (ID: 1)] area: EAST
[2026-09-28 10:08:01] [DEBUG] [CONF] [BARPE_V (ID: 1)] lvp: -1
[2026-09-28 10:08:01] [DEBUG] [CONF] [BARPE_V (ID: 1)] timeFrom: -1
[2026-09-28 10:08:01] [DEBUG] [CONF] [BARPE_V (ID: 1)] timeTo: -1
[2026-09-28 10:08:01] [DEBUG] [CONF] [BARPE_V (ID: 2)] wpt: BARPE
[2026-09-28 10:08:01] [DEBUG] [CONF] [BARPE_V (ID: 2)] rwys: 18
[2026-09-28 10:08:01] [DEBUG] [CONF] [BARPE_V (ID: 2)] equip: NON-RNAV allowed FALSE
[2026-09-28 10:08:01] [DEBUG] [CONF] [BARPE_V (ID: 2)] equip: RNAV allowed TRUE
[2026-09-28 10:08:01] [DEBUG] [CONF] [BARPE_V (ID: 2)] initialClimb: 8000
[2026-09-28 10:08:01] [DEBUG] [CONF] [BARPE_V (ID: 2)] climb via: FALSE
[2026-09-28 10:08:01] [DEBUG] [CONF] [BARPE_V (ID: 2)] prio: 34
[2026-09-28 10:08:01] [DEBUG] [CONF] [BARPE_V (ID: 2)] pilotfiled: FALSE
[2026-09-28 10:08:01] [DEBUG] [CONF] [BARPE_V (ID: 2)] wtc: 
[2026-09-28 10:08:01] [DEBUG] [CONF] [BARPE_V (ID: 2)] engType: 
[2026-09-28 10:08:01] [DEBUG] [CONF] [BARPE_V (ID: 2)] wingType: LSAT
[2026-09-28 10:08:01] [DEBUG] [CONF] [BARPE_V (ID: 2)] engCount: 0
[2026-09-28 10:08:01] [DEBUG] [CONF] [BARPE_V (ID: 2)] mtow: 0
[2026-09-28 10:08:01] [DEBUG] [CONF] [BARPE_V (ID: 2)] rule: OPPOSITE
[2026-09-28 10:08:01] [DEBUG] [CONF] [BARPE_V (ID: 2)] area: 
[2026-09-28 10:08:01] [DEBUG] [CONF] [BARPE_V (ID: 2)] lvp: -1
[2026-09-28 10:08:01] [DEBUG] [CONF] [BARPE_V (ID: 2)] timeFrom: -1
[2026-09-28 10:08:01] [DEBUG] [CONF] [BARPE_V (ID: 2)] timeTo: -1
[2026-09-28 10:08:01] [DEBUG] [CONF] [CEK_S (ID: 1)] wpt: CEK
[2026-09-28 10:08:01] [DEBUG] [CONF] [CEK_S (ID: 1)] rwys: 34L,34R
[2026-09-28 10:08:01] [DEBUG] [CONF] [CEK_S (ID: 1)] equip: NON-RNAV allowed TRUE
[2026-09-28 10:08:01] [DEBUG] [CONF] [CEK_S (ID: 1)] equip: RNAV allowed FALSE
[2026-09-28 10:08:01] [DEBUG] [CONF] [CEK_S (ID: 1)] initialClimb: 4000
[2026-09-28 10:08:01] [DEBUG] [CONF] [CEK_S (ID: 1)] climb via: FALSE
[2026-09-28 10:08:01] [DEBUG] [CONF] [CEK_S (ID: 1)] prio: 99
[2026-09-28 10:08:01] [DEBUG] [CONF] [CEK_S (ID: 1)] pilotfiled: FALSE
[2026-09-28 10:08:01] [DEBUG] [CONF] [CEK_S (ID: 1)] wtc: 
[2026-09-28 10:08:01] [DEBUG] [CONF] [CEK_S (ID: 1)] engType: 
[2026-09-28 10:08:01] [DEBUG] [CONF] [CEK_S (ID: 1)] wingType: LSAT
[2026-09-28 10:08:01] [DEBUG] [CONF] [CEK_S (ID: 1)] engCount: 0
[2026-09-28 10:08:01] [DEBUG] [CONF] [CEK_S (ID: 1)] mtow: 0
[2026-09-28 10:08:01] [DEBUG] [CONF] [CEK_S (ID: 1)] rule: 
[2026-09-28 10:08:01] [DEBUG] [CONF] [CEK_S (ID: 1)] area: 
[2026-09-28 10:08:01] [DEBUG] [CONF] [CEK_S (ID: 1)] lvp: -1
[2026-09-28 10:08:01] [DEBUG] [CONF] [CEK_S (ID: 1)] timeFrom: -1
[2026-09-28 10:08:01] [DEBUG] [CONF] [CEK_S (ID: 1)] timeTo: -1
[2026-09-28 10:08:01] [DEBUG] [CONF] [EKAWE_L (ID: 1)] wpt: EKAWE
[2026-09-28 10:08:01] [DEBUG] [CONF] [EKAWE_L (ID: 1)] rwys: 09
[2026-09-28 10:08:01] [DEBUG] [CONF] [EKAWE_L (ID: 1)] equip: NON-RNAV allowed FALSE
[2026-09-28 10:08:01] [DEBUG] [CONF] [EKAWE_L (ID: 1)] equip: RNAV allowed TRUE
[2026-09-28 10:08:01] [DEBUG] [CONF] [EKAWE_L (ID: 1)] initialClimb: 6000
[2026-09-28 10:08:01] [DEBUG] [CONF] [EKAWE_L (ID: 1)] climb via: FALSE
[2026-09-28 10:08:01] [DEBUG] [CONF] [EKAWE_L (ID: 1)] prio: 3
[2026-09-28 10:08:01] [DEBUG] [CONF] [EKAWE_L (ID: 1)] pilotfiled: FALSE
[2026-09-28 10:08:01] [DEBUG] [CONF] [EKAWE_L (ID: 1)] actDepRwy: allow - all - 
[2026-09-28 10:08:01] [DEBUG] [CONF] [EKAWE_L (ID: 1)] actDepRwy: allow - any - 34L,34R,35L,35R
[2026-09-28 10:08:01] [DEBUG] [CONF] [EKAWE_L (ID: 1)] actDepRwy: deny - all - 
[2026-09-28 10:08:01] [DEBUG] [CONF] [EKAWE_L (ID: 1)] actDepRwy: deny - any - 36
[2026-09-28 10:08:01] [DEBUG] [CONF] [EKAWE_L (ID: 1)] wtc: 
[2026-09-28 10:08:01] [DEBUG] [CONF] [EKAWE_L (ID: 1)] engType: 
[2026-09-28 10:08:01] [DEBUG] [CONF] [EKAWE_L (ID: 1)] wingType: LSAT
[2026-09-28 10:08:01] [DEBUG] [CONF] [EKAWE_L (ID: 1)] engCount: 0
[2026-09-28 10:08:01] [DEBUG] [CONF] [EKAWE_L (ID: 1)] mtow: 0
[2026-09-28 10:08:01] [DEBUG] [CONF] [EKAWE_L (ID: 1)] rule: 
[2026-09-28 10:08:01] [DEBUG] [CONF] [EKAWE_L (ID: 1)] area: EAST
[2026-09-28 10:08:01] [DEBUG] [CONF] [EKAWE_L (ID: 1)] lvp: -1
[2026-09-28 10:08:01] [DEBUG] [CONF] [EKAWE_L (ID: 1)] timeFrom: -1
[2026-09-28 10:08:01] [DEBUG] [CONF] [EKAWE_L (ID: 1)] timeTo: -1
[2026-09-28 10:08:01] [DEBUG] [CONF] [EKAWE_L (ID: 2)] wpt: OSMEV
[2026-09-28 10:08:01] [DEBUG] [CONF] [EKAWE_L (ID: 2)] rwys: 09
[2026-09-28 10:08:01] [DEBUG] [CONF] [EKAWE_L (ID: 2)] equip: NON-RNAV allowed FALSE
[2026-09-28 10:08:01] [DEBUG] [CONF] [EKAWE_L (ID: 2)] equip: RNAV allowed TRUE
[2026-09-28 10:08:01] [DEBUG] [CONF] [EKAWE_L (ID: 2)] initialClimb: 6000
[2026-09-28 10:08:01] [DEBUG] [CONF] [EKAWE_L (ID: 2)] climb via: FALSE
[2026-09-28 10:08:01] [DEBUG] [CONF] [EKAWE_L (ID: 2)] prio: 3
[2026-09-28 10:08:01] [DEBUG] [CONF] [EKAWE_L (ID: 2)] pilotfiled: FALSE
[2026-09-28 10:08:01] [DEBUG] [CONF] [EKAWE_L (ID: 2)] actDepRwy: allow - all - 
[2026-09-28 10:08:01] [DEBUG] [CONF] [EKAWE_L (ID: 2)] actDepRwy: allow - any - 34L,34R,35L,35R
[2026-09-28 10:08:01] [DEBUG] [CONF] [EKAWE_L (ID: 2)] actDepRwy: deny - all - 
[2026-09-28 10:08:01] [DEBUG] [CONF] [EKAWE_L (ID: 2)] actDepRwy: deny - any - 36
[2026-09-28 10:08:01] [DEBUG] [CONF] [EKAWE_L (ID: 2)] wtc: 
[2026-09-28 10:08:01] [DEBUG] [CONF] [EKAWE_L (ID: 2)] engType: 
[2026-09-28 10:08:01] [DEBUG] [CONF] [EKAWE_L (ID: 2)] wingType: LSAT
[2026-09-28 10:08:01] [DEBUG] [CONF] [EKAWE_L (ID: 2)] engCount: 0
[2026-09-28 10:08:01] [DEBUG] [CONF] [EKAWE_L (ID: 2)] mtow: 0
[2026-09-28 10:08:01] [DEBUG] [CONF] [EKAWE_L (ID: 2)] rule: 
[2026-09-28 10:08:01] [DEBUG] [CONF] [EKAWE_L (ID: 2)] area: EAST
[2026-09-28 10:08:01] [DEBUG] [CONF] [EKAWE_L (ID: 2)] lvp: -1
[2026-09-28 10:08:01] [DEBUG] [CONF] [EKAWE_L (ID: 2)] timeFrom: -1
[2026-09-28 10:08:01] [DEBUG] [CONF] [EKAWE_L (ID: 2)] timeTo: -1
[2026-09-28 10:08:01] [DEBUG] [CONF] [EKAWE_L (ID: 3)] wpt: EKAWE
[2026-09-28 10:08:01] [DEBUG] [CONF] [EKAWE_L (ID: 3)] rwys: 09
[2026-09-28 10:08:01] [DEBUG] [CONF] [EKAWE_L (ID: 3)] equip: NON-RNAV allowed FALSE
[2026-09-28 10:08:01] [DEBUG] [CONF] [EKAWE_L (ID: 3)] equip: RNAV allowed TRUE
[2026-09-28 10:08:01] [DEBUG] [CONF] [EKAWE_L (ID: 3)] initialClimb: 6000
[2026-09-28 10:08:01] [DEBUG] [CONF] [EKAWE_L (ID: 3)] climb via: FALSE
[2026-09-28 10:08:01] [DEBUG] [CONF] [EKAWE_L (ID: 3)] prio: 36
[2026-09-28 10:08:01] [DEBUG] [CONF] [EKAWE_L (ID: 3)] pilotfiled: FALSE
[2026-09-28 10:08:01] [DEBUG] [CONF] [EKAWE_L (ID: 3)] actDepRwy: allow - all - 
[2026-09-28 10:08:01] [DEBUG] [CONF] [EKAWE_L (ID: 3)] actDepRwy: allow - any - 34L,34R,35L,35R
[2026-09-28 10:08:01] [DEBUG] [CONF] [EKAWE_L (ID: 3)] actDepRwy: deny - all - 
[2026-09-28 10:08:01] [DEBUG] [CONF] [EKAWE_L (ID: 3)] actDepRwy: deny - any - 36
[2026-09-28 10:08:01] [DEBUG] [CONF] [EKAWE_L (ID: 3)] wtc: 
[2026-09-28 10:08:01] [DEBUG] [CONF] [EKAWE_L (ID: 3)] engType: 
[2026-09-28 10:08:01] [DEBUG] [CONF] [EKAWE_L (ID: 3)] wingType: LSAT
[2026-09-28 10:08:01] [DEBUG] [CONF] [EKAWE_L (ID: 3)] engCount: 0
[2026-09-28 10:08:01] [DEBUG] [CONF] [EKAWE_L (ID: 3)] mtow: 0
[2026-09-28 10:08:01] [DEBUG] [CONF] [EKAWE_L (ID: 3)] rule: 
[2026-09-28 10:08:01] [DEBUG] [CONF] [EKAWE_L (ID: 3)] area: 
[2026-09-28 10:08:01] [DEBUG] [CONF] [EKAWE_L (ID: 3)] lvp: -1
[2026-09-28 10:08:01] [DEBUG] [CONF] [EKAWE_L (ID: 3)] timeFrom: -1
[2026-09-28 10:08:01] [DEBUG] [CONF] [EKAWE_L (ID: 3)] timeTo: -1
[2026-09-28 10:08:01] [DEBUG] [CONF] [EKAWE_L (ID: 4)] wpt: OSMEV
[2026-09-28 10:08:01] [DEBUG] [CONF] [EKAWE_L (ID: 4)] rwys: 09
[2026-09-28 10:08:01] [DEBUG] [CONF] [EKAWE_L (ID: 4)] equip: NON-RNAV allowed FALSE
[2026-09-28 10:08:01] [DEBUG] [CONF] [EKAWE_L (ID: 4)] equip: RNAV allowed TRUE
[2026-09-28 10:08:01] [DEBUG] [CONF] [EKAWE_L (ID: 4)] initialClimb: 6000
[2026-09-28 10:08:01] [DEBUG] [CONF] [EKAWE_L (ID: 4)] climb via: FALSE
[2026-09-28 10:08:01] [DEBUG] [CONF] [EKAWE_L (ID: 4)] prio: 36
[2026-09-28 10:08:01] [DEBUG] [CONF] [EKAWE_L (ID: 4)] pilotfiled: FALSE
[2026-09-28 10:08:01] [DEBUG] [CONF] [EKAWE_L (ID: 4)] actDepRwy: allow - all - 
[2026-09-28 10:08:01] [DEBUG] [CONF] [EKAWE_L (ID: 4)] actDepRwy: allow - any - 34L,34R,35L,35R
[2026-09-28 10:08:01] [DEBUG] [CONF] [EKAWE_L (ID: 4)] actDepRwy: deny - all - 
[2026-09-28 10:08:01] [DEBUG] [CONF] [EKAWE_L (ID: 4)] actDepRwy: deny - any - 36
[2026-09-28 10:08:01] [DEBUG] [CONF] [EKAWE_L (ID: 4)] wtc: 
[2026-09-28 10:08:01] [DEBUG] [CONF] [EKAWE_L (ID: 4)] engType: 
[2026-09-28 10:08:01] [DEBUG] [CONF] [EKAWE_L (ID: 4)] wingType: LSAT
[2026-09-28 10:08:01] [DEBUG] [CONF] [EKAWE_L (ID: 4)] engCount: 0
[2026-09-28 10:08:01] [DEBUG] [CONF] [EKAWE_L (ID: 4)] mtow: 0
[2026-09-28 10:08:01] [DEBUG] [CONF] [EKAWE_L (ID: 4)] rule: 
[2026-09-28 10:08:01] [DEBUG] [CONF] [EKAWE_L (ID: 4)] area: 
[2026-09-28 10:08:01] [DEBUG] [CONF] [EKAWE_L (ID: 4)] lvp: -1
[2026-09-28 10:08:01] [DEBUG] [CONF] [EKAWE_L (ID: 4)] timeFrom: -1
[2026-09-28 10:08:01] [DEBUG] [CONF] [EKAWE_L (ID: 4)] timeTo: -1
[2026-09-28 10:08:01] [DEBUG] [CONF] [EKAWE_M (ID: 1)] wpt: EKAWE
[2026-09-28 10:08:01] [DEBUG] [CONF] [EKAWE_M (ID: 1)] rwys: 09
[2026-09-28 10:08:01] [DEBUG] [CONF] [EKAWE_M (ID: 1)] equip: NON-RNAV allowed FALSE
[2026-09-28 10:08:01] [DEBUG] [CONF] [EKAWE_M (ID: 1)] equip: RNAV allowed TRUE
[2026-09-28 10:08:01] [DEBUG] [CONF] [EKAWE_M (ID: 1)] initialClimb: 6000
[2026-09-28 10:08:01] [DEBUG] [CONF] [EKAWE_M (ID: 1)] climb via: FALSE
[2026-09-28 10:08:01] [DEBUG] [CONF] [EKAWE_M (ID: 1)] prio: 3
[2026-09-28 10:08:01] [DEBUG] [CONF] [EKAWE_M (ID: 1)] pilotfiled: FALSE
[2026-09-28 10:08:01] [DEBUG] [CONF] [EKAWE_M (ID: 1)] actDepRwy: allow - all - 
[2026-09-28 10:08:01] [DEBUG] [CONF] [EKAWE_M (ID: 1)] actDepRwy: allow - any - 16L,16R,17L,17R,18
[2026-09-28 10:08:01] [DEBUG] [CONF] [EKAWE_M (ID: 1)] wtc: 
[2026-09-28 10:08:01] [DEBUG] [CONF] [EKAWE_M (ID: 1)] engType: 
[2026-09-28 10:08:01] [DEBUG] [CONF] [EKAWE_M (ID: 1)] wingType: LSAT
[2026-09-28 10:08:01] [DEBUG] [CONF] [EKAWE_M (ID: 1)] engCount: 0
[2026-09-28 10:08:01] [DEBUG] [CONF] [EKAWE_M (ID: 1)] mtow: 0
[2026-09-28 10:08:01] [DEBUG] [CONF] [EKAWE_M (ID: 1)] rule: 
[2026-09-28 10:08:01] [DEBUG] [CONF] [EKAWE_M (ID: 1)] area: EAST
[2026-09-28 10:08:01] [DEBUG] [CONF] [EKAWE_M (ID: 1)] lvp: -1
[2026-09-28 10:08:01] [DEBUG] [CONF] [EKAWE_M (ID: 1)] timeFrom: -1
[2026-09-28 10:08:01] [DEBUG] [CONF] [EKAWE_M (ID: 1)] timeTo: -1
[2026-09-28 10:08:01] [DEBUG] [CONF] [EKAWE_M (ID: 2)] wpt: OSMEV
[2026-09-28 10:08:01] [DEBUG] [CONF] [EKAWE_M (ID: 2)] rwys: 09
[2026-09-28 10:08:01] [DEBUG] [CONF] [EKAWE_M (ID: 2)] equip: NON-RNAV allowed FALSE
[2026-09-28 10:08:01] [DEBUG] [CONF] [EKAWE_M (ID: 2)] equip: RNAV allowed TRUE
[2026-09-28 10:08:01] [DEBUG] [CONF] [EKAWE_M (ID: 2)] initialClimb: 6000
[2026-09-28 10:08:01] [DEBUG] [CONF] [EKAWE_M (ID: 2)] climb via: FALSE
[2026-09-28 10:08:01] [DEBUG] [CONF] [EKAWE_M (ID: 2)] prio: 3
[2026-09-28 10:08:01] [DEBUG] [CONF] [EKAWE_M (ID: 2)] pilotfiled: FALSE
[2026-09-28 10:08:01] [DEBUG] [CONF] [EKAWE_M (ID: 2)] actDepRwy: allow - all - 
[2026-09-28 10:08:01] [DEBUG] [CONF] [EKAWE_M (ID: 2)] actDepRwy: allow - any - 16L,16R,17L,17R,18
[2026-09-28 10:08:01] [DEBUG] [CONF] [EKAWE_M (ID: 2)] wtc: 
[2026-09-28 10:08:01] [DEBUG] [CONF] [EKAWE_M (ID: 2)] engType: 
[2026-09-28 10:08:01] [DEBUG] [CONF] [EKAWE_M (ID: 2)] wingType: LSAT
[2026-09-28 10:08:01] [DEBUG] [CONF] [EKAWE_M (ID: 2)] engCount: 0
[2026-09-28 10:08:01] [DEBUG] [CONF] [EKAWE_M (ID: 2)] mtow: 0
[2026-09-28 10:08:01] [DEBUG] [CONF] [EKAWE_M (ID: 2)] rule: 
[2026-09-28 10:08:01] [DEBUG] [CONF] [EKAWE_M (ID: 2)] area: EAST
[2026-09-28 10:08:01] [DEBUG] [CONF] [EKAWE_M (ID: 2)] lvp: -1
[2026-09-28 10:08:01] [DEBUG] [CONF] [EKAWE_M (ID: 2)] timeFrom: -1
[2026-09-28 10:08:01] [DEBUG] [CONF] [EKAWE_M (ID: 2)] timeTo: -1
[2026-09-28 10:08:01] [DEBUG] [CONF] [EKAWE_M (ID: 3)] wpt: EKAWE
[2026-09-28 10:08:01] [DEBUG] [CONF] [EKAWE_M (ID: 3)] rwys: 09
[2026-09-28 10:08:01] [DEBUG] [CONF] [EKAWE_M (ID: 3)] equip: NON-RNAV allowed FALSE
[2026-09-28 10:08:01] [DEBUG] [CONF] [EKAWE_M (ID: 3)] equip: RNAV allowed TRUE
[2026-09-28 10:08:01] [DEBUG] [CONF] [EKAWE_M (ID: 3)] initialClimb: 6000
[2026-09-28 10:08:01] [DEBUG] [CONF] [EKAWE_M (ID: 3)] climb via: FALSE
[2026-09-28 10:08:01] [DEBUG] [CONF] [EKAWE_M (ID: 3)] prio: 36
[2026-09-28 10:08:01] [DEBUG] [CONF] [EKAWE_M (ID: 3)] pilotfiled: FALSE
[2026-09-28 10:08:01] [DEBUG] [CONF] [EKAWE_M (ID: 3)] actDepRwy: allow - all - 
[2026-09-28 10:08:01] [DEBUG] [CONF] [EKAWE_M (ID: 3)] actDepRwy: allow - any - 16L,16R,17L,17R,18
[2026-09-28 10:08:01] [DEBUG] [CONF] [EKAWE_M (ID: 3)] wtc: 
[2026-09-28 10:08:01] [DEBUG] [CONF] [EKAWE_M (ID: 3)] engType: 
[2026-09-28 10:08:01] [DEBUG] [CONF] [EKAWE_M (ID: 3)] wingType: LSAT
[2026-09-28 10:08:01] [DEBUG] [CONF] [EKAWE_M (ID: 3)] engCount: 0
[2026-09-28 10:08:01] [DEBUG] [CONF] [EKAWE_M (ID: 3)] mtow: 0
[2026-09-28 10:08:01] [DEBUG] [CONF] [EKAWE_M (ID: 3)] rule: 
[2026-09-28 10:08:01] [DEBUG] [CONF] [EKAWE_M (ID: 3)] area: 
[2026-09-28 10:08:01] [DEBUG] [CONF] [EKAWE_M (ID: 3)] lvp: -1
[2026-09-28 10:08:01] [DEBUG] [CONF] [EKAWE_M (ID: 3)] timeFrom: -1
[2026-09-28 10:08:01] [DEBUG] [CONF] [EKAWE_M (ID: 3)] timeTo: -1
[2026-09-28 10:08:01] [DEBUG] [CONF] [EKAWE_M (ID: 4)] wpt: OSMEV
[2026-09-28 10:08:01] [DEBUG] [CONF] [EKAWE_M (ID: 4)] rwys: 09
[2026-09-28 10:08:01] [DEBUG] [CONF] [EKAWE_M (ID: 4)] equip: NON-RNAV allowed FALSE
[2026-09-28 10:08:01] [DEBUG] [CONF] [EKAWE_M (ID: 4)] equip: RNAV allowed TRUE
[2026-09-28 10:08:01] [DEBUG] [CONF] [EKAWE_M (ID: 4)] initialClimb: 6000
[2026-09-28 10:08:01] [DEBUG] [CONF] [EKAWE_M (ID: 4)] climb via: FALSE
[2026-09-28 10:08:01] [DEBUG] [CONF] [EKAWE_M (ID: 4)] prio: 36
[2026-09-28 10:08:01] [DEBUG] [CONF] [EKAWE_M (ID: 4)] pilotfiled: FALSE
[2026-09-28 10:08:01] [DEBUG] [CONF] [EKAWE_M (ID: 4)] actDepRwy: allow - all - 
[2026-09-28 10:08:01] [DEBUG] [CONF] [EKAWE_M (ID: 4)] actDepRwy: allow - any - 16L,16R,17L,17R,18
[2026-09-28 10:08:01] [DEBUG] [CONF] [EKAWE_M (ID: 4)] wtc: 
[2026-09-28 10:08:01] [DEBUG] [CONF] [EKAWE_M (ID: 4)] engType: 
[2026-09-28 10:08:01] [DEBUG] [CONF] [EKAWE_M (ID: 4)] wingType: LSAT
[2026-09-28 10:08:01] [DEBUG] [CONF] [EKAWE_M (ID: 4)] engCount: 0
[2026-09-28 10:08:01] [DEBUG] [CONF] [EKAWE_M (ID: 4)] mtow: 0
[2026-09-28 10:08:01] [DEBUG] [CONF] [EKAWE_M (ID: 4)] rule: 
[2026-09-28 10:08:01] [DEBUG] [CONF] [EKAWE_M (ID: 4)] area: 
[2026-09-28 10:08:01] [DEBUG] [CONF] [EKAWE_M (ID: 4)] lvp: -1
[2026-09-28 10:08:01] [DEBUG] [CONF] [EKAWE_M (ID: 4)] timeFrom: -1
[2026-09-28 10:08:01] [DEBUG] [CONF] [EKAWE_M (ID: 4)] timeTo: -1
[2026-09-28 10:08:01] [DEBUG] [CONF] [EKAWE_M (ID: 5)] wpt: EKAWE
[2026-09-28 10:08:01] [DEBUG] [CONF] [EKAWE_M (ID: 5)] rwys: 09
[2026-09-28 10:08:01] [DEBUG] [CONF] [EKAWE_M (ID: 5)] equip: NON-RNAV allowed FALSE
[2026-09-28 10:08:01] [DEBUG] [CONF] [EKAWE_M (ID: 5)] equip: RNAV allowed TRUE
[2026-09-28 10:08:01] [DEBUG] [CONF] [EKAWE_M (ID: 5)] initialClimb: 6000
[2026-09-28 10:08:01] [DEBUG] [CONF] [EKAWE_M (ID: 5)] climb via: FALSE
[2026-09-28 10:08:01] [DEBUG] [CONF] [EKAWE_M (ID: 5)] prio: 40
[2026-09-28 10:08:01] [DEBUG] [CONF] [EKAWE_M (ID: 5)] pilotfiled: FALSE
[2026-09-28 10:08:01] [DEBUG] [CONF] [EKAWE_M (ID: 5)] actDepRwy: deny - all - 
[2026-09-28 10:08:01] [DEBUG] [CONF] [EKAWE_M (ID: 5)] actDepRwy: deny - any - 16L,16R,17L,17R,18,34L,34R,35L,35R,36
[2026-09-28 10:08:01] [DEBUG] [CONF] [EKAWE_M (ID: 5)] wtc: 
[2026-09-28 10:08:01] [DEBUG] [CONF] [EKAWE_M (ID: 5)] engType: 
[2026-09-28 10:08:01] [DEBUG] [CONF] [EKAWE_M (ID: 5)] wingType: LSAT
[2026-09-28 10:08:01] [DEBUG] [CONF] [EKAWE_M (ID: 5)] engCount: 0
[2026-09-28 10:08:01] [DEBUG] [CONF] [EKAWE_M (ID: 5)] mtow: 0
[2026-09-28 10:08:01] [DEBUG] [CONF] [EKAWE_M (ID: 5)] rule: 
[2026-09-28 10:08:01] [DEBUG] [CONF] [EKAWE_M (ID: 5)] area: 
[2026-09-28 10:08:01] [DEBUG] [CONF] [EKAWE_M (ID: 5)] lvp: -1
[2026-09-28 10:08:01] [DEBUG] [CONF] [EKAWE_M (ID: 5)] timeFrom: -1
[2026-09-28 10:08:01] [DEBUG] [CONF] [EKAWE_M (ID: 5)] timeTo: -1
[2026-09-28 10:08:01] [DEBUG] [CONF] [EKAWE_M (ID: 6)] wpt: OSMEV
[2026-09-28 10:08:01] [DEBUG] [CONF] [EKAWE_M (ID: 6)] rwys: 09
[2026-09-28 10:08:01] [DEBUG] [CONF] [EKAWE_M (ID: 6)] equip: NON-RNAV allowed FALSE
[2026-09-28 10:08:01] [DEBUG] [CONF] [EKAWE_M (ID: 6)] equip: RNAV allowed TRUE
[2026-09-28 10:08:01] [DEBUG] [CONF] [EKAWE_M (ID: 6)] initialClimb: 6000
[2026-09-28 10:08:01] [DEBUG] [CONF] [EKAWE_M (ID: 6)] climb via: FALSE
[2026-09-28 10:08:01] [DEBUG] [CONF] [EKAWE_M (ID: 6)] prio: 40
[2026-09-28 10:08:01] [DEBUG] [CONF] [EKAWE_M (ID: 6)] pilotfiled: FALSE
[2026-09-28 10:08:01] [DEBUG] [CONF] [EKAWE_M (ID: 6)] actDepRwy: deny - all - 
[2026-09-28 10:08:01] [DEBUG] [CONF] [EKAWE_M (ID: 6)] actDepRwy: deny - any - 16L,16R,17L,17R,18,34L,34R,35L,35R,36
[2026-09-28 10:08:01] [DEBUG] [CONF] [EKAWE_M (ID: 6)] wtc: 
[2026-09-28 10:08:01] [DEBUG] [CONF] [EKAWE_M (ID: 6)] engType: 
[2026-09-28 10:08:01] [DEBUG] [CONF] [EKAWE_M (ID: 6)] wingType: LSAT
[2026-09-28 10:08:01] [DEBUG] [CONF] [EKAWE_M (ID: 6)] engCount: 0
[2026-09-28 10:08:01] [DEBUG] [CONF] [EKAWE_M (ID: 6)] mtow: 0
[2026-09-28 10:08:01] [DEBUG] [CONF] [EKAWE_M (ID: 6)] rule: 
[2026-09-28 10:08:01] [DEBUG] [CONF] [EKAWE_M (ID: 6)] area: 
[2026-09-28 10:08:01] [DEBUG] [CONF] [EKAWE_M (ID: 6)] lvp: -1
[2026-09-28 10:08:01] [DEBUG] [CONF] [EKAWE_M (ID: 6)] timeFrom: -1
[2026-09-28 10:08:01] [DEBUG] [CONF] [EKAWE_M (ID: 6)] timeTo: -1
[2026-09-28 10:08:01] [DEBUG] [CONF] [EKAWE_C (ID: 1)] wpt: EKAWE
[2026-09-28 10:08:01] [DEBUG] [CONF] [EKAWE_C (ID: 1)] rwys: 34L,34R
[2026-09-28 10:08:01] [DEBUG] [CONF] [EKAWE_C (ID: 1)] equip: NON-RNAV allowed FALSE
[2026-09-28 10:08:01] [DEBUG] [CONF] [EKAWE_C (ID: 1)] equip: RNAV allowed TRUE
[2026-09-28 10:08:01] [DEBUG] [CONF] [EKAWE_C (ID: 1)] initialClimb: 4000
[2026-09-28 10:08:01] [DEBUG] [CONF] [EKAWE_C (ID: 1)] climb via: FALSE
[2026-09-28 10:08:01] [DEBUG] [CONF] [EKAWE_C (ID: 1)] prio: 15
[2026-09-28 10:08:01] [DEBUG] [CONF] [EKAWE_C (ID: 1)] pilotfiled: FALSE
[2026-09-28 10:08:01] [DEBUG] [CONF] [EKAWE_C (ID: 1)] actDepRwy: deny - all - 
[2026-09-28 10:08:01] [DEBUG] [CONF] [EKAWE_C (ID: 1)] actDepRwy: deny - any - 35L,35R
[2026-09-28 10:08:01] [DEBUG] [CONF] [EKAWE_C (ID: 1)] wtc: 
[2026-09-28 10:08:01] [DEBUG] [CONF] [EKAWE_C (ID: 1)] engType: 
[2026-09-28 10:08:01] [DEBUG] [CONF] [EKAWE_C (ID: 1)] wingType: LSAT
[2026-09-28 10:08:01] [DEBUG] [CONF] [EKAWE_C (ID: 1)] engCount: 0
[2026-09-28 10:08:01] [DEBUG] [CONF] [EKAWE_C (ID: 1)] mtow: 0
[2026-09-28 10:08:01] [DEBUG] [CONF] [EKAWE_C (ID: 1)] rule: 
[2026-09-28 10:08:01] [DEBUG] [CONF] [EKAWE_C (ID: 1)] area: 
[2026-09-28 10:08:01] [DEBUG] [CONF] [EKAWE_C (ID: 1)] lvp: -1
[2026-09-28 10:08:01] [DEBUG] [CONF] [EKAWE_C (ID: 1)] timeFrom: -1
[2026-09-28 10:08:01] [DEBUG] [CONF] [EKAWE_C (ID: 1)] timeTo: -1
[2026-09-28 10:08:01] [DEBUG] [CONF] [EKAWE_C (ID: 2)] wpt: OSMEV
[2026-09-28 10:08:01] [DEBUG] [CONF] [EKAWE_C (ID: 2)] rwys: 34L,34R
[2026-09-28 10:08:01] [DEBUG] [CONF] [EKAWE_C (ID: 2)] equip: NON-RNAV allowed FALSE
[2026-09-28 10:08:01] [DEBUG] [CONF] [EKAWE_C (ID: 2)] equip: RNAV allowed TRUE
[2026-09-28 10:08:01] [DEBUG] [CONF] [EKAWE_C (ID: 2)] initialClimb: 4000
[2026-09-28 10:08:01] [DEBUG] [CONF] [EKAWE_C (ID: 2)] climb via: FALSE
[2026-09-28 10:08:01] [DEBUG] [CONF] [EKAWE_C (ID: 2)] prio: 15
[2026-09-28 10:08:01] [DEBUG] [CONF] [EKAWE_C (ID: 2)] pilotfiled: FALSE
[2026-09-28 10:08:01] [DEBUG] [CONF] [EKAWE_C (ID: 2)] actDepRwy: deny - all - 
[2026-09-28 10:08:01] [DEBUG] [CONF] [EKAWE_C (ID: 2)] actDepRwy: deny - any - 35L,35R
[2026-09-28 10:08:01] [DEBUG] [CONF] [EKAWE_C (ID: 2)] wtc: 
[2026-09-28 10:08:01] [DEBUG] [CONF] [EKAWE_C (ID: 2)] engType: 
[2026-09-28 10:08:01] [DEBUG] [CONF] [EKAWE_C (ID: 2)] wingType: LSAT
[2026-09-28 10:08:01] [DEBUG] [CONF] [EKAWE_C (ID: 2)] engCount: 0
[2026-09-28 10:08:01] [DEBUG] [CONF] [EKAWE_C (ID: 2)] mtow: 0
[2026-09-28 10:08:01] [DEBUG] [CONF] [EKAWE_C (ID: 2)] rule: 
[2026-09-28 10:08:01] [DEBUG] [CONF] [EKAWE_C (ID: 2)] area: 
[2026-09-28 10:08:01] [DEBUG] [CONF] [EKAWE_C (ID: 2)] lvp: -1
[2026-09-28 10:08:01] [DEBUG] [CONF] [EKAWE_C (ID: 2)] timeFrom: -1
[2026-09-28 10:08:01] [DEBUG] [CONF] [EKAWE_C (ID: 2)] timeTo: -1
[2026-09-28 10:08:01] [DEBUG] [CONF] [EKAWE_D (ID: 1)] wpt: EKAWE
[2026-09-28 10:08:01] [DEBUG] [CONF] [EKAWE_D (ID: 1)] rwys: 35L,35R
[2026-09-28 10:08:01] [DEBUG] [CONF] [EKAWE_D (ID: 1)] equip: NON-RNAV allowed FALSE
[2026-09-28 10:08:01] [DEBUG] [CONF] [EKAWE_D (ID: 1)] equip: RNAV allowed TRUE
[2026-09-28 10:08:01] [DEBUG] [CONF] [EKAWE_D (ID: 1)] initialClimb: 5000
[2026-09-28 10:08:01] [DEBUG] [CONF] [EKAWE_D (ID: 1)] climb via: FALSE
[2026-09-28 10:08:01] [DEBUG] [CONF] [EKAWE_D (ID: 1)] prio: 15
[2026-09-28 10:08:01] [DEBUG] [CONF] [EKAWE_D (ID: 1)] pilotfiled: FALSE
[2026-09-28 10:08:01] [DEBUG] [CONF] [EKAWE_D (ID: 1)] wtc: 
[2026-09-28 10:08:01] [DEBUG] [CONF] [EKAWE_D (ID: 1)] engType: 
[2026-09-28 10:08:01] [DEBUG] [CONF] [EKAWE_D (ID: 1)] wingType: LSAT
[2026-09-28 10:08:01] [DEBUG] [CONF] [EKAWE_D (ID: 1)] engCount: 0
[2026-09-28 10:08:01] [DEBUG] [CONF] [EKAWE_D (ID: 1)] mtow: 0
[2026-09-28 10:08:01] [DEBUG] [CONF] [EKAWE_D (ID: 1)] rule: 
[2026-09-28 10:08:01] [DEBUG] [CONF] [EKAWE_D (ID: 1)] area: 
[2026-09-28 10:08:01] [DEBUG] [CONF] [EKAWE_D (ID: 1)] lvp: -1
[2026-09-28 10:08:01] [DEBUG] [CONF] [EKAWE_D (ID: 1)] timeFrom: -1
[2026-09-28 10:08:01] [DEBUG] [CONF] [EKAWE_D (ID: 1)] timeTo: -1
[2026-09-28 10:08:01] [DEBUG] [CONF] [EKAWE_D (ID: 2)] wpt: OSMEV
[2026-09-28 10:08:01] [DEBUG] [CONF] [EKAWE_D (ID: 2)] rwys: 35L,35R
[2026-09-28 10:08:01] [DEBUG] [CONF] [EKAWE_D (ID: 2)] equip: NON-RNAV allowed FALSE
[2026-09-28 10:08:01] [DEBUG] [CONF] [EKAWE_D (ID: 2)] equip: RNAV allowed TRUE
[2026-09-28 10:08:01] [DEBUG] [CONF] [EKAWE_D (ID: 2)] initialClimb: 5000
[2026-09-28 10:08:01] [DEBUG] [CONF] [EKAWE_D (ID: 2)] climb via: FALSE
[2026-09-28 10:08:01] [DEBUG] [CONF] [EKAWE_D (ID: 2)] prio: 15
[2026-09-28 10:08:01] [DEBUG] [CONF] [EKAWE_D (ID: 2)] pilotfiled: FALSE
[2026-09-28 10:08:01] [DEBUG] [CONF] [EKAWE_D (ID: 2)] wtc: 
[2026-09-28 10:08:01] [DEBUG] [CONF] [EKAWE_D (ID: 2)] engType: 
[2026-09-28 10:08:01] [DEBUG] [CONF] [EKAWE_D (ID: 2)] wingType: LSAT
[2026-09-28 10:08:01] [DEBUG] [CONF] [EKAWE_D (ID: 2)] engCount: 0
[2026-09-28 10:08:01] [DEBUG] [CONF] [EKAWE_D (ID: 2)] mtow: 0
[2026-09-28 10:08:01] [DEBUG] [CONF] [EKAWE_D (ID: 2)] rule: 
[2026-09-28 10:08:01] [DEBUG] [CONF] [EKAWE_D (ID: 2)] area: 
[2026-09-28 10:08:01] [DEBUG] [CONF] [EKAWE_D (ID: 2)] lvp: -1
[2026-09-28 10:08:01] [DEBUG] [CONF] [EKAWE_D (ID: 2)] timeFrom: -1
[2026-09-28 10:08:01] [DEBUG] [CONF] [EKAWE_D (ID: 2)] timeTo: -1
[2026-09-28 10:08:01] [DEBUG] [CONF] [EKAWE_E (ID: 1)] wpt: EKAWE
[2026-09-28 10:08:01] [DEBUG] [CONF] [EKAWE_E (ID: 1)] rwys: 36
[2026-09-28 10:08:01] [DEBUG] [CONF] [EKAWE_E (ID: 1)] equip: NON-RNAV allowed FALSE
[2026-09-28 10:08:01] [DEBUG] [CONF] [EKAWE_E (ID: 1)] equip: RNAV allowed TRUE
[2026-09-28 10:08:01] [DEBUG] [CONF] [EKAWE_E (ID: 1)] initialClimb: 8000
[2026-09-28 10:08:01] [DEBUG] [CONF] [EKAWE_E (ID: 1)] climb via: FALSE
[2026-09-28 10:08:01] [DEBUG] [CONF] [EKAWE_E (ID: 1)] prio: 4
[2026-09-28 10:08:01] [DEBUG] [CONF] [EKAWE_E (ID: 1)] pilotfiled: FALSE
[2026-09-28 10:08:01] [DEBUG] [CONF] [EKAWE_E (ID: 1)] wtc: 
[2026-09-28 10:08:01] [DEBUG] [CONF] [EKAWE_E (ID: 1)] engType: 
[2026-09-28 10:08:01] [DEBUG] [CONF] [EKAWE_E (ID: 1)] wingType: LSAT
[2026-09-28 10:08:01] [DEBUG] [CONF] [EKAWE_E (ID: 1)] engCount: 0
[2026-09-28 10:08:01] [DEBUG] [CONF] [EKAWE_E (ID: 1)] mtow: 0
[2026-09-28 10:08:01] [DEBUG] [CONF] [EKAWE_E (ID: 1)] rule: 
[2026-09-28 10:08:01] [DEBUG] [CONF] [EKAWE_E (ID: 1)] area: EAST
[2026-09-28 10:08:01] [DEBUG] [CONF] [EKAWE_E (ID: 1)] lvp: -1
[2026-09-28 10:08:01] [DEBUG] [CONF] [EKAWE_E (ID: 1)] timeFrom: -1
[2026-09-28 10:08:01] [DEBUG] [CONF] [EKAWE_E (ID: 1)] timeTo: -1
[2026-09-28 10:08:01] [DEBUG] [CONF] [EKAWE_E (ID: 2)] wpt: OSMEV
[2026-09-28 10:08:01] [DEBUG] [CONF] [EKAWE_E (ID: 2)] rwys: 36
[2026-09-28 10:08:01] [DEBUG] [CONF] [EKAWE_E (ID: 2)] equip: NON-RNAV allowed FALSE
[2026-09-28 10:08:01] [DEBUG] [CONF] [EKAWE_E (ID: 2)] equip: RNAV allowed TRUE
[2026-09-28 10:08:01] [DEBUG] [CONF] [EKAWE_E (ID: 2)] initialClimb: 8000
[2026-09-28 10:08:01] [DEBUG] [CONF] [EKAWE_E (ID: 2)] climb via: FALSE
[2026-09-28 10:08:01] [DEBUG] [CONF] [EKAWE_E (ID: 2)] prio: 4
[2026-09-28 10:08:01] [DEBUG] [CONF] [EKAWE_E (ID: 2)] pilotfiled: FALSE
[2026-09-28 10:08:01] [DEBUG] [CONF] [EKAWE_E (ID: 2)] wtc: 
[2026-09-28 10:08:01] [DEBUG] [CONF] [EKAWE_E (ID: 2)] engType: 
[2026-09-28 10:08:01] [DEBUG] [CONF] [EKAWE_E (ID: 2)] wingType: LSAT
[2026-09-28 10:08:01] [DEBUG] [CONF] [EKAWE_E (ID: 2)] engCount: 0
[2026-09-28 10:08:01] [DEBUG] [CONF] [EKAWE_E (ID: 2)] mtow: 0
[2026-09-28 10:08:01] [DEBUG] [CONF] [EKAWE_E (ID: 2)] rule: 
[2026-09-28 10:08:01] [DEBUG] [CONF] [EKAWE_E (ID: 2)] area: EAST
[2026-09-28 10:08:01] [DEBUG] [CONF] [EKAWE_E (ID: 2)] lvp: -1
[2026-09-28 10:08:01] [DEBUG] [CONF] [EKAWE_E (ID: 2)] timeFrom: -1
[2026-09-28 10:08:01] [DEBUG] [CONF] [EKAWE_E (ID: 2)] timeTo: -1
[2026-09-28 10:08:01] [DEBUG] [CONF] [EKAWE_E (ID: 3)] wpt: EKAWE
[2026-09-28 10:08:01] [DEBUG] [CONF] [EKAWE_E (ID: 3)] rwys: 36
[2026-09-28 10:08:01] [DEBUG] [CONF] [EKAWE_E (ID: 3)] equip: NON-RNAV allowed FALSE
[2026-09-28 10:08:01] [DEBUG] [CONF] [EKAWE_E (ID: 3)] equip: RNAV allowed TRUE
[2026-09-28 10:08:01] [DEBUG] [CONF] [EKAWE_E (ID: 3)] initialClimb: 8000
[2026-09-28 10:08:01] [DEBUG] [CONF] [EKAWE_E (ID: 3)] climb via: FALSE
[2026-09-28 10:08:01] [DEBUG] [CONF] [EKAWE_E (ID: 3)] prio: 38
[2026-09-28 10:08:01] [DEBUG] [CONF] [EKAWE_E (ID: 3)] pilotfiled: FALSE
[2026-09-28 10:08:01] [DEBUG] [CONF] [EKAWE_E (ID: 3)] wtc: 
[2026-09-28 10:08:01] [DEBUG] [CONF] [EKAWE_E (ID: 3)] engType: 
[2026-09-28 10:08:01] [DEBUG] [CONF] [EKAWE_E (ID: 3)] wingType: LSAT
[2026-09-28 10:08:01] [DEBUG] [CONF] [EKAWE_E (ID: 3)] engCount: 0
[2026-09-28 10:08:01] [DEBUG] [CONF] [EKAWE_E (ID: 3)] mtow: 0
[2026-09-28 10:08:01] [DEBUG] [CONF] [EKAWE_E (ID: 3)] rule: 
[2026-09-28 10:08:01] [DEBUG] [CONF] [EKAWE_E (ID: 3)] area: 
[2026-09-28 10:08:01] [DEBUG] [CONF] [EKAWE_E (ID: 3)] lvp: -1
[2026-09-28 10:08:01] [DEBUG] [CONF] [EKAWE_E (ID: 3)] timeFrom: -1
[2026-09-28 10:08:01] [DEBUG] [CONF] [EKAWE_E (ID: 3)] timeTo: -1
[2026-09-28 10:08:01] [DEBUG] [CONF] [EKAWE_E (ID: 4)] wpt: OSMEV
[2026-09-28 10:08:01] [DEBUG] [CONF] [EKAWE_E (ID: 4)] rwys: 36
[2026-09-28 10:08:01] [DEBUG] [CONF] [EKAWE_E (ID: 4)] equip: NON-RNAV allowed FALSE
[2026-09-28 10:08:01] [DEBUG] [CONF] [EKAWE_E (ID: 4)] equip: RNAV allowed TRUE
[2026-09-28 10:08:01] [DEBUG] [CONF] [EKAWE_E (ID: 4)] initialClimb: 8000
[2026-09-28 10:08:01] [DEBUG] [CONF] [EKAWE_E (ID: 4)] climb via: FALSE
[2026-09-28 10:08:01] [DEBUG] [CONF] [EKAWE_E (ID: 4)] prio: 38
[2026-09-28 10:08:01] [DEBUG] [CONF] [EKAWE_E (ID: 4)] pilotfiled: FALSE
[2026-09-28 10:08:01] [DEBUG] [CONF] [EKAWE_E (ID: 4)] wtc: 
[2026-09-28 10:08:01] [DEBUG] [CONF] [EKAWE_E (ID: 4)] engType: 
[2026-09-28 10:08:01] [DEBUG] [CONF] [EKAWE_E (ID: 4)] wingType: LSAT
[2026-09-28 10:08:01] [DEBUG] [CONF] [EKAWE_E (ID: 4)] engCount: 0
[2026-09-28 10:08:01] [DEBUG] [CONF] [EKAWE_E (ID: 4)] mtow: 0
[2026-09-28 10:08:01] [DEBUG] [CONF] [EKAWE_E (ID: 4)] rule: 
[2026-09-28 10:08:01] [DEBUG] [CONF] [EKAWE_E (ID: 4)] area: 
[2026-09-28 10:08:01] [DEBUG] [CONF] [EKAWE_E (ID: 4)] lvp: -1
[2026-09-28 10:08:01] [DEBUG] [CONF] [EKAWE_E (ID: 4)] timeFrom: -1
[2026-09-28 10:08:01] [DEBUG] [CONF] [EKAWE_E (ID: 4)] timeTo: -1
[2026-09-28 10:08:01] [DEBUG] [CONF] [EKAWE_F (ID: 1)] wpt: EKAWE
[2026-09-28 10:08:01] [DEBUG] [CONF] [EKAWE_F (ID: 1)] rwys: 16L,16R
[2026-09-28 10:08:01] [DEBUG] [CONF] [EKAWE_F (ID: 1)] equip: NON-RNAV allowed FALSE
[2026-09-28 10:08:01] [DEBUG] [CONF] [EKAWE_F (ID: 1)] equip: RNAV allowed TRUE
[2026-09-28 10:08:01] [DEBUG] [CONF] [EKAWE_F (ID: 1)] initialClimb: 4000
[2026-09-28 10:08:01] [DEBUG] [CONF] [EKAWE_F (ID: 1)] climb via: FALSE
[2026-09-28 10:08:01] [DEBUG] [CONF] [EKAWE_F (ID: 1)] prio: 15
[2026-09-28 10:08:01] [DEBUG] [CONF] [EKAWE_F (ID: 1)] pilotfiled: FALSE
[2026-09-28 10:08:01] [DEBUG] [CONF] [EKAWE_F (ID: 1)] wtc: 
[2026-09-28 10:08:01] [DEBUG] [CONF] [EKAWE_F (ID: 1)] engType: 
[2026-09-28 10:08:01] [DEBUG] [CONF] [EKAWE_F (ID: 1)] wingType: LSAT
[2026-09-28 10:08:01] [DEBUG] [CONF] [EKAWE_F (ID: 1)] engCount: 0
[2026-09-28 10:08:01] [DEBUG] [CONF] [EKAWE_F (ID: 1)] mtow: 0
[2026-09-28 10:08:01] [DEBUG] [CONF] [EKAWE_F (ID: 1)] rule: 
[2026-09-28 10:08:01] [DEBUG] [CONF] [EKAWE_F (ID: 1)] area: 
[2026-09-28 10:08:01] [DEBUG] [CONF] [EKAWE_F (ID: 1)] lvp: -1
[2026-09-28 10:08:01] [DEBUG] [CONF] [EKAWE_F (ID: 1)] timeFrom: -1
[2026-09-28 10:08:01] [DEBUG] [CONF] [EKAWE_F (ID: 1)] timeTo: -1
[2026-09-28 10:08:01] [DEBUG] [CONF] [EKAWE_F (ID: 2)] wpt: OSMEV
[2026-09-28 10:08:01] [DEBUG] [CONF] [EKAWE_F (ID: 2)] rwys: 16L,16R
[2026-09-28 10:08:01] [DEBUG] [CONF] [EKAWE_F (ID: 2)] equip: NON-RNAV allowed FALSE
[2026-09-28 10:08:01] [DEBUG] [CONF] [EKAWE_F (ID: 2)] equip: RNAV allowed TRUE
[2026-09-28 10:08:01] [DEBUG] [CONF] [EKAWE_F (ID: 2)] initialClimb: 4000
[2026-09-28 10:08:01] [DEBUG] [CONF] [EKAWE_F (ID: 2)] climb via: FALSE
[2026-09-28 10:08:01] [DEBUG] [CONF] [EKAWE_F (ID: 2)] prio: 15
[2026-09-28 10:08:01] [DEBUG] [CONF] [EKAWE_F (ID: 2)] pilotfiled: FALSE
[2026-09-28 10:08:01] [DEBUG] [CONF] [EKAWE_F (ID: 2)] wtc: 
[2026-09-28 10:08:01] [DEBUG] [CONF] [EKAWE_F (ID: 2)] engType: 
[2026-09-28 10:08:01] [DEBUG] [CONF] [EKAWE_F (ID: 2)] wingType: LSAT
[2026-09-28 10:08:01] [DEBUG] [CONF] [EKAWE_F (ID: 2)] engCount: 0
[2026-09-28 10:08:01] [DEBUG] [CONF] [EKAWE_F (ID: 2)] mtow: 0
[2026-09-28 10:08:01] [DEBUG] [CONF] [EKAWE_F (ID: 2)] rule: 
[2026-09-28 10:08:01] [DEBUG] [CONF] [EKAWE_F (ID: 2)] area: 
[2026-09-28 10:08:01] [DEBUG] [CONF] [EKAWE_F (ID: 2)] lvp: -1
[2026-09-28 10:08:01] [DEBUG] [CONF] [EKAWE_F (ID: 2)] timeFrom: -1
[2026-09-28 10:08:01] [DEBUG] [CONF] [EKAWE_F (ID: 2)] timeTo: -1
[2026-09-28 10:08:01] [DEBUG] [CONF] [EKAWE_G (ID: 1)] wpt: EKAWE
[2026-09-28 10:08:01] [DEBUG] [CONF] [EKAWE_G (ID: 1)] rwys: 17L,17R
[2026-09-28 10:08:01] [DEBUG] [CONF] [EKAWE_G (ID: 1)] equip: NON-RNAV allowed FALSE
[2026-09-28 10:08:01] [DEBUG] [CONF] [EKAWE_G (ID: 1)] equip: RNAV allowed TRUE
[2026-09-28 10:08:01] [DEBUG] [CONF] [EKAWE_G (ID: 1)] initialClimb: 5000
[2026-09-28 10:08:01] [DEBUG] [CONF] [EKAWE_G (ID: 1)] climb via: FALSE
[2026-09-28 10:08:01] [DEBUG] [CONF] [EKAWE_G (ID: 1)] prio: 15
[2026-09-28 10:08:01] [DEBUG] [CONF] [EKAWE_G (ID: 1)] pilotfiled: FALSE
[2026-09-28 10:08:01] [DEBUG] [CONF] [EKAWE_G (ID: 1)] actDepRwy: deny - all - 
[2026-09-28 10:08:01] [DEBUG] [CONF] [EKAWE_G (ID: 1)] actDepRwy: deny - any - 16L,16R
[2026-09-28 10:08:01] [DEBUG] [CONF] [EKAWE_G (ID: 1)] wtc: 
[2026-09-28 10:08:01] [DEBUG] [CONF] [EKAWE_G (ID: 1)] engType: 
[2026-09-28 10:08:01] [DEBUG] [CONF] [EKAWE_G (ID: 1)] wingType: LSAT
[2026-09-28 10:08:01] [DEBUG] [CONF] [EKAWE_G (ID: 1)] engCount: 0
[2026-09-28 10:08:01] [DEBUG] [CONF] [EKAWE_G (ID: 1)] mtow: 0
[2026-09-28 10:08:01] [DEBUG] [CONF] [EKAWE_G (ID: 1)] rule: 
[2026-09-28 10:08:01] [DEBUG] [CONF] [EKAWE_G (ID: 1)] area: 
[2026-09-28 10:08:01] [DEBUG] [CONF] [EKAWE_G (ID: 1)] lvp: -1
[2026-09-28 10:08:01] [DEBUG] [CONF] [EKAWE_G (ID: 1)] timeFrom: -1
[2026-09-28 10:08:01] [DEBUG] [CONF] [EKAWE_G (ID: 1)] timeTo: -1
[2026-09-28 10:08:01] [DEBUG] [CONF] [EKAWE_G (ID: 2)] wpt: OSMEV
[2026-09-28 10:08:01] [DEBUG] [CONF] [EKAWE_G (ID: 2)] rwys: 17L,17R
[2026-09-28 10:08:01] [DEBUG] [CONF] [EKAWE_G (ID: 2)] equip: NON-RNAV allowed FALSE
[2026-09-28 10:08:01] [DEBUG] [CONF] [EKAWE_G (ID: 2)] equip: RNAV allowed TRUE
[2026-09-28 10:08:01] [DEBUG] [CONF] [EKAWE_G (ID: 2)] initialClimb: 5000
[2026-09-28 10:08:01] [DEBUG] [CONF] [EKAWE_G (ID: 2)] climb via: FALSE
[2026-09-28 10:08:01] [DEBUG] [CONF] [EKAWE_G (ID: 2)] prio: 15
[2026-09-28 10:08:01] [DEBUG] [CONF] [EKAWE_G (ID: 2)] pilotfiled: FALSE
[2026-09-28 10:08:01] [DEBUG] [CONF] [EKAWE_G (ID: 2)] actDepRwy: deny - all - 
[2026-09-28 10:08:01] [DEBUG] [CONF] [EKAWE_G (ID: 2)] actDepRwy: deny - any - 16L,16R
[2026-09-28 10:08:01] [DEBUG] [CONF] [EKAWE_G (ID: 2)] wtc: 
[2026-09-28 10:08:01] [DEBUG] [CONF] [EKAWE_G (ID: 2)] engType: 
[2026-09-28 10:08:01] [DEBUG] [CONF] [EKAWE_G (ID: 2)] wingType: LSAT
[2026-09-28 10:08:01] [DEBUG] [CONF] [EKAWE_G (ID: 2)] engCount: 0
[2026-09-28 10:08:01] [DEBUG] [CONF] [EKAWE_G (ID: 2)] mtow: 0
[2026-09-28 10:08:01] [DEBUG] [CONF] [EKAWE_G (ID: 2)] rule: 
[2026-09-28 10:08:01] [DEBUG] [CONF] [EKAWE_G (ID: 2)] area: 
[2026-09-28 10:08:01] [DEBUG] [CONF] [EKAWE_G (ID: 2)] lvp: -1
[2026-09-28 10:08:01] [DEBUG] [CONF] [EKAWE_G (ID: 2)] timeFrom: -1
[2026-09-28 10:08:01] [DEBUG] [CONF] [EKAWE_G (ID: 2)] timeTo: -1
[2026-09-28 10:08:01] [DEBUG] [CONF] [EKAWE_H (ID: 1)] wpt: EKAWE
[2026-09-28 10:08:01] [DEBUG] [CONF] [EKAWE_H (ID: 1)] rwys: 18
[2026-09-28 10:08:01] [DEBUG] [CONF] [EKAWE_H (ID: 1)] equip: NON-RNAV allowed FALSE
[2026-09-28 10:08:01] [DEBUG] [CONF] [EKAWE_H (ID: 1)] equip: RNAV allowed TRUE
[2026-09-28 10:08:01] [DEBUG] [CONF] [EKAWE_H (ID: 1)] initialClimb: 8000
[2026-09-28 10:08:01] [DEBUG] [CONF] [EKAWE_H (ID: 1)] climb via: FALSE
[2026-09-28 10:08:01] [DEBUG] [CONF] [EKAWE_H (ID: 1)] prio: 4
[2026-09-28 10:08:01] [DEBUG] [CONF] [EKAWE_H (ID: 1)] pilotfiled: FALSE
[2026-09-28 10:08:01] [DEBUG] [CONF] [EKAWE_H (ID: 1)] actDepRwy: deny - all - 
[2026-09-28 10:08:01] [DEBUG] [CONF] [EKAWE_H (ID: 1)] actDepRwy: deny - any - 09
[2026-09-28 10:08:01] [DEBUG] [CONF] [EKAWE_H (ID: 1)] wtc: 
[2026-09-28 10:08:01] [DEBUG] [CONF] [EKAWE_H (ID: 1)] engType: 
[2026-09-28 10:08:01] [DEBUG] [CONF] [EKAWE_H (ID: 1)] wingType: LSAT
[2026-09-28 10:08:01] [DEBUG] [CONF] [EKAWE_H (ID: 1)] engCount: 0
[2026-09-28 10:08:01] [DEBUG] [CONF] [EKAWE_H (ID: 1)] mtow: 0
[2026-09-28 10:08:01] [DEBUG] [CONF] [EKAWE_H (ID: 1)] rule: 
[2026-09-28 10:08:01] [DEBUG] [CONF] [EKAWE_H (ID: 1)] area: EAST
[2026-09-28 10:08:01] [DEBUG] [CONF] [EKAWE_H (ID: 1)] lvp: -1
[2026-09-28 10:08:01] [DEBUG] [CONF] [EKAWE_H (ID: 1)] timeFrom: -1
[2026-09-28 10:08:01] [DEBUG] [CONF] [EKAWE_H (ID: 1)] timeTo: -1
[2026-09-28 10:08:01] [DEBUG] [CONF] [EKAWE_H (ID: 2)] wpt: OSMEV
[2026-09-28 10:08:01] [DEBUG] [CONF] [EKAWE_H (ID: 2)] rwys: 18
[2026-09-28 10:08:01] [DEBUG] [CONF] [EKAWE_H (ID: 2)] equip: NON-RNAV allowed FALSE
[2026-09-28 10:08:01] [DEBUG] [CONF] [EKAWE_H (ID: 2)] equip: RNAV allowed TRUE
[2026-09-28 10:08:01] [DEBUG] [CONF] [EKAWE_H (ID: 2)] initialClimb: 8000
[2026-09-28 10:08:01] [DEBUG] [CONF] [EKAWE_H (ID: 2)] climb via: FALSE
[2026-09-28 10:08:01] [DEBUG] [CONF] [EKAWE_H (ID: 2)] prio: 4
[2026-09-28 10:08:01] [DEBUG] [CONF] [EKAWE_H (ID: 2)] pilotfiled: FALSE
[2026-09-28 10:08:01] [DEBUG] [CONF] [EKAWE_H (ID: 2)] actDepRwy: deny - all - 
[2026-09-28 10:08:01] [DEBUG] [CONF] [EKAWE_H (ID: 2)] actDepRwy: deny - any - 09
[2026-09-28 10:08:01] [DEBUG] [CONF] [EKAWE_H (ID: 2)] wtc: 
[2026-09-28 10:08:01] [DEBUG] [CONF] [EKAWE_H (ID: 2)] engType: 
[2026-09-28 10:08:01] [DEBUG] [CONF] [EKAWE_H (ID: 2)] wingType: LSAT
[2026-09-28 10:08:01] [DEBUG] [CONF] [EKAWE_H (ID: 2)] engCount: 0
[2026-09-28 10:08:01] [DEBUG] [CONF] [EKAWE_H (ID: 2)] mtow: 0
[2026-09-28 10:08:01] [DEBUG] [CONF] [EKAWE_H (ID: 2)] rule: 
[2026-09-28 10:08:01] [DEBUG] [CONF] [EKAWE_H (ID: 2)] area: EAST
[2026-09-28 10:08:01] [DEBUG] [CONF] [EKAWE_H (ID: 2)] lvp: -1
[2026-09-28 10:08:01] [DEBUG] [CONF] [EKAWE_H (ID: 2)] timeFrom: -1
[2026-09-28 10:08:01] [DEBUG] [CONF] [EKAWE_H (ID: 2)] timeTo: -1
[2026-09-28 10:08:01] [DEBUG] [CONF] [EKAWE_H (ID: 3)] wpt: EKAWE
[2026-09-28 10:08:01] [DEBUG] [CONF] [EKAWE_H (ID: 3)] rwys: 18
[2026-09-28 10:08:01] [DEBUG] [CONF] [EKAWE_H (ID: 3)] equip: NON-RNAV allowed FALSE
[2026-09-28 10:08:01] [DEBUG] [CONF] [EKAWE_H (ID: 3)] equip: RNAV allowed TRUE
[2026-09-28 10:08:01] [DEBUG] [CONF] [EKAWE_H (ID: 3)] initialClimb: 8000
[2026-09-28 10:08:01] [DEBUG] [CONF] [EKAWE_H (ID: 3)] climb via: FALSE
[2026-09-28 10:08:01] [DEBUG] [CONF] [EKAWE_H (ID: 3)] prio: 38
[2026-09-28 10:08:01] [DEBUG] [CONF] [EKAWE_H (ID: 3)] pilotfiled: FALSE
[2026-09-28 10:08:01] [DEBUG] [CONF] [EKAWE_H (ID: 3)] actDepRwy: deny - all - 
[2026-09-28 10:08:01] [DEBUG] [CONF] [EKAWE_H (ID: 3)] actDepRwy: deny - any - 09
[2026-09-28 10:08:01] [DEBUG] [CONF] [EKAWE_H (ID: 3)] wtc: 
[2026-09-28 10:08:01] [DEBUG] [CONF] [EKAWE_H (ID: 3)] engType: 
[2026-09-28 10:08:01] [DEBUG] [CONF] [EKAWE_H (ID: 3)] wingType: LSAT
[2026-09-28 10:08:01] [DEBUG] [CONF] [EKAWE_H (ID: 3)] engCount: 0
[2026-09-28 10:08:01] [DEBUG] [CONF] [EKAWE_H (ID: 3)] mtow: 0
[2026-09-28 10:08:01] [DEBUG] [CONF] [EKAWE_H (ID: 3)] rule: 
[2026-09-28 10:08:01] [DEBUG] [CONF] [EKAWE_H (ID: 3)] area: 
[2026-09-28 10:08:01] [DEBUG] [CONF] [EKAWE_H (ID: 3)] lvp: -1
[2026-09-28 10:08:01] [DEBUG] [CONF] [EKAWE_H (ID: 3)] timeFrom: -1
[2026-09-28 10:08:01] [DEBUG] [CONF] [EKAWE_H (ID: 3)] timeTo: -1
[2026-09-28 10:08:01] [DEBUG] [CONF] [EKAWE_H (ID: 4)] wpt: OSMEV
[2026-09-28 10:08:01] [DEBUG] [CONF] [EKAWE_H (ID: 4)] rwys: 18
[2026-09-28 10:08:01] [DEBUG] [CONF] [EKAWE_H (ID: 4)] equip: NON-RNAV allowed FALSE
[2026-09-28 10:08:01] [DEBUG] [CONF] [EKAWE_H (ID: 4)] equip: RNAV allowed TRUE
[2026-09-28 10:08:01] [DEBUG] [CONF] [EKAWE_H (ID: 4)] initialClimb: 8000
[2026-09-28 10:08:01] [DEBUG] [CONF] [EKAWE_H (ID: 4)] climb via: FALSE
[2026-09-28 10:08:01] [DEBUG] [CONF] [EKAWE_H (ID: 4)] prio: 38
[2026-09-28 10:08:01] [DEBUG] [CONF] [EKAWE_H (ID: 4)] pilotfiled: FALSE
[2026-09-28 10:08:01] [DEBUG] [CONF] [EKAWE_H (ID: 4)] actDepRwy: deny - all - 
[2026-09-28 10:08:01] [DEBUG] [CONF] [EKAWE_H (ID: 4)] actDepRwy: deny - any - 09
[2026-09-28 10:08:01] [DEBUG] [CONF] [EKAWE_H (ID: 4)] wtc: 
[2026-09-28 10:08:01] [DEBUG] [CONF] [EKAWE_H (ID: 4)] engType: 
[2026-09-28 10:08:01] [DEBUG] [CONF] [EKAWE_H (ID: 4)] wingType: LSAT
[2026-09-28 10:08:01] [DEBUG] [CONF] [EKAWE_H (ID: 4)] engCount: 0
[2026-09-28 10:08:01] [DEBUG] [CONF] [EKAWE_H (ID: 4)] mtow: 0
[2026-09-28 10:08:01] [DEBUG] [CONF] [EKAWE_H (ID: 4)] rule: 
[2026-09-28 10:08:01] [DEBUG] [CONF] [EKAWE_H (ID: 4)] area: 
[2026-09-28 10:08:01] [DEBUG] [CONF] [EKAWE_H (ID: 4)] lvp: -1
[2026-09-28 10:08:01] [DEBUG] [CONF] [EKAWE_H (ID: 4)] timeFrom: -1
[2026-09-28 10:08:01] [DEBUG] [CONF] [EKAWE_H (ID: 4)] timeTo: -1
[2026-09-28 10:08:01] [DEBUG] [CONF] [ELCAH_K (ID: 1)] wpt: ELCAH
[2026-09-28 10:08:01] [DEBUG] [CONF] [ELCAH_K (ID: 1)] rwys: 36
[2026-09-28 10:08:01] [DEBUG] [CONF] [ELCAH_K (ID: 1)] equip: NON-RNAV allowed TRUE
[2026-09-28 10:08:01] [DEBUG] [CONF] [ELCAH_K (ID: 1)] equip: RNAV allowed FALSE
[2026-09-28 10:08:01] [DEBUG] [CONF] [ELCAH_K (ID: 1)] initialClimb: 8000
[2026-09-28 10:08:01] [DEBUG] [CONF] [ELCAH_K (ID: 1)] climb via: FALSE
[2026-09-28 10:08:01] [DEBUG] [CONF] [ELCAH_K (ID: 1)] prio: 6
[2026-09-28 10:08:01] [DEBUG] [CONF] [ELCAH_K (ID: 1)] pilotfiled: FALSE
[2026-09-28 10:08:01] [DEBUG] [CONF] [ELCAH_K (ID: 1)] wtc: 
[2026-09-28 10:08:01] [DEBUG] [CONF] [ELCAH_K (ID: 1)] engType: 
[2026-09-28 10:08:01] [DEBUG] [CONF] [ELCAH_K (ID: 1)] wingType: LSAT
[2026-09-28 10:08:01] [DEBUG] [CONF] [ELCAH_K (ID: 1)] engCount: 0
[2026-09-28 10:08:01] [DEBUG] [CONF] [ELCAH_K (ID: 1)] mtow: 0
[2026-09-28 10:08:01] [DEBUG] [CONF] [ELCAH_K (ID: 1)] rule: 
[2026-09-28 10:08:01] [DEBUG] [CONF] [ELCAH_K (ID: 1)] area: EAST
[2026-09-28 10:08:01] [DEBUG] [CONF] [ELCAH_K (ID: 1)] lvp: -1
[2026-09-28 10:08:01] [DEBUG] [CONF] [ELCAH_K (ID: 1)] timeFrom: -1
[2026-09-28 10:08:01] [DEBUG] [CONF] [ELCAH_K (ID: 1)] timeTo: -1
[2026-09-28 10:08:01] [DEBUG] [CONF] [ELCAH_K (ID: 2)] wpt: XXX
[2026-09-28 10:08:01] [DEBUG] [CONF] [ELCAH_K (ID: 2)] rwys: 36
[2026-09-28 10:08:01] [DEBUG] [CONF] [ELCAH_K (ID: 2)] equip: NON-RNAV allowed TRUE
[2026-09-28 10:08:01] [DEBUG] [CONF] [ELCAH_K (ID: 2)] equip: RNAV allowed FALSE
[2026-09-28 10:08:01] [DEBUG] [CONF] [ELCAH_K (ID: 2)] initialClimb: 8000
[2026-09-28 10:08:01] [DEBUG] [CONF] [ELCAH_K (ID: 2)] climb via: FALSE
[2026-09-28 10:08:01] [DEBUG] [CONF] [ELCAH_K (ID: 2)] prio: 8
[2026-09-28 10:08:01] [DEBUG] [CONF] [ELCAH_K (ID: 2)] pilotfiled: FALSE
[2026-09-28 10:08:01] [DEBUG] [CONF] [ELCAH_K (ID: 2)] wtc: 
[2026-09-28 10:08:01] [DEBUG] [CONF] [ELCAH_K (ID: 2)] engType: 
[2026-09-28 10:08:01] [DEBUG] [CONF] [ELCAH_K (ID: 2)] wingType: LSAT
[2026-09-28 10:08:01] [DEBUG] [CONF] [ELCAH_K (ID: 2)] engCount: 0
[2026-09-28 10:08:01] [DEBUG] [CONF] [ELCAH_K (ID: 2)] mtow: 0
[2026-09-28 10:08:01] [DEBUG] [CONF] [ELCAH_K (ID: 2)] rule: 
[2026-09-28 10:08:01] [DEBUG] [CONF] [ELCAH_K (ID: 2)] area: EAST
[2026-09-28 10:08:01] [DEBUG] [CONF] [ELCAH_K (ID: 2)] lvp: -1
[2026-09-28 10:08:01] [DEBUG] [CONF] [ELCAH_K (ID: 2)] timeFrom: -1
[2026-09-28 10:08:01] [DEBUG] [CONF] [ELCAH_K (ID: 2)] timeTo: -1
[2026-09-28 10:08:01] [DEBUG] [CONF] [ELCAH_K (ID: 3)] wpt: ELCAH
[2026-09-28 10:08:01] [DEBUG] [CONF] [ELCAH_K (ID: 3)] rwys: 36
[2026-09-28 10:08:01] [DEBUG] [CONF] [ELCAH_K (ID: 3)] equip: NON-RNAV allowed TRUE
[2026-09-28 10:08:01] [DEBUG] [CONF] [ELCAH_K (ID: 3)] equip: RNAV allowed FALSE
[2026-09-28 10:08:01] [DEBUG] [CONF] [ELCAH_K (ID: 3)] initialClimb: 8000
[2026-09-28 10:08:01] [DEBUG] [CONF] [ELCAH_K (ID: 3)] climb via: FALSE
[2026-09-28 10:08:01] [DEBUG] [CONF] [ELCAH_K (ID: 3)] prio: 45
[2026-09-28 10:08:01] [DEBUG] [CONF] [ELCAH_K (ID: 3)] pilotfiled: FALSE
[2026-09-28 10:08:01] [DEBUG] [CONF] [ELCAH_K (ID: 3)] wtc: 
[2026-09-28 10:08:01] [DEBUG] [CONF] [ELCAH_K (ID: 3)] engType: 
[2026-09-28 10:08:01] [DEBUG] [CONF] [ELCAH_K (ID: 3)] wingType: LSAT
[2026-09-28 10:08:01] [DEBUG] [CONF] [ELCAH_K (ID: 3)] engCount: 0
[2026-09-28 10:08:01] [DEBUG] [CONF] [ELCAH_K (ID: 3)] mtow: 0
[2026-09-28 10:08:01] [DEBUG] [CONF] [ELCAH_K (ID: 3)] rule: 
[2026-09-28 10:08:01] [DEBUG] [CONF] [ELCAH_K (ID: 3)] area: 
[2026-09-28 10:08:01] [DEBUG] [CONF] [ELCAH_K (ID: 3)] lvp: -1
[2026-09-28 10:08:01] [DEBUG] [CONF] [ELCAH_K (ID: 3)] timeFrom: -1
[2026-09-28 10:08:01] [DEBUG] [CONF] [ELCAH_K (ID: 3)] timeTo: -1
[2026-09-28 10:08:01] [DEBUG] [CONF] [ELCAH_K (ID: 4)] wpt: XXX
[2026-09-28 10:08:01] [DEBUG] [CONF] [ELCAH_K (ID: 4)] rwys: 36
[2026-09-28 10:08:01] [DEBUG] [CONF] [ELCAH_K (ID: 4)] equip: NON-RNAV allowed TRUE
[2026-09-28 10:08:01] [DEBUG] [CONF] [ELCAH_K (ID: 4)] equip: RNAV allowed FALSE
[2026-09-28 10:08:01] [DEBUG] [CONF] [ELCAH_K (ID: 4)] initialClimb: 8000
[2026-09-28 10:08:01] [DEBUG] [CONF] [ELCAH_K (ID: 4)] climb via: FALSE
[2026-09-28 10:08:01] [DEBUG] [CONF] [ELCAH_K (ID: 4)] prio: 50
[2026-09-28 10:08:01] [DEBUG] [CONF] [ELCAH_K (ID: 4)] pilotfiled: FALSE
[2026-09-28 10:08:01] [DEBUG] [CONF] [ELCAH_K (ID: 4)] wtc: 
[2026-09-28 10:08:01] [DEBUG] [CONF] [ELCAH_K (ID: 4)] engType: 
[2026-09-28 10:08:01] [DEBUG] [CONF] [ELCAH_K (ID: 4)] wingType: LSAT
[2026-09-28 10:08:01] [DEBUG] [CONF] [ELCAH_K (ID: 4)] engCount: 0
[2026-09-28 10:08:01] [DEBUG] [CONF] [ELCAH_K (ID: 4)] mtow: 0
[2026-09-28 10:08:01] [DEBUG] [CONF] [ELCAH_K (ID: 4)] rule: 
[2026-09-28 10:08:01] [DEBUG] [CONF] [ELCAH_K (ID: 4)] area: 
[2026-09-28 10:08:01] [DEBUG] [CONF] [ELCAH_K (ID: 4)] lvp: -1
[2026-09-28 10:08:01] [DEBUG] [CONF] [ELCAH_K (ID: 4)] timeFrom: -1
[2026-09-28 10:08:01] [DEBUG] [CONF] [ELCAH_K (ID: 4)] timeTo: -1
[2026-09-28 10:08:01] [DEBUG] [CONF] [ELNIN_K (ID: 1)] wpt: ELNIN
[2026-09-28 10:08:01] [DEBUG] [CONF] [ELNIN_K (ID: 1)] rwys: 35L,35R
[2026-09-28 10:08:01] [DEBUG] [CONF] [ELNIN_K (ID: 1)] equip: NON-RNAV allowed TRUE
[2026-09-28 10:08:01] [DEBUG] [CONF] [ELNIN_K (ID: 1)] equip: RNAV allowed FALSE
[2026-09-28 10:08:01] [DEBUG] [CONF] [ELNIN_K (ID: 1)] initialClimb: 5000
[2026-09-28 10:08:01] [DEBUG] [CONF] [ELNIN_K (ID: 1)] climb via: FALSE
[2026-09-28 10:08:01] [DEBUG] [CONF] [ELNIN_K (ID: 1)] prio: 21
[2026-09-28 10:08:01] [DEBUG] [CONF] [ELNIN_K (ID: 1)] pilotfiled: FALSE
[2026-09-28 10:08:01] [DEBUG] [CONF] [ELNIN_K (ID: 1)] wtc: 
[2026-09-28 10:08:01] [DEBUG] [CONF] [ELNIN_K (ID: 1)] engType: 
[2026-09-28 10:08:01] [DEBUG] [CONF] [ELNIN_K (ID: 1)] wingType: LSAT
[2026-09-28 10:08:01] [DEBUG] [CONF] [ELNIN_K (ID: 1)] engCount: 0
[2026-09-28 10:08:01] [DEBUG] [CONF] [ELNIN_K (ID: 1)] mtow: 0
[2026-09-28 10:08:01] [DEBUG] [CONF] [ELNIN_K (ID: 1)] rule: 
[2026-09-28 10:08:01] [DEBUG] [CONF] [ELNIN_K (ID: 1)] area: 
[2026-09-28 10:08:01] [DEBUG] [CONF] [ELNIN_K (ID: 1)] lvp: -1
[2026-09-28 10:08:01] [DEBUG] [CONF] [ELNIN_K (ID: 1)] timeFrom: -1
[2026-09-28 10:08:01] [DEBUG] [CONF] [ELNIN_K (ID: 1)] timeTo: -1
[2026-09-28 10:08:01] [DEBUG] [CONF] [ELNIN_K (ID: 2)] wpt: XXX
[2026-09-28 10:08:01] [DEBUG] [CONF] [ELNIN_K (ID: 2)] rwys: 35L,35R
[2026-09-28 10:08:01] [DEBUG] [CONF] [ELNIN_K (ID: 2)] equip: NON-RNAV allowed TRUE
[2026-09-28 10:08:01] [DEBUG] [CONF] [ELNIN_K (ID: 2)] equip: RNAV allowed FALSE
[2026-09-28 10:08:01] [DEBUG] [CONF] [ELNIN_K (ID: 2)] initialClimb: 5000
[2026-09-28 10:08:01] [DEBUG] [CONF] [ELNIN_K (ID: 2)] climb via: FALSE
[2026-09-28 10:08:01] [DEBUG] [CONF] [ELNIN_K (ID: 2)] prio: 26
[2026-09-28 10:08:01] [DEBUG] [CONF] [ELNIN_K (ID: 2)] pilotfiled: FALSE
[2026-09-28 10:08:01] [DEBUG] [CONF] [ELNIN_K (ID: 2)] wtc: 
[2026-09-28 10:08:01] [DEBUG] [CONF] [ELNIN_K (ID: 2)] engType: 
[2026-09-28 10:08:01] [DEBUG] [CONF] [ELNIN_K (ID: 2)] wingType: LSAT
[2026-09-28 10:08:01] [DEBUG] [CONF] [ELNIN_K (ID: 2)] engCount: 0
[2026-09-28 10:08:01] [DEBUG] [CONF] [ELNIN_K (ID: 2)] mtow: 0
[2026-09-28 10:08:01] [DEBUG] [CONF] [ELNIN_K (ID: 2)] rule: 
[2026-09-28 10:08:01] [DEBUG] [CONF] [ELNIN_K (ID: 2)] area: 
[2026-09-28 10:08:01] [DEBUG] [CONF] [ELNIN_K (ID: 2)] lvp: -1
[2026-09-28 10:08:01] [DEBUG] [CONF] [ELNIN_K (ID: 2)] timeFrom: -1
[2026-09-28 10:08:01] [DEBUG] [CONF] [ELNIN_K (ID: 2)] timeTo: -1
[2026-09-28 10:08:01] [DEBUG] [CONF] [GAPDI_G (ID: 1)] wpt: GAPDI
[2026-09-28 10:08:01] [DEBUG] [CONF] [GAPDI_G (ID: 1)] rwys: 17L,17R
[2026-09-28 10:08:01] [DEBUG] [CONF] [GAPDI_G (ID: 1)] equip: NON-RNAV allowed TRUE
[2026-09-28 10:08:01] [DEBUG] [CONF] [GAPDI_G (ID: 1)] equip: RNAV allowed FALSE
[2026-09-28 10:08:01] [DEBUG] [CONF] [GAPDI_G (ID: 1)] initialClimb: 5000
[2026-09-28 10:08:01] [DEBUG] [CONF] [GAPDI_G (ID: 1)] climb via: FALSE
[2026-09-28 10:08:01] [DEBUG] [CONF] [GAPDI_G (ID: 1)] prio: 21
[2026-09-28 10:08:01] [DEBUG] [CONF] [GAPDI_G (ID: 1)] pilotfiled: FALSE
[2026-09-28 10:08:01] [DEBUG] [CONF] [GAPDI_G (ID: 1)] wtc: 
[2026-09-28 10:08:01] [DEBUG] [CONF] [GAPDI_G (ID: 1)] engType: 
[2026-09-28 10:08:01] [DEBUG] [CONF] [GAPDI_G (ID: 1)] wingType: LSAT
[2026-09-28 10:08:01] [DEBUG] [CONF] [GAPDI_G (ID: 1)] engCount: 0
[2026-09-28 10:08:01] [DEBUG] [CONF] [GAPDI_G (ID: 1)] mtow: 0
[2026-09-28 10:08:01] [DEBUG] [CONF] [GAPDI_G (ID: 1)] rule: 
[2026-09-28 10:08:01] [DEBUG] [CONF] [GAPDI_G (ID: 1)] area: 
[2026-09-28 10:08:01] [DEBUG] [CONF] [GAPDI_G (ID: 1)] lvp: -1
[2026-09-28 10:08:01] [DEBUG] [CONF] [GAPDI_G (ID: 1)] timeFrom: -1
[2026-09-28 10:08:01] [DEBUG] [CONF] [GAPDI_G (ID: 1)] timeTo: -1
[2026-09-28 10:08:01] [DEBUG] [CONF] [GAPDI_G (ID: 2)] wpt: XXX
[2026-09-28 10:08:01] [DEBUG] [CONF] [GAPDI_G (ID: 2)] rwys: 17L,17R
[2026-09-28 10:08:01] [DEBUG] [CONF] [GAPDI_G (ID: 2)] equip: NON-RNAV allowed TRUE
[2026-09-28 10:08:01] [DEBUG] [CONF] [GAPDI_G (ID: 2)] equip: RNAV allowed FALSE
[2026-09-28 10:08:01] [DEBUG] [CONF] [GAPDI_G (ID: 2)] initialClimb: 5000
[2026-09-28 10:08:01] [DEBUG] [CONF] [GAPDI_G (ID: 2)] climb via: FALSE
[2026-09-28 10:08:01] [DEBUG] [CONF] [GAPDI_G (ID: 2)] prio: 26
[2026-09-28 10:08:01] [DEBUG] [CONF] [GAPDI_G (ID: 2)] pilotfiled: FALSE
[2026-09-28 10:08:01] [DEBUG] [CONF] [GAPDI_G (ID: 2)] wtc: 
[2026-09-28 10:08:01] [DEBUG] [CONF] [GAPDI_G (ID: 2)] engType: 
[2026-09-28 10:08:01] [DEBUG] [CONF] [GAPDI_G (ID: 2)] wingType: LSAT
[2026-09-28 10:08:01] [DEBUG] [CONF] [GAPDI_G (ID: 2)] engCount: 0
[2026-09-28 10:08:01] [DEBUG] [CONF] [GAPDI_G (ID: 2)] mtow: 0
[2026-09-28 10:08:01] [DEBUG] [CONF] [GAPDI_G (ID: 2)] rule: 
[2026-09-28 10:08:01] [DEBUG] [CONF] [GAPDI_G (ID: 2)] area: 
[2026-09-28 10:08:01] [DEBUG] [CONF] [GAPDI_G (ID: 2)] lvp: -1
[2026-09-28 10:08:01] [DEBUG] [CONF] [GAPDI_G (ID: 2)] timeFrom: -1
[2026-09-28 10:08:01] [DEBUG] [CONF] [GAPDI_G (ID: 2)] timeTo: -1
[2026-09-28 10:08:01] [DEBUG] [CONF] [IBLAL_L (ID: 1)] wpt: IBLAL
[2026-09-28 10:08:01] [DEBUG] [CONF] [IBLAL_L (ID: 1)] rwys: 09
[2026-09-28 10:08:01] [DEBUG] [CONF] [IBLAL_L (ID: 1)] equip: NON-RNAV allowed FALSE
[2026-09-28 10:08:01] [DEBUG] [CONF] [IBLAL_L (ID: 1)] equip: RNAV allowed TRUE
[2026-09-28 10:08:01] [DEBUG] [CONF] [IBLAL_L (ID: 1)] initialClimb: 6000
[2026-09-28 10:08:01] [DEBUG] [CONF] [IBLAL_L (ID: 1)] climb via: FALSE
[2026-09-28 10:08:01] [DEBUG] [CONF] [IBLAL_L (ID: 1)] prio: 3
[2026-09-28 10:08:01] [DEBUG] [CONF] [IBLAL_L (ID: 1)] pilotfiled: FALSE
[2026-09-28 10:08:01] [DEBUG] [CONF] [IBLAL_L (ID: 1)] actDepRwy: allow - all - 
[2026-09-28 10:08:01] [DEBUG] [CONF] [IBLAL_L (ID: 1)] actDepRwy: allow - any - 34L,34R,35L,35R
[2026-09-28 10:08:01] [DEBUG] [CONF] [IBLAL_L (ID: 1)] actDepRwy: deny - all - 
[2026-09-28 10:08:01] [DEBUG] [CONF] [IBLAL_L (ID: 1)] actDepRwy: deny - any - 36
[2026-09-28 10:08:01] [DEBUG] [CONF] [IBLAL_L (ID: 1)] wtc: 
[2026-09-28 10:08:01] [DEBUG] [CONF] [IBLAL_L (ID: 1)] engType: 
[2026-09-28 10:08:01] [DEBUG] [CONF] [IBLAL_L (ID: 1)] wingType: LSAT
[2026-09-28 10:08:01] [DEBUG] [CONF] [IBLAL_L (ID: 1)] engCount: 0
[2026-09-28 10:08:01] [DEBUG] [CONF] [IBLAL_L (ID: 1)] mtow: 0
[2026-09-28 10:08:01] [DEBUG] [CONF] [IBLAL_L (ID: 1)] rule: 
[2026-09-28 10:08:01] [DEBUG] [CONF] [IBLAL_L (ID: 1)] area: EAST
[2026-09-28 10:08:01] [DEBUG] [CONF] [IBLAL_L (ID: 1)] lvp: -1
[2026-09-28 10:08:01] [DEBUG] [CONF] [IBLAL_L (ID: 1)] timeFrom: -1
[2026-09-28 10:08:01] [DEBUG] [CONF] [IBLAL_L (ID: 1)] timeTo: -1
[2026-09-28 10:08:01] [DEBUG] [CONF] [IBLAL_L (ID: 2)] wpt: IBLAX
[2026-09-28 10:08:01] [DEBUG] [CONF] [IBLAL_L (ID: 2)] rwys: 09
[2026-09-28 10:08:01] [DEBUG] [CONF] [IBLAL_L (ID: 2)] equip: NON-RNAV allowed FALSE
[2026-09-28 10:08:01] [DEBUG] [CONF] [IBLAL_L (ID: 2)] equip: RNAV allowed TRUE
[2026-09-28 10:08:01] [DEBUG] [CONF] [IBLAL_L (ID: 2)] initialClimb: 6000
[2026-09-28 10:08:01] [DEBUG] [CONF] [IBLAL_L (ID: 2)] climb via: FALSE
[2026-09-28 10:08:01] [DEBUG] [CONF] [IBLAL_L (ID: 2)] prio: 3
[2026-09-28 10:08:01] [DEBUG] [CONF] [IBLAL_L (ID: 2)] pilotfiled: FALSE
[2026-09-28 10:08:01] [DEBUG] [CONF] [IBLAL_L (ID: 2)] actDepRwy: allow - all - 
[2026-09-28 10:08:01] [DEBUG] [CONF] [IBLAL_L (ID: 2)] actDepRwy: allow - any - 34L,34R,35L,35R
[2026-09-28 10:08:01] [DEBUG] [CONF] [IBLAL_L (ID: 2)] actDepRwy: deny - all - 
[2026-09-28 10:08:01] [DEBUG] [CONF] [IBLAL_L (ID: 2)] actDepRwy: deny - any - 36
[2026-09-28 10:08:01] [DEBUG] [CONF] [IBLAL_L (ID: 2)] wtc: 
[2026-09-28 10:08:01] [DEBUG] [CONF] [IBLAL_L (ID: 2)] engType: 
[2026-09-28 10:08:01] [DEBUG] [CONF] [IBLAL_L (ID: 2)] wingType: LSAT
[2026-09-28 10:08:01] [DEBUG] [CONF] [IBLAL_L (ID: 2)] engCount: 0
[2026-09-28 10:08:01] [DEBUG] [CONF] [IBLAL_L (ID: 2)] mtow: 0
[2026-09-28 10:08:01] [DEBUG] [CONF] [IBLAL_L (ID: 2)] rule: 
[2026-09-28 10:08:01] [DEBUG] [CONF] [IBLAL_L (ID: 2)] area: EAST
[2026-09-28 10:08:01] [DEBUG] [CONF] [IBLAL_L (ID: 2)] lvp: -1
[2026-09-28 10:08:01] [DEBUG] [CONF] [IBLAL_L (ID: 2)] timeFrom: -1
[2026-09-28 10:08:01] [DEBUG] [CONF] [IBLAL_L (ID: 2)] timeTo: -1
[2026-09-28 10:08:01] [DEBUG] [CONF] [IBLAL_L (ID: 3)] wpt: IBLAL
[2026-09-28 10:08:01] [DEBUG] [CONF] [IBLAL_L (ID: 3)] rwys: 09
[2026-09-28 10:08:01] [DEBUG] [CONF] [IBLAL_L (ID: 3)] equip: NON-RNAV allowed FALSE
[2026-09-28 10:08:01] [DEBUG] [CONF] [IBLAL_L (ID: 3)] equip: RNAV allowed TRUE
[2026-09-28 10:08:01] [DEBUG] [CONF] [IBLAL_L (ID: 3)] initialClimb: 6000
[2026-09-28 10:08:01] [DEBUG] [CONF] [IBLAL_L (ID: 3)] climb via: FALSE
[2026-09-28 10:08:01] [DEBUG] [CONF] [IBLAL_L (ID: 3)] prio: 36
[2026-09-28 10:08:01] [DEBUG] [CONF] [IBLAL_L (ID: 3)] pilotfiled: FALSE
[2026-09-28 10:08:01] [DEBUG] [CONF] [IBLAL_L (ID: 3)] actDepRwy: allow - all - 
[2026-09-28 10:08:01] [DEBUG] [CONF] [IBLAL_L (ID: 3)] actDepRwy: allow - any - 34L,34R,35L,35R
[2026-09-28 10:08:01] [DEBUG] [CONF] [IBLAL_L (ID: 3)] actDepRwy: deny - all - 
[2026-09-28 10:08:01] [DEBUG] [CONF] [IBLAL_L (ID: 3)] actDepRwy: deny - any - 36
[2026-09-28 10:08:01] [DEBUG] [CONF] [IBLAL_L (ID: 3)] wtc: 
[2026-09-28 10:08:01] [DEBUG] [CONF] [IBLAL_L (ID: 3)] engType: 
[2026-09-28 10:08:01] [DEBUG] [CONF] [IBLAL_L (ID: 3)] wingType: LSAT
[2026-09-28 10:08:01] [DEBUG] [CONF] [IBLAL_L (ID: 3)] engCount: 0
[2026-09-28 10:08:01] [DEBUG] [CONF] [IBLAL_L (ID: 3)] mtow: 0
[2026-09-28 10:08:01] [DEBUG] [CONF] [IBLAL_L (ID: 3)] rule: 
[2026-09-28 10:08:01] [DEBUG] [CONF] [IBLAL_L (ID: 3)] area: 
[2026-09-28 10:08:01] [DEBUG] [CONF] [IBLAL_L (ID: 3)] lvp: -1
[2026-09-28 10:08:01] [DEBUG] [CONF] [IBLAL_L (ID: 3)] timeFrom: -1
[2026-09-28 10:08:01] [DEBUG] [CONF] [IBLAL_L (ID: 3)] timeTo: -1
[2026-09-28 10:08:01] [DEBUG] [CONF] [IBLAL_L (ID: 4)] wpt: IBLAX
[2026-09-28 10:08:01] [DEBUG] [CONF] [IBLAL_L (ID: 4)] rwys: 09
[2026-09-28 10:08:01] [DEBUG] [CONF] [IBLAL_L (ID: 4)] equip: NON-RNAV allowed FALSE
[2026-09-28 10:08:01] [DEBUG] [CONF] [IBLAL_L (ID: 4)] equip: RNAV allowed TRUE
[2026-09-28 10:08:01] [DEBUG] [CONF] [IBLAL_L (ID: 4)] initialClimb: 6000
[2026-09-28 10:08:01] [DEBUG] [CONF] [IBLAL_L (ID: 4)] climb via: FALSE
[2026-09-28 10:08:01] [DEBUG] [CONF] [IBLAL_L (ID: 4)] prio: 36
[2026-09-28 10:08:01] [DEBUG] [CONF] [IBLAL_L (ID: 4)] pilotfiled: FALSE
[2026-09-28 10:08:01] [DEBUG] [CONF] [IBLAL_L (ID: 4)] actDepRwy: allow - all - 
[2026-09-28 10:08:01] [DEBUG] [CONF] [IBLAL_L (ID: 4)] actDepRwy: allow - any - 34L,34R,35L,35R
[2026-09-28 10:08:01] [DEBUG] [CONF] [IBLAL_L (ID: 4)] actDepRwy: deny - all - 
[2026-09-28 10:08:01] [DEBUG] [CONF] [IBLAL_L (ID: 4)] actDepRwy: deny - any - 36
[2026-09-28 10:08:01] [DEBUG] [CONF] [IBLAL_L (ID: 4)] wtc: 
[2026-09-28 10:08:01] [DEBUG] [CONF] [IBLAL_L (ID: 4)] engType: 
[2026-09-28 10:08:01] [DEBUG] [CONF] [IBLAL_L (ID: 4)] wingType: LSAT
[2026-09-28 10:08:01] [DEBUG] [CONF] [IBLAL_L (ID: 4)] engCount: 0
[2026-09-28 10:08:01] [DEBUG] [CONF] [IBLAL_L (ID: 4)] mtow: 0
[2026-09-28 10:08:01] [DEBUG] [CONF] [IBLAL_L (ID: 4)] rule: 
[2026-09-28 10:08:01] [DEBUG] [CONF] [IBLAL_L (ID: 4)] area: 
[2026-09-28 10:08:01] [DEBUG] [CONF] [IBLAL_L (ID: 4)] lvp: -1
[2026-09-28 10:08:01] [DEBUG] [CONF] [IBLAL_L (ID: 4)] timeFrom: -1
[2026-09-28 10:08:01] [DEBUG] [CONF] [IBLAL_L (ID: 4)] timeTo: -1
[2026-09-28 10:08:01] [DEBUG] [CONF] [IBLAL_M (ID: 1)] wpt: IBLAL
[2026-09-28 10:08:01] [DEBUG] [CONF] [IBLAL_M (ID: 1)] rwys: 09
[2026-09-28 10:08:01] [DEBUG] [CONF] [IBLAL_M (ID: 1)] equip: NON-RNAV allowed FALSE
[2026-09-28 10:08:01] [DEBUG] [CONF] [IBLAL_M (ID: 1)] equip: RNAV allowed TRUE
[2026-09-28 10:08:01] [DEBUG] [CONF] [IBLAL_M (ID: 1)] initialClimb: 6000
[2026-09-28 10:08:01] [DEBUG] [CONF] [IBLAL_M (ID: 1)] climb via: FALSE
[2026-09-28 10:08:01] [DEBUG] [CONF] [IBLAL_M (ID: 1)] prio: 3
[2026-09-28 10:08:01] [DEBUG] [CONF] [IBLAL_M (ID: 1)] pilotfiled: FALSE
[2026-09-28 10:08:01] [DEBUG] [CONF] [IBLAL_M (ID: 1)] actDepRwy: allow - all - 
[2026-09-28 10:08:01] [DEBUG] [CONF] [IBLAL_M (ID: 1)] actDepRwy: allow - any - 16L,16R,17L,17R,18
[2026-09-28 10:08:01] [DEBUG] [CONF] [IBLAL_M (ID: 1)] wtc: 
[2026-09-28 10:08:01] [DEBUG] [CONF] [IBLAL_M (ID: 1)] engType: 
[2026-09-28 10:08:01] [DEBUG] [CONF] [IBLAL_M (ID: 1)] wingType: LSAT
[2026-09-28 10:08:01] [DEBUG] [CONF] [IBLAL_M (ID: 1)] engCount: 0
[2026-09-28 10:08:01] [DEBUG] [CONF] [IBLAL_M (ID: 1)] mtow: 0
[2026-09-28 10:08:01] [DEBUG] [CONF] [IBLAL_M (ID: 1)] rule: 
[2026-09-28 10:08:01] [DEBUG] [CONF] [IBLAL_M (ID: 1)] area: EAST
[2026-09-28 10:08:01] [DEBUG] [CONF] [IBLAL_M (ID: 1)] lvp: -1
[2026-09-28 10:08:01] [DEBUG] [CONF] [IBLAL_M (ID: 1)] timeFrom: -1
[2026-09-28 10:08:01] [DEBUG] [CONF] [IBLAL_M (ID: 1)] timeTo: -1
[2026-09-28 10:08:01] [DEBUG] [CONF] [IBLAL_M (ID: 2)] wpt: IBLAX
[2026-09-28 10:08:01] [DEBUG] [CONF] [IBLAL_M (ID: 2)] rwys: 09
[2026-09-28 10:08:01] [DEBUG] [CONF] [IBLAL_M (ID: 2)] equip: NON-RNAV allowed FALSE
[2026-09-28 10:08:01] [DEBUG] [CONF] [IBLAL_M (ID: 2)] equip: RNAV allowed TRUE
[2026-09-28 10:08:01] [DEBUG] [CONF] [IBLAL_M (ID: 2)] initialClimb: 6000
[2026-09-28 10:08:01] [DEBUG] [CONF] [IBLAL_M (ID: 2)] climb via: FALSE
[2026-09-28 10:08:01] [DEBUG] [CONF] [IBLAL_M (ID: 2)] prio: 3
[2026-09-28 10:08:01] [DEBUG] [CONF] [IBLAL_M (ID: 2)] pilotfiled: FALSE
[2026-09-28 10:08:01] [DEBUG] [CONF] [IBLAL_M (ID: 2)] actDepRwy: allow - all - 
[2026-09-28 10:08:01] [DEBUG] [CONF] [IBLAL_M (ID: 2)] actDepRwy: allow - any - 16L,16R,17L,17R,18
[2026-09-28 10:08:01] [DEBUG] [CONF] [IBLAL_M (ID: 2)] wtc: 
[2026-09-28 10:08:01] [DEBUG] [CONF] [IBLAL_M (ID: 2)] engType: 
[2026-09-28 10:08:01] [DEBUG] [CONF] [IBLAL_M (ID: 2)] wingType: LSAT
[2026-09-28 10:08:01] [DEBUG] [CONF] [IBLAL_M (ID: 2)] engCount: 0
[2026-09-28 10:08:01] [DEBUG] [CONF] [IBLAL_M (ID: 2)] mtow: 0
[2026-09-28 10:08:01] [DEBUG] [CONF] [IBLAL_M (ID: 2)] rule: 
[2026-09-28 10:08:01] [DEBUG] [CONF] [IBLAL_M (ID: 2)] area: EAST
[2026-09-28 10:08:01] [DEBUG] [CONF] [IBLAL_M (ID: 2)] lvp: -1
[2026-09-28 10:08:01] [DEBUG] [CONF] [IBLAL_M (ID: 2)] timeFrom: -1
[2026-09-28 10:08:01] [DEBUG] [CONF] [IBLAL_M (ID: 2)] timeTo: -1
[2026-09-28 10:08:01] [DEBUG] [CONF] [IBLAL_M (ID: 3)] wpt: IBLAL
[2026-09-28 10:08:01] [DEBUG] [CONF] [IBLAL_M (ID: 3)] rwys: 09
[2026-09-28 10:08:01] [DEBUG] [CONF] [IBLAL_M (ID: 3)] equip: NON-RNAV allowed FALSE
[2026-09-28 10:08:01] [DEBUG] [CONF] [IBLAL_M (ID: 3)] equip: RNAV allowed TRUE
[2026-09-28 10:08:01] [DEBUG] [CONF] [IBLAL_M (ID: 3)] initialClimb: 6000
[2026-09-28 10:08:01] [DEBUG] [CONF] [IBLAL_M (ID: 3)] climb via: FALSE
[2026-09-28 10:08:01] [DEBUG] [CONF] [IBLAL_M (ID: 3)] prio: 36
[2026-09-28 10:08:01] [DEBUG] [CONF] [IBLAL_M (ID: 3)] pilotfiled: FALSE
[2026-09-28 10:08:01] [DEBUG] [CONF] [IBLAL_M (ID: 3)] actDepRwy: allow - all - 
[2026-09-28 10:08:01] [DEBUG] [CONF] [IBLAL_M (ID: 3)] actDepRwy: allow - any - 16L,16R,17L,17R,18
[2026-09-28 10:08:01] [DEBUG] [CONF] [IBLAL_M (ID: 3)] wtc: 
[2026-09-28 10:08:01] [DEBUG] [CONF] [IBLAL_M (ID: 3)] engType: 
[2026-09-28 10:08:01] [DEBUG] [CONF] [IBLAL_M (ID: 3)] wingType: LSAT
[2026-09-28 10:08:01] [DEBUG] [CONF] [IBLAL_M (ID: 3)] engCount: 0
[2026-09-28 10:08:01] [DEBUG] [CONF] [IBLAL_M (ID: 3)] mtow: 0
[2026-09-28 10:08:01] [DEBUG] [CONF] [IBLAL_M (ID: 3)] rule: 
[2026-09-28 10:08:01] [DEBUG] [CONF] [IBLAL_M (ID: 3)] area: 
[2026-09-28 10:08:01] [DEBUG] [CONF] [IBLAL_M (ID: 3)] lvp: -1
[2026-09-28 10:08:01] [DEBUG] [CONF] [IBLAL_M (ID: 3)] timeFrom: -1
[2026-09-28 10:08:01] [DEBUG] [CONF] [IBLAL_M (ID: 3)] timeTo: -1
[2026-09-28 10:08:01] [DEBUG] [CONF] [IBLAL_M (ID: 4)] wpt: IBLAX
[2026-09-28 10:08:01] [DEBUG] [CONF] [IBLAL_M (ID: 4)] rwys: 09
[2026-09-28 10:08:01] [DEBUG] [CONF] [IBLAL_M (ID: 4)] equip: NON-RNAV allowed FALSE
[2026-09-28 10:08:01] [DEBUG] [CONF] [IBLAL_M (ID: 4)] equip: RNAV allowed TRUE
[2026-09-28 10:08:01] [DEBUG] [CONF] [IBLAL_M (ID: 4)] initialClimb: 6000
[2026-09-28 10:08:01] [DEBUG] [CONF] [IBLAL_M (ID: 4)] climb via: FALSE
[2026-09-28 10:08:01] [DEBUG] [CONF] [IBLAL_M (ID: 4)] prio: 36
[2026-09-28 10:08:01] [DEBUG] [CONF] [IBLAL_M (ID: 4)] pilotfiled: FALSE
[2026-09-28 10:08:01] [DEBUG] [CONF] [IBLAL_M (ID: 4)] actDepRwy: allow - all - 
[2026-09-28 10:08:01] [DEBUG] [CONF] [IBLAL_M (ID: 4)] actDepRwy: allow - any - 16L,16R,17L,17R,18
[2026-09-28 10:08:01] [DEBUG] [CONF] [IBLAL_M (ID: 4)] wtc: 
[2026-09-28 10:08:01] [DEBUG] [CONF] [IBLAL_M (ID: 4)] engType: 
[2026-09-28 10:08:01] [DEBUG] [CONF] [IBLAL_M (ID: 4)] wingType: LSAT
[2026-09-28 10:08:01] [DEBUG] [CONF] [IBLAL_M (ID: 4)] engCount: 0
[2026-09-28 10:08:01] [DEBUG] [CONF] [IBLAL_M (ID: 4)] mtow: 0
[2026-09-28 10:08:01] [DEBUG] [CONF] [IBLAL_M (ID: 4)] rule: 
[2026-09-28 10:08:01] [DEBUG] [CONF] [IBLAL_M (ID: 4)] area: 
[2026-09-28 10:08:01] [DEBUG] [CONF] [IBLAL_M (ID: 4)] lvp: -1
[2026-09-28 10:08:01] [DEBUG] [CONF] [IBLAL_M (ID: 4)] timeFrom: -1
[2026-09-28 10:08:01] [DEBUG] [CONF] [IBLAL_M (ID: 4)] timeTo: -1
[2026-09-28 10:08:01] [DEBUG] [CONF] [IBLAL_M (ID: 5)] wpt: IBLAL
[2026-09-28 10:08:01] [DEBUG] [CONF] [IBLAL_M (ID: 5)] rwys: 09
[2026-09-28 10:08:01] [DEBUG] [CONF] [IBLAL_M (ID: 5)] equip: NON-RNAV allowed FALSE
[2026-09-28 10:08:01] [DEBUG] [CONF] [IBLAL_M (ID: 5)] equip: RNAV allowed TRUE
[2026-09-28 10:08:01] [DEBUG] [CONF] [IBLAL_M (ID: 5)] initialClimb: 6000
[2026-09-28 10:08:01] [DEBUG] [CONF] [IBLAL_M (ID: 5)] climb via: FALSE
[2026-09-28 10:08:01] [DEBUG] [CONF] [IBLAL_M (ID: 5)] prio: 40
[2026-09-28 10:08:01] [DEBUG] [CONF] [IBLAL_M (ID: 5)] pilotfiled: FALSE
[2026-09-28 10:08:01] [DEBUG] [CONF] [IBLAL_M (ID: 5)] actDepRwy: deny - all - 
[2026-09-28 10:08:01] [DEBUG] [CONF] [IBLAL_M (ID: 5)] actDepRwy: deny - any - 16L,16R,17L,17R,18,34L,34R,35L,35R,36
[2026-09-28 10:08:01] [DEBUG] [CONF] [IBLAL_M (ID: 5)] wtc: 
[2026-09-28 10:08:01] [DEBUG] [CONF] [IBLAL_M (ID: 5)] engType: 
[2026-09-28 10:08:01] [DEBUG] [CONF] [IBLAL_M (ID: 5)] wingType: LSAT
[2026-09-28 10:08:01] [DEBUG] [CONF] [IBLAL_M (ID: 5)] engCount: 0
[2026-09-28 10:08:01] [DEBUG] [CONF] [IBLAL_M (ID: 5)] mtow: 0
[2026-09-28 10:08:01] [DEBUG] [CONF] [IBLAL_M (ID: 5)] rule: 
[2026-09-28 10:08:01] [DEBUG] [CONF] [IBLAL_M (ID: 5)] area: 
[2026-09-28 10:08:01] [DEBUG] [CONF] [IBLAL_M (ID: 5)] lvp: -1
[2026-09-28 10:08:01] [DEBUG] [CONF] [IBLAL_M (ID: 5)] timeFrom: -1
[2026-09-28 10:08:01] [DEBUG] [CONF] [IBLAL_M (ID: 5)] timeTo: -1
[2026-09-28 10:08:01] [DEBUG] [CONF] [IBLAL_M (ID: 6)] wpt: IBLAX
[2026-09-28 10:08:01] [DEBUG] [CONF] [IBLAL_M (ID: 6)] rwys: 09
[2026-09-28 10:08:01] [DEBUG] [CONF] [IBLAL_M (ID: 6)] equip: NON-RNAV allowed FALSE
[2026-09-28 10:08:01] [DEBUG] [CONF] [IBLAL_M (ID: 6)] equip: RNAV allowed TRUE
[2026-09-28 10:08:01] [DEBUG] [CONF] [IBLAL_M (ID: 6)] initialClimb: 6000
[2026-09-28 10:08:01] [DEBUG] [CONF] [IBLAL_M (ID: 6)] climb via: FALSE
[2026-09-28 10:08:01] [DEBUG] [CONF] [IBLAL_M (ID: 6)] prio: 40
[2026-09-28 10:08:01] [DEBUG] [CONF] [IBLAL_M (ID: 6)] pilotfiled: FALSE
[2026-09-28 10:08:01] [DEBUG] [CONF] [IBLAL_M (ID: 6)] actDepRwy: deny - all - 
[2026-09-28 10:08:01] [DEBUG] [CONF] [IBLAL_M (ID: 6)] actDepRwy: deny - any - 16L,16R,17L,17R,18,34L,34R,35L,35R,36
[2026-09-28 10:08:01] [DEBUG] [CONF] [IBLAL_M (ID: 6)] wtc: 
[2026-09-28 10:08:01] [DEBUG] [CONF] [IBLAL_M (ID: 6)] engType: 
[2026-09-28 10:08:01] [DEBUG] [CONF] [IBLAL_M (ID: 6)] wingType: LSAT
[2026-09-28 10:08:01] [DEBUG] [CONF] [IBLAL_M (ID: 6)] engCount: 0
[2026-09-28 10:08:01] [DEBUG] [CONF] [IBLAL_M (ID: 6)] mtow: 0
[2026-09-28 10:08:01] [DEBUG] [CONF] [IBLAL_M (ID: 6)] rule: 
[2026-09-28 10:08:01] [DEBUG] [CONF] [IBLAL_M (ID: 6)] area: 
[2026-09-28 10:08:01] [DEBUG] [CONF] [IBLAL_M (ID: 6)] lvp: -1
[2026-09-28 10:08:01] [DEBUG] [CONF] [IBLAL_M (ID: 6)] timeFrom: -1
[2026-09-28 10:08:01] [DEBUG] [CONF] [IBLAL_M (ID: 6)] timeTo: -1
[2026-09-28 10:08:01] [DEBUG] [CONF] [IBLAL_C (ID: 1)] wpt: IBLAL
[2026-09-28 10:08:01] [DEBUG] [CONF] [IBLAL_C (ID: 1)] rwys: 34L,34R
[2026-09-28 10:08:01] [DEBUG] [CONF] [IBLAL_C (ID: 1)] equip: NON-RNAV allowed FALSE
[2026-09-28 10:08:01] [DEBUG] [CONF] [IBLAL_C (ID: 1)] equip: RNAV allowed TRUE
[2026-09-28 10:08:01] [DEBUG] [CONF] [IBLAL_C (ID: 1)] initialClimb: 4000
[2026-09-28 10:08:01] [DEBUG] [CONF] [IBLAL_C (ID: 1)] climb via: FALSE
[2026-09-28 10:08:01] [DEBUG] [CONF] [IBLAL_C (ID: 1)] prio: 15
[2026-09-28 10:08:01] [DEBUG] [CONF] [IBLAL_C (ID: 1)] pilotfiled: FALSE
[2026-09-28 10:08:01] [DEBUG] [CONF] [IBLAL_C (ID: 1)] actDepRwy: deny - all - 
[2026-09-28 10:08:01] [DEBUG] [CONF] [IBLAL_C (ID: 1)] actDepRwy: deny - any - 35L,35R
[2026-09-28 10:08:01] [DEBUG] [CONF] [IBLAL_C (ID: 1)] wtc: 
[2026-09-28 10:08:01] [DEBUG] [CONF] [IBLAL_C (ID: 1)] engType: 
[2026-09-28 10:08:01] [DEBUG] [CONF] [IBLAL_C (ID: 1)] wingType: LSAT
[2026-09-28 10:08:01] [DEBUG] [CONF] [IBLAL_C (ID: 1)] engCount: 0
[2026-09-28 10:08:01] [DEBUG] [CONF] [IBLAL_C (ID: 1)] mtow: 0
[2026-09-28 10:08:01] [DEBUG] [CONF] [IBLAL_C (ID: 1)] rule: 
[2026-09-28 10:08:01] [DEBUG] [CONF] [IBLAL_C (ID: 1)] area: 
[2026-09-28 10:08:01] [DEBUG] [CONF] [IBLAL_C (ID: 1)] lvp: -1
[2026-09-28 10:08:01] [DEBUG] [CONF] [IBLAL_C (ID: 1)] timeFrom: -1
[2026-09-28 10:08:01] [DEBUG] [CONF] [IBLAL_C (ID: 1)] timeTo: -1
[2026-09-28 10:08:01] [DEBUG] [CONF] [IBLAL_C (ID: 2)] wpt: IBLAX
[2026-09-28 10:08:01] [DEBUG] [CONF] [IBLAL_C (ID: 2)] rwys: 34L,34R
[2026-09-28 10:08:01] [DEBUG] [CONF] [IBLAL_C (ID: 2)] equip: NON-RNAV allowed FALSE
[2026-09-28 10:08:01] [DEBUG] [CONF] [IBLAL_C (ID: 2)] equip: RNAV allowed TRUE
[2026-09-28 10:08:01] [DEBUG] [CONF] [IBLAL_C (ID: 2)] initialClimb: 4000
[2026-09-28 10:08:01] [DEBUG] [CONF] [IBLAL_C (ID: 2)] climb via: FALSE
[2026-09-28 10:08:01] [DEBUG] [CONF] [IBLAL_C (ID: 2)] prio: 15
[2026-09-28 10:08:01] [DEBUG] [CONF] [IBLAL_C (ID: 2)] pilotfiled: FALSE
[2026-09-28 10:08:01] [DEBUG] [CONF] [IBLAL_C (ID: 2)] actDepRwy: deny - all - 
[2026-09-28 10:08:01] [DEBUG] [CONF] [IBLAL_C (ID: 2)] actDepRwy: deny - any - 35L,35R
[2026-09-28 10:08:01] [DEBUG] [CONF] [IBLAL_C (ID: 2)] wtc: 
[2026-09-28 10:08:01] [DEBUG] [CONF] [IBLAL_C (ID: 2)] engType: 
[2026-09-28 10:08:01] [DEBUG] [CONF] [IBLAL_C (ID: 2)] wingType: LSAT
[2026-09-28 10:08:01] [DEBUG] [CONF] [IBLAL_C (ID: 2)] engCount: 0
[2026-09-28 10:08:01] [DEBUG] [CONF] [IBLAL_C (ID: 2)] mtow: 0
[2026-09-28 10:08:01] [DEBUG] [CONF] [IBLAL_C (ID: 2)] rule: 
[2026-09-28 10:08:01] [DEBUG] [CONF] [IBLAL_C (ID: 2)] area: 
[2026-09-28 10:08:01] [DEBUG] [CONF] [IBLAL_C (ID: 2)] lvp: -1
[2026-09-28 10:08:01] [DEBUG] [CONF] [IBLAL_C (ID: 2)] timeFrom: -1
[2026-09-28 10:08:01] [DEBUG] [CONF] [IBLAL_C (ID: 2)] timeTo: -1
[2026-09-28 10:08:01] [DEBUG] [CONF] [IBLAL_D (ID: 1)] wpt: IBLAL
[2026-09-28 10:08:01] [DEBUG] [CONF] [IBLAL_D (ID: 1)] rwys: 35L,35R
[2026-09-28 10:08:01] [DEBUG] [CONF] [IBLAL_D (ID: 1)] equip: NON-RNAV allowed FALSE
[2026-09-28 10:08:01] [DEBUG] [CONF] [IBLAL_D (ID: 1)] equip: RNAV allowed TRUE
[2026-09-28 10:08:01] [DEBUG] [CONF] [IBLAL_D (ID: 1)] initialClimb: 5000
[2026-09-28 10:08:01] [DEBUG] [CONF] [IBLAL_D (ID: 1)] climb via: FALSE
[2026-09-28 10:08:01] [DEBUG] [CONF] [IBLAL_D (ID: 1)] prio: 15
[2026-09-28 10:08:01] [DEBUG] [CONF] [IBLAL_D (ID: 1)] pilotfiled: FALSE
[2026-09-28 10:08:01] [DEBUG] [CONF] [IBLAL_D (ID: 1)] wtc: 
[2026-09-28 10:08:01] [DEBUG] [CONF] [IBLAL_D (ID: 1)] engType: 
[2026-09-28 10:08:01] [DEBUG] [CONF] [IBLAL_D (ID: 1)] wingType: LSAT
[2026-09-28 10:08:01] [DEBUG] [CONF] [IBLAL_D (ID: 1)] engCount: 0
[2026-09-28 10:08:01] [DEBUG] [CONF] [IBLAL_D (ID: 1)] mtow: 0
[2026-09-28 10:08:01] [DEBUG] [CONF] [IBLAL_D (ID: 1)] rule: 
[2026-09-28 10:08:01] [DEBUG] [CONF] [IBLAL_D (ID: 1)] area: 
[2026-09-28 10:08:01] [DEBUG] [CONF] [IBLAL_D (ID: 1)] lvp: -1
[2026-09-28 10:08:01] [DEBUG] [CONF] [IBLAL_D (ID: 1)] timeFrom: -1
[2026-09-28 10:08:01] [DEBUG] [CONF] [IBLAL_D (ID: 1)] timeTo: -1
[2026-09-28 10:08:01] [DEBUG] [CONF] [IBLAL_D (ID: 2)] wpt: IBLAX
[2026-09-28 10:08:01] [DEBUG] [CONF] [IBLAL_D (ID: 2)] rwys: 35L,35R
[2026-09-28 10:08:01] [DEBUG] [CONF] [IBLAL_D (ID: 2)] equip: NON-RNAV allowed FALSE
[2026-09-28 10:08:01] [DEBUG] [CONF] [IBLAL_D (ID: 2)] equip: RNAV allowed TRUE
[2026-09-28 10:08:01] [DEBUG] [CONF] [IBLAL_D (ID: 2)] initialClimb: 5000
[2026-09-28 10:08:01] [DEBUG] [CONF] [IBLAL_D (ID: 2)] climb via: FALSE
[2026-09-28 10:08:01] [DEBUG] [CONF] [IBLAL_D (ID: 2)] prio: 15
[2026-09-28 10:08:01] [DEBUG] [CONF] [IBLAL_D (ID: 2)] pilotfiled: FALSE
[2026-09-28 10:08:01] [DEBUG] [CONF] [IBLAL_D (ID: 2)] wtc: 
[2026-09-28 10:08:01] [DEBUG] [CONF] [IBLAL_D (ID: 2)] engType: 
[2026-09-28 10:08:01] [DEBUG] [CONF] [IBLAL_D (ID: 2)] wingType: LSAT
[2026-09-28 10:08:01] [DEBUG] [CONF] [IBLAL_D (ID: 2)] engCount: 0
[2026-09-28 10:08:01] [DEBUG] [CONF] [IBLAL_D (ID: 2)] mtow: 0
[2026-09-28 10:08:01] [DEBUG] [CONF] [IBLAL_D (ID: 2)] rule: 
[2026-09-28 10:08:01] [DEBUG] [CONF] [IBLAL_D (ID: 2)] area: 
[2026-09-28 10:08:01] [DEBUG] [CONF] [IBLAL_D (ID: 2)] lvp: -1
[2026-09-28 10:08:01] [DEBUG] [CONF] [IBLAL_D (ID: 2)] timeFrom: -1
[2026-09-28 10:08:01] [DEBUG] [CONF] [IBLAL_D (ID: 2)] timeTo: -1
[2026-09-28 10:08:01] [DEBUG] [CONF] [IBLAL_E (ID: 1)] wpt: IBLAL
[2026-09-28 10:08:01] [DEBUG] [CONF] [IBLAL_E (ID: 1)] rwys: 36
[2026-09-28 10:08:01] [DEBUG] [CONF] [IBLAL_E (ID: 1)] equip: NON-RNAV allowed FALSE
[2026-09-28 10:08:01] [DEBUG] [CONF] [IBLAL_E (ID: 1)] equip: RNAV allowed TRUE
[2026-09-28 10:08:01] [DEBUG] [CONF] [IBLAL_E (ID: 1)] initialClimb: 8000
[2026-09-28 10:08:01] [DEBUG] [CONF] [IBLAL_E (ID: 1)] climb via: FALSE
[2026-09-28 10:08:01] [DEBUG] [CONF] [IBLAL_E (ID: 1)] prio: 4
[2026-09-28 10:08:01] [DEBUG] [CONF] [IBLAL_E (ID: 1)] pilotfiled: FALSE
[2026-09-28 10:08:01] [DEBUG] [CONF] [IBLAL_E (ID: 1)] wtc: 
[2026-09-28 10:08:01] [DEBUG] [CONF] [IBLAL_E (ID: 1)] engType: 
[2026-09-28 10:08:01] [DEBUG] [CONF] [IBLAL_E (ID: 1)] wingType: LSAT
[2026-09-28 10:08:01] [DEBUG] [CONF] [IBLAL_E (ID: 1)] engCount: 0
[2026-09-28 10:08:01] [DEBUG] [CONF] [IBLAL_E (ID: 1)] mtow: 0
[2026-09-28 10:08:01] [DEBUG] [CONF] [IBLAL_E (ID: 1)] rule: 
[2026-09-28 10:08:01] [DEBUG] [CONF] [IBLAL_E (ID: 1)] area: EAST
[2026-09-28 10:08:01] [DEBUG] [CONF] [IBLAL_E (ID: 1)] lvp: -1
[2026-09-28 10:08:01] [DEBUG] [CONF] [IBLAL_E (ID: 1)] timeFrom: -1
[2026-09-28 10:08:01] [DEBUG] [CONF] [IBLAL_E (ID: 1)] timeTo: -1
[2026-09-28 10:08:01] [DEBUG] [CONF] [IBLAL_E (ID: 2)] wpt: IBLAX
[2026-09-28 10:08:01] [DEBUG] [CONF] [IBLAL_E (ID: 2)] rwys: 36
[2026-09-28 10:08:01] [DEBUG] [CONF] [IBLAL_E (ID: 2)] equip: NON-RNAV allowed FALSE
[2026-09-28 10:08:01] [DEBUG] [CONF] [IBLAL_E (ID: 2)] equip: RNAV allowed TRUE
[2026-09-28 10:08:01] [DEBUG] [CONF] [IBLAL_E (ID: 2)] initialClimb: 8000
[2026-09-28 10:08:01] [DEBUG] [CONF] [IBLAL_E (ID: 2)] climb via: FALSE
[2026-09-28 10:08:01] [DEBUG] [CONF] [IBLAL_E (ID: 2)] prio: 4
[2026-09-28 10:08:01] [DEBUG] [CONF] [IBLAL_E (ID: 2)] pilotfiled: FALSE
[2026-09-28 10:08:01] [DEBUG] [CONF] [IBLAL_E (ID: 2)] wtc: 
[2026-09-28 10:08:01] [DEBUG] [CONF] [IBLAL_E (ID: 2)] engType: 
[2026-09-28 10:08:01] [DEBUG] [CONF] [IBLAL_E (ID: 2)] wingType: LSAT
[2026-09-28 10:08:01] [DEBUG] [CONF] [IBLAL_E (ID: 2)] engCount: 0
[2026-09-28 10:08:01] [DEBUG] [CONF] [IBLAL_E (ID: 2)] mtow: 0
[2026-09-28 10:08:01] [DEBUG] [CONF] [IBLAL_E (ID: 2)] rule: 
[2026-09-28 10:08:01] [DEBUG] [CONF] [IBLAL_E (ID: 2)] area: EAST
[2026-09-28 10:08:01] [DEBUG] [CONF] [IBLAL_E (ID: 2)] lvp: -1
[2026-09-28 10:08:01] [DEBUG] [CONF] [IBLAL_E (ID: 2)] timeFrom: -1
[2026-09-28 10:08:01] [DEBUG] [CONF] [IBLAL_E (ID: 2)] timeTo: -1
[2026-09-28 10:08:01] [DEBUG] [CONF] [IBLAL_E (ID: 3)] wpt: IBLAL
[2026-09-28 10:08:01] [DEBUG] [CONF] [IBLAL_E (ID: 3)] rwys: 36
[2026-09-28 10:08:01] [DEBUG] [CONF] [IBLAL_E (ID: 3)] equip: NON-RNAV allowed FALSE
[2026-09-28 10:08:01] [DEBUG] [CONF] [IBLAL_E (ID: 3)] equip: RNAV allowed TRUE
[2026-09-28 10:08:01] [DEBUG] [CONF] [IBLAL_E (ID: 3)] initialClimb: 8000
[2026-09-28 10:08:01] [DEBUG] [CONF] [IBLAL_E (ID: 3)] climb via: FALSE
[2026-09-28 10:08:01] [DEBUG] [CONF] [IBLAL_E (ID: 3)] prio: 38
[2026-09-28 10:08:01] [DEBUG] [CONF] [IBLAL_E (ID: 3)] pilotfiled: FALSE
[2026-09-28 10:08:01] [DEBUG] [CONF] [IBLAL_E (ID: 3)] wtc: 
[2026-09-28 10:08:01] [DEBUG] [CONF] [IBLAL_E (ID: 3)] engType: 
[2026-09-28 10:08:01] [DEBUG] [CONF] [IBLAL_E (ID: 3)] wingType: LSAT
[2026-09-28 10:08:01] [DEBUG] [CONF] [IBLAL_E (ID: 3)] engCount: 0
[2026-09-28 10:08:01] [DEBUG] [CONF] [IBLAL_E (ID: 3)] mtow: 0
[2026-09-28 10:08:01] [DEBUG] [CONF] [IBLAL_E (ID: 3)] rule: 
[2026-09-28 10:08:01] [DEBUG] [CONF] [IBLAL_E (ID: 3)] area: 
[2026-09-28 10:08:01] [DEBUG] [CONF] [IBLAL_E (ID: 3)] lvp: -1
[2026-09-28 10:08:01] [DEBUG] [CONF] [IBLAL_E (ID: 3)] timeFrom: -1
[2026-09-28 10:08:01] [DEBUG] [CONF] [IBLAL_E (ID: 3)] timeTo: -1
[2026-09-28 10:08:01] [DEBUG] [CONF] [IBLAL_E (ID: 4)] wpt: IBLAX
[2026-09-28 10:08:01] [DEBUG] [CONF] [IBLAL_E (ID: 4)] rwys: 36
[2026-09-28 10:08:01] [DEBUG] [CONF] [IBLAL_E (ID: 4)] equip: NON-RNAV allowed FALSE
[2026-09-28 10:08:01] [DEBUG] [CONF] [IBLAL_E (ID: 4)] equip: RNAV allowed TRUE
[2026-09-28 10:08:01] [DEBUG] [CONF] [IBLAL_E (ID: 4)] initialClimb: 8000
[2026-09-28 10:08:01] [DEBUG] [CONF] [IBLAL_E (ID: 4)] climb via: FALSE
[2026-09-28 10:08:01] [DEBUG] [CONF] [IBLAL_E (ID: 4)] prio: 38
[2026-09-28 10:08:01] [DEBUG] [CONF] [IBLAL_E (ID: 4)] pilotfiled: FALSE
[2026-09-28 10:08:01] [DEBUG] [CONF] [IBLAL_E (ID: 4)] wtc: 
[2026-09-28 10:08:01] [DEBUG] [CONF] [IBLAL_E (ID: 4)] engType: 
[2026-09-28 10:08:01] [DEBUG] [CONF] [IBLAL_E (ID: 4)] wingType: LSAT
[2026-09-28 10:08:01] [DEBUG] [CONF] [IBLAL_E (ID: 4)] engCount: 0
[2026-09-28 10:08:01] [DEBUG] [CONF] [IBLAL_E (ID: 4)] mtow: 0
[2026-09-28 10:08:01] [DEBUG] [CONF] [IBLAL_E (ID: 4)] rule: 
[2026-09-28 10:08:01] [DEBUG] [CONF] [IBLAL_E (ID: 4)] area: 
[2026-09-28 10:08:01] [DEBUG] [CONF] [IBLAL_E (ID: 4)] lvp: -1
[2026-09-28 10:08:01] [DEBUG] [CONF] [IBLAL_E (ID: 4)] timeFrom: -1
[2026-09-28 10:08:01] [DEBUG] [CONF] [IBLAL_E (ID: 4)] timeTo: -1
[2026-09-28 10:08:01] [DEBUG] [CONF] [IBLAL_F (ID: 1)] wpt: IBLAL
[2026-09-28 10:08:01] [DEBUG] [CONF] [IBLAL_F (ID: 1)] rwys: 16L,16R
[2026-09-28 10:08:01] [DEBUG] [CONF] [IBLAL_F (ID: 1)] equip: NON-RNAV allowed FALSE
[2026-09-28 10:08:01] [DEBUG] [CONF] [IBLAL_F (ID: 1)] equip: RNAV allowed TRUE
[2026-09-28 10:08:01] [DEBUG] [CONF] [IBLAL_F (ID: 1)] initialClimb: 4000
[2026-09-28 10:08:01] [DEBUG] [CONF] [IBLAL_F (ID: 1)] climb via: FALSE
[2026-09-28 10:08:01] [DEBUG] [CONF] [IBLAL_F (ID: 1)] prio: 15
[2026-09-28 10:08:01] [DEBUG] [CONF] [IBLAL_F (ID: 1)] pilotfiled: FALSE
[2026-09-28 10:08:01] [DEBUG] [CONF] [IBLAL_F (ID: 1)] wtc: 
[2026-09-28 10:08:01] [DEBUG] [CONF] [IBLAL_F (ID: 1)] engType: 
[2026-09-28 10:08:01] [DEBUG] [CONF] [IBLAL_F (ID: 1)] wingType: LSAT
[2026-09-28 10:08:01] [DEBUG] [CONF] [IBLAL_F (ID: 1)] engCount: 0
[2026-09-28 10:08:01] [DEBUG] [CONF] [IBLAL_F (ID: 1)] mtow: 0
[2026-09-28 10:08:01] [DEBUG] [CONF] [IBLAL_F (ID: 1)] rule: 
[2026-09-28 10:08:01] [DEBUG] [CONF] [IBLAL_F (ID: 1)] area: 
[2026-09-28 10:08:01] [DEBUG] [CONF] [IBLAL_F (ID: 1)] lvp: -1
[2026-09-28 10:08:01] [DEBUG] [CONF] [IBLAL_F (ID: 1)] timeFrom: -1
[2026-09-28 10:08:01] [DEBUG] [CONF] [IBLAL_F (ID: 1)] timeTo: -1
[2026-09-28 10:08:01] [DEBUG] [CONF] [IBLAL_F (ID: 2)] wpt: IBLAX
[2026-09-28 10:08:01] [DEBUG] [CONF] [IBLAL_F (ID: 2)] rwys: 16L,16R
[2026-09-28 10:08:01] [DEBUG] [CONF] [IBLAL_F (ID: 2)] equip: NON-RNAV allowed FALSE
[2026-09-28 10:08:01] [DEBUG] [CONF] [IBLAL_F (ID: 2)] equip: RNAV allowed TRUE
[2026-09-28 10:08:01] [DEBUG] [CONF] [IBLAL_F (ID: 2)] initialClimb: 4000
[2026-09-28 10:08:01] [DEBUG] [CONF] [IBLAL_F (ID: 2)] climb via: FALSE
[2026-09-28 10:08:01] [DEBUG] [CONF] [IBLAL_F (ID: 2)] prio: 15
[2026-09-28 10:08:01] [DEBUG] [CONF] [IBLAL_F (ID: 2)] pilotfiled: FALSE
[2026-09-28 10:08:01] [DEBUG] [CONF] [IBLAL_F (ID: 2)] wtc: 
[2026-09-28 10:08:01] [DEBUG] [CONF] [IBLAL_F (ID: 2)] engType: 
[2026-09-28 10:08:01] [DEBUG] [CONF] [IBLAL_F (ID: 2)] wingType: LSAT
[2026-09-28 10:08:01] [DEBUG] [CONF] [IBLAL_F (ID: 2)] engCount: 0
[2026-09-28 10:08:01] [DEBUG] [CONF] [IBLAL_F (ID: 2)] mtow: 0
[2026-09-28 10:08:01] [DEBUG] [CONF] [IBLAL_F (ID: 2)] rule: 
[2026-09-28 10:08:01] [DEBUG] [CONF] [IBLAL_F (ID: 2)] area: 
[2026-09-28 10:08:01] [DEBUG] [CONF] [IBLAL_F (ID: 2)] lvp: -1
[2026-09-28 10:08:01] [DEBUG] [CONF] [IBLAL_F (ID: 2)] timeFrom: -1
[2026-09-28 10:08:01] [DEBUG] [CONF] [IBLAL_F (ID: 2)] timeTo: -1
[2026-09-28 10:08:01] [DEBUG] [CONF] [IBLAL_G (ID: 1)] wpt: IBLAL
[2026-09-28 10:08:01] [DEBUG] [CONF] [IBLAL_G (ID: 1)] rwys: 17L,17R
[2026-09-28 10:08:01] [DEBUG] [CONF] [IBLAL_G (ID: 1)] equip: NON-RNAV allowed FALSE
[2026-09-28 10:08:01] [DEBUG] [CONF] [IBLAL_G (ID: 1)] equip: RNAV allowed TRUE
[2026-09-28 10:08:01] [DEBUG] [CONF] [IBLAL_G (ID: 1)] initialClimb: 5000
[2026-09-28 10:08:01] [DEBUG] [CONF] [IBLAL_G (ID: 1)] climb via: FALSE
[2026-09-28 10:08:01] [DEBUG] [CONF] [IBLAL_G (ID: 1)] prio: 15
[2026-09-28 10:08:01] [DEBUG] [CONF] [IBLAL_G (ID: 1)] pilotfiled: FALSE
[2026-09-28 10:08:01] [DEBUG] [CONF] [IBLAL_G (ID: 1)] actDepRwy: deny - all - 
[2026-09-28 10:08:01] [DEBUG] [CONF] [IBLAL_G (ID: 1)] actDepRwy: deny - any - 16L,16R
[2026-09-28 10:08:01] [DEBUG] [CONF] [IBLAL_G (ID: 1)] wtc: 
[2026-09-28 10:08:01] [DEBUG] [CONF] [IBLAL_G (ID: 1)] engType: 
[2026-09-28 10:08:01] [DEBUG] [CONF] [IBLAL_G (ID: 1)] wingType: LSAT
[2026-09-28 10:08:01] [DEBUG] [CONF] [IBLAL_G (ID: 1)] engCount: 0
[2026-09-28 10:08:01] [DEBUG] [CONF] [IBLAL_G (ID: 1)] mtow: 0
[2026-09-28 10:08:01] [DEBUG] [CONF] [IBLAL_G (ID: 1)] rule: 
[2026-09-28 10:08:01] [DEBUG] [CONF] [IBLAL_G (ID: 1)] area: 
[2026-09-28 10:08:01] [DEBUG] [CONF] [IBLAL_G (ID: 1)] lvp: -1
[2026-09-28 10:08:01] [DEBUG] [CONF] [IBLAL_G (ID: 1)] timeFrom: -1
[2026-09-28 10:08:01] [DEBUG] [CONF] [IBLAL_G (ID: 1)] timeTo: -1
[2026-09-28 10:08:01] [DEBUG] [CONF] [IBLAL_G (ID: 2)] wpt: IBLAX
[2026-09-28 10:08:01] [DEBUG] [CONF] [IBLAL_G (ID: 2)] rwys: 17L,17R
[2026-09-28 10:08:01] [DEBUG] [CONF] [IBLAL_G (ID: 2)] equip: NON-RNAV allowed FALSE
[2026-09-28 10:08:01] [DEBUG] [CONF] [IBLAL_G (ID: 2)] equip: RNAV allowed TRUE
[2026-09-28 10:08:01] [DEBUG] [CONF] [IBLAL_G (ID: 2)] initialClimb: 5000
[2026-09-28 10:08:01] [DEBUG] [CONF] [IBLAL_G (ID: 2)] climb via: FALSE
[2026-09-28 10:08:01] [DEBUG] [CONF] [IBLAL_G (ID: 2)] prio: 15
[2026-09-28 10:08:01] [DEBUG] [CONF] [IBLAL_G (ID: 2)] pilotfiled: FALSE
[2026-09-28 10:08:01] [DEBUG] [CONF] [IBLAL_G (ID: 2)] actDepRwy: deny - all - 
[2026-09-28 10:08:01] [DEBUG] [CONF] [IBLAL_G (ID: 2)] actDepRwy: deny - any - 16L,16R
[2026-09-28 10:08:01] [DEBUG] [CONF] [IBLAL_G (ID: 2)] wtc: 
[2026-09-28 10:08:01] [DEBUG] [CONF] [IBLAL_G (ID: 2)] engType: 
[2026-09-28 10:08:01] [DEBUG] [CONF] [IBLAL_G (ID: 2)] wingType: LSAT
[2026-09-28 10:08:01] [DEBUG] [CONF] [IBLAL_G (ID: 2)] engCount: 0
[2026-09-28 10:08:01] [DEBUG] [CONF] [IBLAL_G (ID: 2)] mtow: 0
[2026-09-28 10:08:01] [DEBUG] [CONF] [IBLAL_G (ID: 2)] rule: 
[2026-09-28 10:08:01] [DEBUG] [CONF] [IBLAL_G (ID: 2)] area: 
[2026-09-28 10:08:01] [DEBUG] [CONF] [IBLAL_G (ID: 2)] lvp: -1
[2026-09-28 10:08:01] [DEBUG] [CONF] [IBLAL_G (ID: 2)] timeFrom: -1
[2026-09-28 10:08:01] [DEBUG] [CONF] [IBLAL_G (ID: 2)] timeTo: -1
[2026-09-28 10:08:01] [DEBUG] [CONF] [IBLAL_H (ID: 1)] wpt: IBLAL
[2026-09-28 10:08:01] [DEBUG] [CONF] [IBLAL_H (ID: 1)] rwys: 18
[2026-09-28 10:08:01] [DEBUG] [CONF] [IBLAL_H (ID: 1)] equip: NON-RNAV allowed FALSE
[2026-09-28 10:08:01] [DEBUG] [CONF] [IBLAL_H (ID: 1)] equip: RNAV allowed TRUE
[2026-09-28 10:08:01] [DEBUG] [CONF] [IBLAL_H (ID: 1)] initialClimb: 8000
[2026-09-28 10:08:01] [DEBUG] [CONF] [IBLAL_H (ID: 1)] climb via: FALSE
[2026-09-28 10:08:01] [DEBUG] [CONF] [IBLAL_H (ID: 1)] prio: 4
[2026-09-28 10:08:01] [DEBUG] [CONF] [IBLAL_H (ID: 1)] pilotfiled: FALSE
[2026-09-28 10:08:01] [DEBUG] [CONF] [IBLAL_H (ID: 1)] actDepRwy: deny - all - 
[2026-09-28 10:08:01] [DEBUG] [CONF] [IBLAL_H (ID: 1)] actDepRwy: deny - any - 09
[2026-09-28 10:08:01] [DEBUG] [CONF] [IBLAL_H (ID: 1)] wtc: 
[2026-09-28 10:08:01] [DEBUG] [CONF] [IBLAL_H (ID: 1)] engType: 
[2026-09-28 10:08:01] [DEBUG] [CONF] [IBLAL_H (ID: 1)] wingType: LSAT
[2026-09-28 10:08:01] [DEBUG] [CONF] [IBLAL_H (ID: 1)] engCount: 0
[2026-09-28 10:08:01] [DEBUG] [CONF] [IBLAL_H (ID: 1)] mtow: 0
[2026-09-28 10:08:01] [DEBUG] [CONF] [IBLAL_H (ID: 1)] rule: 
[2026-09-28 10:08:01] [DEBUG] [CONF] [IBLAL_H (ID: 1)] area: EAST
[2026-09-28 10:08:01] [DEBUG] [CONF] [IBLAL_H (ID: 1)] lvp: -1
[2026-09-28 10:08:01] [DEBUG] [CONF] [IBLAL_H (ID: 1)] timeFrom: -1
[2026-09-28 10:08:01] [DEBUG] [CONF] [IBLAL_H (ID: 1)] timeTo: -1
[2026-09-28 10:08:01] [DEBUG] [CONF] [IBLAL_H (ID: 2)] wpt: IBLAX
[2026-09-28 10:08:01] [DEBUG] [CONF] [IBLAL_H (ID: 2)] rwys: 18
[2026-09-28 10:08:01] [DEBUG] [CONF] [IBLAL_H (ID: 2)] equip: NON-RNAV allowed FALSE
[2026-09-28 10:08:01] [DEBUG] [CONF] [IBLAL_H (ID: 2)] equip: RNAV allowed TRUE
[2026-09-28 10:08:01] [DEBUG] [CONF] [IBLAL_H (ID: 2)] initialClimb: 8000
[2026-09-28 10:08:01] [DEBUG] [CONF] [IBLAL_H (ID: 2)] climb via: FALSE
[2026-09-28 10:08:01] [DEBUG] [CONF] [IBLAL_H (ID: 2)] prio: 4
[2026-09-28 10:08:01] [DEBUG] [CONF] [IBLAL_H (ID: 2)] pilotfiled: FALSE
[2026-09-28 10:08:01] [DEBUG] [CONF] [IBLAL_H (ID: 2)] actDepRwy: deny - all - 
[2026-09-28 10:08:01] [DEBUG] [CONF] [IBLAL_H (ID: 2)] actDepRwy: deny - any - 09
[2026-09-28 10:08:01] [DEBUG] [CONF] [IBLAL_H (ID: 2)] wtc: 
[2026-09-28 10:08:01] [DEBUG] [CONF] [IBLAL_H (ID: 2)] engType: 
[2026-09-28 10:08:01] [DEBUG] [CONF] [IBLAL_H (ID: 2)] wingType: LSAT
[2026-09-28 10:08:01] [DEBUG] [CONF] [IBLAL_H (ID: 2)] engCount: 0
[2026-09-28 10:08:01] [DEBUG] [CONF] [IBLAL_H (ID: 2)] mtow: 0
[2026-09-28 10:08:01] [DEBUG] [CONF] [IBLAL_H (ID: 2)] rule: 
[2026-09-28 10:08:01] [DEBUG] [CONF] [IBLAL_H (ID: 2)] area: EAST
[2026-09-28 10:08:01] [DEBUG] [CONF] [IBLAL_H (ID: 2)] lvp: -1
[2026-09-28 10:08:01] [DEBUG] [CONF] [IBLAL_H (ID: 2)] timeFrom: -1
[2026-09-28 10:08:01] [DEBUG] [CONF] [IBLAL_H (ID: 2)] timeTo: -1
[2026-09-28 10:08:01] [DEBUG] [CONF] [IBLAL_H (ID: 3)] wpt: IBLAL
[2026-09-28 10:08:01] [DEBUG] [CONF] [IBLAL_H (ID: 3)] rwys: 18
[2026-09-28 10:08:01] [DEBUG] [CONF] [IBLAL_H (ID: 3)] equip: NON-RNAV allowed FALSE
[2026-09-28 10:08:01] [DEBUG] [CONF] [IBLAL_H (ID: 3)] equip: RNAV allowed TRUE
[2026-09-28 10:08:01] [DEBUG] [CONF] [IBLAL_H (ID: 3)] initialClimb: 8000
[2026-09-28 10:08:01] [DEBUG] [CONF] [IBLAL_H (ID: 3)] climb via: FALSE
[2026-09-28 10:08:01] [DEBUG] [CONF] [IBLAL_H (ID: 3)] prio: 38
[2026-09-28 10:08:01] [DEBUG] [CONF] [IBLAL_H (ID: 3)] pilotfiled: FALSE
[2026-09-28 10:08:01] [DEBUG] [CONF] [IBLAL_H (ID: 3)] actDepRwy: deny - all - 
[2026-09-28 10:08:01] [DEBUG] [CONF] [IBLAL_H (ID: 3)] actDepRwy: deny - any - 09
[2026-09-28 10:08:01] [DEBUG] [CONF] [IBLAL_H (ID: 3)] wtc: 
[2026-09-28 10:08:01] [DEBUG] [CONF] [IBLAL_H (ID: 3)] engType: 
[2026-09-28 10:08:01] [DEBUG] [CONF] [IBLAL_H (ID: 3)] wingType: LSAT
[2026-09-28 10:08:01] [DEBUG] [CONF] [IBLAL_H (ID: 3)] engCount: 0
[2026-09-28 10:08:01] [DEBUG] [CONF] [IBLAL_H (ID: 3)] mtow: 0
[2026-09-28 10:08:01] [DEBUG] [CONF] [IBLAL_H (ID: 3)] rule: 
[2026-09-28 10:08:01] [DEBUG] [CONF] [IBLAL_H (ID: 3)] area: 
[2026-09-28 10:08:01] [DEBUG] [CONF] [IBLAL_H (ID: 3)] lvp: -1
[2026-09-28 10:08:01] [DEBUG] [CONF] [IBLAL_H (ID: 3)] timeFrom: -1
[2026-09-28 10:08:01] [DEBUG] [CONF] [IBLAL_H (ID: 3)] timeTo: -1
[2026-09-28 10:08:01] [DEBUG] [CONF] [IBLAL_H (ID: 4)] wpt: IBLAX
[2026-09-28 10:08:01] [DEBUG] [CONF] [IBLAL_H (ID: 4)] rwys: 18
[2026-09-28 10:08:01] [DEBUG] [CONF] [IBLAL_H (ID: 4)] equip: NON-RNAV allowed FALSE
[2026-09-28 10:08:01] [DEBUG] [CONF] [IBLAL_H (ID: 4)] equip: RNAV allowed TRUE
[2026-09-28 10:08:01] [DEBUG] [CONF] [IBLAL_H (ID: 4)] initialClimb: 8000
[2026-09-28 10:08:01] [DEBUG] [CONF] [IBLAL_H (ID: 4)] climb via: FALSE
[2026-09-28 10:08:01] [DEBUG] [CONF] [IBLAL_H (ID: 4)] prio: 38
[2026-09-28 10:08:01] [DEBUG] [CONF] [IBLAL_H (ID: 4)] pilotfiled: FALSE
[2026-09-28 10:08:01] [DEBUG] [CONF] [IBLAL_H (ID: 4)] actDepRwy: deny - all - 
[2026-09-28 10:08:01] [DEBUG] [CONF] [IBLAL_H (ID: 4)] actDepRwy: deny - any - 09
[2026-09-28 10:08:01] [DEBUG] [CONF] [IBLAL_H (ID: 4)] wtc: 
[2026-09-28 10:08:01] [DEBUG] [CONF] [IBLAL_H (ID: 4)] engType: 
[2026-09-28 10:08:01] [DEBUG] [CONF] [IBLAL_H (ID: 4)] wingType: LSAT
[2026-09-28 10:08:01] [DEBUG] [CONF] [IBLAL_H (ID: 4)] engCount: 0
[2026-09-28 10:08:01] [DEBUG] [CONF] [IBLAL_H (ID: 4)] mtow: 0
[2026-09-28 10:08:01] [DEBUG] [CONF] [IBLAL_H (ID: 4)] rule: 
[2026-09-28 10:08:01] [DEBUG] [CONF] [IBLAL_H (ID: 4)] area: 
[2026-09-28 10:08:01] [DEBUG] [CONF] [IBLAL_H (ID: 4)] lvp: -1
[2026-09-28 10:08:01] [DEBUG] [CONF] [IBLAL_H (ID: 4)] timeFrom: -1
[2026-09-28 10:08:01] [DEBUG] [CONF] [IBLAL_H (ID: 4)] timeTo: -1
[2026-09-28 10:08:01] [DEBUG] [CONF] [IST_N (ID: 1)] wpt: IST
[2026-09-28 10:08:01] [DEBUG] [CONF] [IST_N (ID: 1)] rwys: 35L,35R
[2026-09-28 10:08:01] [DEBUG] [CONF] [IST_N (ID: 1)] equip: NON-RNAV allowed TRUE
[2026-09-28 10:08:01] [DEBUG] [CONF] [IST_N (ID: 1)] equip: RNAV allowed FALSE
[2026-09-28 10:08:01] [DEBUG] [CONF] [IST_N (ID: 1)] initialClimb: 5000
[2026-09-28 10:08:01] [DEBUG] [CONF] [IST_N (ID: 1)] climb via: FALSE
[2026-09-28 10:08:01] [DEBUG] [CONF] [IST_N (ID: 1)] prio: 99
[2026-09-28 10:08:01] [DEBUG] [CONF] [IST_N (ID: 1)] pilotfiled: FALSE
[2026-09-28 10:08:01] [DEBUG] [CONF] [IST_N (ID: 1)] wtc: 
[2026-09-28 10:08:01] [DEBUG] [CONF] [IST_N (ID: 1)] engType: 
[2026-09-28 10:08:01] [DEBUG] [CONF] [IST_N (ID: 1)] wingType: LSAT
[2026-09-28 10:08:01] [DEBUG] [CONF] [IST_N (ID: 1)] engCount: 0
[2026-09-28 10:08:01] [DEBUG] [CONF] [IST_N (ID: 1)] mtow: 0
[2026-09-28 10:08:01] [DEBUG] [CONF] [IST_N (ID: 1)] rule: 
[2026-09-28 10:08:01] [DEBUG] [CONF] [IST_N (ID: 1)] area: 
[2026-09-28 10:08:01] [DEBUG] [CONF] [IST_N (ID: 1)] lvp: -1
[2026-09-28 10:08:01] [DEBUG] [CONF] [IST_N (ID: 1)] timeFrom: -1
[2026-09-28 10:08:01] [DEBUG] [CONF] [IST_N (ID: 1)] timeTo: -1
[2026-09-28 10:08:01] [DEBUG] [CONF] [IST_P (ID: 1)] wpt: IST
[2026-09-28 10:08:01] [DEBUG] [CONF] [IST_P (ID: 1)] rwys: 17L,17R
[2026-09-28 10:08:01] [DEBUG] [CONF] [IST_P (ID: 1)] equip: NON-RNAV allowed TRUE
[2026-09-28 10:08:01] [DEBUG] [CONF] [IST_P (ID: 1)] equip: RNAV allowed FALSE
[2026-09-28 10:08:01] [DEBUG] [CONF] [IST_P (ID: 1)] initialClimb: 5000
[2026-09-28 10:08:01] [DEBUG] [CONF] [IST_P (ID: 1)] climb via: FALSE
[2026-09-28 10:08:01] [DEBUG] [CONF] [IST_P (ID: 1)] prio: 98
[2026-09-28 10:08:01] [DEBUG] [CONF] [IST_P (ID: 1)] pilotfiled: FALSE
[2026-09-28 10:08:01] [DEBUG] [CONF] [IST_P (ID: 1)] wtc: 
[2026-09-28 10:08:01] [DEBUG] [CONF] [IST_P (ID: 1)] engType: 
[2026-09-28 10:08:01] [DEBUG] [CONF] [IST_P (ID: 1)] wingType: LSAT
[2026-09-28 10:08:01] [DEBUG] [CONF] [IST_P (ID: 1)] engCount: 0
[2026-09-28 10:08:01] [DEBUG] [CONF] [IST_P (ID: 1)] mtow: 0
[2026-09-28 10:08:01] [DEBUG] [CONF] [IST_P (ID: 1)] rule: 
[2026-09-28 10:08:01] [DEBUG] [CONF] [IST_P (ID: 1)] area: 
[2026-09-28 10:08:01] [DEBUG] [CONF] [IST_P (ID: 1)] lvp: -1
[2026-09-28 10:08:01] [DEBUG] [CONF] [IST_P (ID: 1)] timeFrom: -1
[2026-09-28 10:08:01] [DEBUG] [CONF] [IST_P (ID: 1)] timeTo: -1
[2026-09-28 10:08:01] [DEBUG] [CONF] [IST_S (ID: 1)] wpt: IST
[2026-09-28 10:08:01] [DEBUG] [CONF] [IST_S (ID: 1)] rwys: 36
[2026-09-28 10:08:01] [DEBUG] [CONF] [IST_S (ID: 1)] equip: NON-RNAV allowed TRUE
[2026-09-28 10:08:01] [DEBUG] [CONF] [IST_S (ID: 1)] equip: RNAV allowed FALSE
[2026-09-28 10:08:01] [DEBUG] [CONF] [IST_S (ID: 1)] initialClimb: 8000
[2026-09-28 10:08:01] [DEBUG] [CONF] [IST_S (ID: 1)] climb via: FALSE
[2026-09-28 10:08:01] [DEBUG] [CONF] [IST_S (ID: 1)] prio: 99
[2026-09-28 10:08:01] [DEBUG] [CONF] [IST_S (ID: 1)] pilotfiled: FALSE
[2026-09-28 10:08:01] [DEBUG] [CONF] [IST_S (ID: 1)] wtc: 
[2026-09-28 10:08:01] [DEBUG] [CONF] [IST_S (ID: 1)] engType: 
[2026-09-28 10:08:01] [DEBUG] [CONF] [IST_S (ID: 1)] wingType: LSAT
[2026-09-28 10:08:01] [DEBUG] [CONF] [IST_S (ID: 1)] engCount: 0
[2026-09-28 10:08:01] [DEBUG] [CONF] [IST_S (ID: 1)] mtow: 0
[2026-09-28 10:08:01] [DEBUG] [CONF] [IST_S (ID: 1)] rule: 
[2026-09-28 10:08:01] [DEBUG] [CONF] [IST_S (ID: 1)] area: 
[2026-09-28 10:08:01] [DEBUG] [CONF] [IST_S (ID: 1)] lvp: -1
[2026-09-28 10:08:01] [DEBUG] [CONF] [IST_S (ID: 1)] timeFrom: -1
[2026-09-28 10:08:01] [DEBUG] [CONF] [IST_S (ID: 1)] timeTo: -1
[2026-09-28 10:08:01] [DEBUG] [CONF] [IVGUS_L (ID: 1)] wpt: IVGUS
[2026-09-28 10:08:01] [DEBUG] [CONF] [IVGUS_L (ID: 1)] rwys: 09
[2026-09-28 10:08:01] [DEBUG] [CONF] [IVGUS_L (ID: 1)] equip: NON-RNAV allowed FALSE
[2026-09-28 10:08:01] [DEBUG] [CONF] [IVGUS_L (ID: 1)] equip: RNAV allowed TRUE
[2026-09-28 10:08:01] [DEBUG] [CONF] [IVGUS_L (ID: 1)] initialClimb: 6000
[2026-09-28 10:08:01] [DEBUG] [CONF] [IVGUS_L (ID: 1)] climb via: FALSE
[2026-09-28 10:08:01] [DEBUG] [CONF] [IVGUS_L (ID: 1)] prio: 3
[2026-09-28 10:08:01] [DEBUG] [CONF] [IVGUS_L (ID: 1)] pilotfiled: FALSE
[2026-09-28 10:08:01] [DEBUG] [CONF] [IVGUS_L (ID: 1)] actDepRwy: allow - all - 
[2026-09-28 10:08:01] [DEBUG] [CONF] [IVGUS_L (ID: 1)] actDepRwy: allow - any - 34L,34R,35L,35R,36
[2026-09-28 10:08:01] [DEBUG] [CONF] [IVGUS_L (ID: 1)] wtc: 
[2026-09-28 10:08:01] [DEBUG] [CONF] [IVGUS_L (ID: 1)] engType: 
[2026-09-28 10:08:01] [DEBUG] [CONF] [IVGUS_L (ID: 1)] wingType: LSAT
[2026-09-28 10:08:01] [DEBUG] [CONF] [IVGUS_L (ID: 1)] engCount: 0
[2026-09-28 10:08:01] [DEBUG] [CONF] [IVGUS_L (ID: 1)] mtow: 0
[2026-09-28 10:08:01] [DEBUG] [CONF] [IVGUS_L (ID: 1)] rule: 
[2026-09-28 10:08:01] [DEBUG] [CONF] [IVGUS_L (ID: 1)] area: EAST
[2026-09-28 10:08:01] [DEBUG] [CONF] [IVGUS_L (ID: 1)] lvp: -1
[2026-09-28 10:08:01] [DEBUG] [CONF] [IVGUS_L (ID: 1)] timeFrom: -1
[2026-09-28 10:08:01] [DEBUG] [CONF] [IVGUS_L (ID: 1)] timeTo: -1
[2026-09-28 10:08:01] [DEBUG] [CONF] [IVGUS_L (ID: 2)] wpt: IVGUS
[2026-09-28 10:08:01] [DEBUG] [CONF] [IVGUS_L (ID: 2)] rwys: 09
[2026-09-28 10:08:01] [DEBUG] [CONF] [IVGUS_L (ID: 2)] equip: NON-RNAV allowed FALSE
[2026-09-28 10:08:01] [DEBUG] [CONF] [IVGUS_L (ID: 2)] equip: RNAV allowed TRUE
[2026-09-28 10:08:01] [DEBUG] [CONF] [IVGUS_L (ID: 2)] initialClimb: 6000
[2026-09-28 10:08:01] [DEBUG] [CONF] [IVGUS_L (ID: 2)] climb via: FALSE
[2026-09-28 10:08:01] [DEBUG] [CONF] [IVGUS_L (ID: 2)] prio: 36
[2026-09-28 10:08:01] [DEBUG] [CONF] [IVGUS_L (ID: 2)] pilotfiled: FALSE
[2026-09-28 10:08:01] [DEBUG] [CONF] [IVGUS_L (ID: 2)] actDepRwy: allow - all - 
[2026-09-28 10:08:01] [DEBUG] [CONF] [IVGUS_L (ID: 2)] actDepRwy: allow - any - 34L,34R,35L,35R,36
[2026-09-28 10:08:01] [DEBUG] [CONF] [IVGUS_L (ID: 2)] wtc: 
[2026-09-28 10:08:01] [DEBUG] [CONF] [IVGUS_L (ID: 2)] engType: 
[2026-09-28 10:08:01] [DEBUG] [CONF] [IVGUS_L (ID: 2)] wingType: LSAT
[2026-09-28 10:08:01] [DEBUG] [CONF] [IVGUS_L (ID: 2)] engCount: 0
[2026-09-28 10:08:01] [DEBUG] [CONF] [IVGUS_L (ID: 2)] mtow: 0
[2026-09-28 10:08:01] [DEBUG] [CONF] [IVGUS_L (ID: 2)] rule: 
[2026-09-28 10:08:01] [DEBUG] [CONF] [IVGUS_L (ID: 2)] area: 
[2026-09-28 10:08:01] [DEBUG] [CONF] [IVGUS_L (ID: 2)] lvp: -1
[2026-09-28 10:08:01] [DEBUG] [CONF] [IVGUS_L (ID: 2)] timeFrom: -1
[2026-09-28 10:08:01] [DEBUG] [CONF] [IVGUS_L (ID: 2)] timeTo: -1
[2026-09-28 10:08:01] [DEBUG] [CONF] [IVGUS_M (ID: 1)] wpt: IVGUS
[2026-09-28 10:08:01] [DEBUG] [CONF] [IVGUS_M (ID: 1)] rwys: 09
[2026-09-28 10:08:01] [DEBUG] [CONF] [IVGUS_M (ID: 1)] equip: NON-RNAV allowed FALSE
[2026-09-28 10:08:01] [DEBUG] [CONF] [IVGUS_M (ID: 1)] equip: RNAV allowed TRUE
[2026-09-28 10:08:01] [DEBUG] [CONF] [IVGUS_M (ID: 1)] initialClimb: 6000
[2026-09-28 10:08:01] [DEBUG] [CONF] [IVGUS_M (ID: 1)] climb via: FALSE
[2026-09-28 10:08:01] [DEBUG] [CONF] [IVGUS_M (ID: 1)] prio: 3
[2026-09-28 10:08:01] [DEBUG] [CONF] [IVGUS_M (ID: 1)] pilotfiled: FALSE
[2026-09-28 10:08:01] [DEBUG] [CONF] [IVGUS_M (ID: 1)] actDepRwy: allow - all - 
[2026-09-28 10:08:01] [DEBUG] [CONF] [IVGUS_M (ID: 1)] actDepRwy: allow - any - 16L,16R,17L,17R
[2026-09-28 10:08:01] [DEBUG] [CONF] [IVGUS_M (ID: 1)] actDepRwy: deny - all - 
[2026-09-28 10:08:01] [DEBUG] [CONF] [IVGUS_M (ID: 1)] actDepRwy: deny - any - 18
[2026-09-28 10:08:01] [DEBUG] [CONF] [IVGUS_M (ID: 1)] wtc: 
[2026-09-28 10:08:01] [DEBUG] [CONF] [IVGUS_M (ID: 1)] engType: 
[2026-09-28 10:08:01] [DEBUG] [CONF] [IVGUS_M (ID: 1)] wingType: LSAT
[2026-09-28 10:08:01] [DEBUG] [CONF] [IVGUS_M (ID: 1)] engCount: 0
[2026-09-28 10:08:01] [DEBUG] [CONF] [IVGUS_M (ID: 1)] mtow: 0
[2026-09-28 10:08:01] [DEBUG] [CONF] [IVGUS_M (ID: 1)] rule: 
[2026-09-28 10:08:01] [DEBUG] [CONF] [IVGUS_M (ID: 1)] area: EAST
[2026-09-28 10:08:01] [DEBUG] [CONF] [IVGUS_M (ID: 1)] lvp: -1
[2026-09-28 10:08:01] [DEBUG] [CONF] [IVGUS_M (ID: 1)] timeFrom: -1
[2026-09-28 10:08:01] [DEBUG] [CONF] [IVGUS_M (ID: 1)] timeTo: -1
[2026-09-28 10:08:01] [DEBUG] [CONF] [IVGUS_M (ID: 2)] wpt: IVGUS
[2026-09-28 10:08:01] [DEBUG] [CONF] [IVGUS_M (ID: 2)] rwys: 09
[2026-09-28 10:08:01] [DEBUG] [CONF] [IVGUS_M (ID: 2)] equip: NON-RNAV allowed FALSE
[2026-09-28 10:08:01] [DEBUG] [CONF] [IVGUS_M (ID: 2)] equip: RNAV allowed TRUE
[2026-09-28 10:08:01] [DEBUG] [CONF] [IVGUS_M (ID: 2)] initialClimb: 6000
[2026-09-28 10:08:01] [DEBUG] [CONF] [IVGUS_M (ID: 2)] climb via: FALSE
[2026-09-28 10:08:01] [DEBUG] [CONF] [IVGUS_M (ID: 2)] prio: 36
[2026-09-28 10:08:01] [DEBUG] [CONF] [IVGUS_M (ID: 2)] pilotfiled: FALSE
[2026-09-28 10:08:01] [DEBUG] [CONF] [IVGUS_M (ID: 2)] actDepRwy: allow - all - 
[2026-09-28 10:08:01] [DEBUG] [CONF] [IVGUS_M (ID: 2)] actDepRwy: allow - any - 16L,16R,17L,17R
[2026-09-28 10:08:01] [DEBUG] [CONF] [IVGUS_M (ID: 2)] actDepRwy: deny - all - 
[2026-09-28 10:08:01] [DEBUG] [CONF] [IVGUS_M (ID: 2)] actDepRwy: deny - any - 18
[2026-09-28 10:08:01] [DEBUG] [CONF] [IVGUS_M (ID: 2)] wtc: 
[2026-09-28 10:08:01] [DEBUG] [CONF] [IVGUS_M (ID: 2)] engType: 
[2026-09-28 10:08:01] [DEBUG] [CONF] [IVGUS_M (ID: 2)] wingType: LSAT
[2026-09-28 10:08:01] [DEBUG] [CONF] [IVGUS_M (ID: 2)] engCount: 0
[2026-09-28 10:08:01] [DEBUG] [CONF] [IVGUS_M (ID: 2)] mtow: 0
[2026-09-28 10:08:01] [DEBUG] [CONF] [IVGUS_M (ID: 2)] rule: 
[2026-09-28 10:08:01] [DEBUG] [CONF] [IVGUS_M (ID: 2)] area: 
[2026-09-28 10:08:01] [DEBUG] [CONF] [IVGUS_M (ID: 2)] lvp: -1
[2026-09-28 10:08:01] [DEBUG] [CONF] [IVGUS_M (ID: 2)] timeFrom: -1
[2026-09-28 10:08:01] [DEBUG] [CONF] [IVGUS_M (ID: 2)] timeTo: -1
[2026-09-28 10:08:01] [DEBUG] [CONF] [IVGUS_M (ID: 3)] wpt: IVGUS
[2026-09-28 10:08:01] [DEBUG] [CONF] [IVGUS_M (ID: 3)] rwys: 09
[2026-09-28 10:08:01] [DEBUG] [CONF] [IVGUS_M (ID: 3)] equip: NON-RNAV allowed FALSE
[2026-09-28 10:08:01] [DEBUG] [CONF] [IVGUS_M (ID: 3)] equip: RNAV allowed TRUE
[2026-09-28 10:08:01] [DEBUG] [CONF] [IVGUS_M (ID: 3)] initialClimb: 6000
[2026-09-28 10:08:01] [DEBUG] [CONF] [IVGUS_M (ID: 3)] climb via: FALSE
[2026-09-28 10:08:01] [DEBUG] [CONF] [IVGUS_M (ID: 3)] prio: 40
[2026-09-28 10:08:01] [DEBUG] [CONF] [IVGUS_M (ID: 3)] pilotfiled: FALSE
[2026-09-28 10:08:01] [DEBUG] [CONF] [IVGUS_M (ID: 3)] actDepRwy: deny - all - 
[2026-09-28 10:08:01] [DEBUG] [CONF] [IVGUS_M (ID: 3)] actDepRwy: deny - any - 16L,16R,17L,17R,18,34L,34R,35L,35R,36
[2026-09-28 10:08:01] [DEBUG] [CONF] [IVGUS_M (ID: 3)] wtc: 
[2026-09-28 10:08:01] [DEBUG] [CONF] [IVGUS_M (ID: 3)] engType: 
[2026-09-28 10:08:01] [DEBUG] [CONF] [IVGUS_M (ID: 3)] wingType: LSAT
[2026-09-28 10:08:01] [DEBUG] [CONF] [IVGUS_M (ID: 3)] engCount: 0
[2026-09-28 10:08:01] [DEBUG] [CONF] [IVGUS_M (ID: 3)] mtow: 0
[2026-09-28 10:08:01] [DEBUG] [CONF] [IVGUS_M (ID: 3)] rule: 
[2026-09-28 10:08:01] [DEBUG] [CONF] [IVGUS_M (ID: 3)] area: 
[2026-09-28 10:08:01] [DEBUG] [CONF] [IVGUS_M (ID: 3)] lvp: -1
[2026-09-28 10:08:01] [DEBUG] [CONF] [IVGUS_M (ID: 3)] timeFrom: -1
[2026-09-28 10:08:01] [DEBUG] [CONF] [IVGUS_M (ID: 3)] timeTo: -1
[2026-09-28 10:08:01] [DEBUG] [CONF] [IVGUS_Y (ID: 1)] wpt: IVGUS
[2026-09-28 10:08:01] [DEBUG] [CONF] [IVGUS_Y (ID: 1)] rwys: 09
[2026-09-28 10:08:01] [DEBUG] [CONF] [IVGUS_Y (ID: 1)] equip: NON-RNAV allowed FALSE
[2026-09-28 10:08:01] [DEBUG] [CONF] [IVGUS_Y (ID: 1)] equip: RNAV allowed TRUE
[2026-09-28 10:08:01] [DEBUG] [CONF] [IVGUS_Y (ID: 1)] initialClimb: 6000
[2026-09-28 10:08:01] [DEBUG] [CONF] [IVGUS_Y (ID: 1)] climb via: FALSE
[2026-09-28 10:08:01] [DEBUG] [CONF] [IVGUS_Y (ID: 1)] prio: 1
[2026-09-28 10:08:01] [DEBUG] [CONF] [IVGUS_Y (ID: 1)] pilotfiled: FALSE
[2026-09-28 10:08:01] [DEBUG] [CONF] [IVGUS_Y (ID: 1)] actDepRwy: allow - all - 
[2026-09-28 10:08:01] [DEBUG] [CONF] [IVGUS_Y (ID: 1)] actDepRwy: allow - any - 16L,16R,17L,17R
[2026-09-28 10:08:01] [DEBUG] [CONF] [IVGUS_Y (ID: 1)] actDepRwy: deny - all - 
[2026-09-28 10:08:01] [DEBUG] [CONF] [IVGUS_Y (ID: 1)] actDepRwy: deny - any - 18
[2026-09-28 10:08:01] [DEBUG] [CONF] [IVGUS_Y (ID: 1)] wtc: 
[2026-09-28 10:08:01] [DEBUG] [CONF] [IVGUS_Y (ID: 1)] engType: 
[2026-09-28 10:08:01] [DEBUG] [CONF] [IVGUS_Y (ID: 1)] wingType: LSAT
[2026-09-28 10:08:01] [DEBUG] [CONF] [IVGUS_Y (ID: 1)] engCount: 0
[2026-09-28 10:08:01] [DEBUG] [CONF] [IVGUS_Y (ID: 1)] mtow: 0
[2026-09-28 10:08:01] [DEBUG] [CONF] [IVGUS_Y (ID: 1)] rule: OPPOSITE
[2026-09-28 10:08:01] [DEBUG] [CONF] [IVGUS_Y (ID: 1)] area: EAST
[2026-09-28 10:08:01] [DEBUG] [CONF] [IVGUS_Y (ID: 1)] lvp: -1
[2026-09-28 10:08:01] [DEBUG] [CONF] [IVGUS_Y (ID: 1)] timeFrom: -1
[2026-09-28 10:08:01] [DEBUG] [CONF] [IVGUS_Y (ID: 1)] timeTo: -1
[2026-09-28 10:08:01] [DEBUG] [CONF] [IVGUS_Y (ID: 2)] wpt: IVGUS
[2026-09-28 10:08:01] [DEBUG] [CONF] [IVGUS_Y (ID: 2)] rwys: 09
[2026-09-28 10:08:01] [DEBUG] [CONF] [IVGUS_Y (ID: 2)] equip: NON-RNAV allowed FALSE
[2026-09-28 10:08:01] [DEBUG] [CONF] [IVGUS_Y (ID: 2)] equip: RNAV allowed TRUE
[2026-09-28 10:08:01] [DEBUG] [CONF] [IVGUS_Y (ID: 2)] initialClimb: 6000
[2026-09-28 10:08:01] [DEBUG] [CONF] [IVGUS_Y (ID: 2)] climb via: FALSE
[2026-09-28 10:08:01] [DEBUG] [CONF] [IVGUS_Y (ID: 2)] prio: 32
[2026-09-28 10:08:01] [DEBUG] [CONF] [IVGUS_Y (ID: 2)] pilotfiled: FALSE
[2026-09-28 10:08:01] [DEBUG] [CONF] [IVGUS_Y (ID: 2)] actDepRwy: allow - all - 
[2026-09-28 10:08:01] [DEBUG] [CONF] [IVGUS_Y (ID: 2)] actDepRwy: allow - any - 16L,16R,17L,17R
[2026-09-28 10:08:01] [DEBUG] [CONF] [IVGUS_Y (ID: 2)] actDepRwy: deny - all - 
[2026-09-28 10:08:01] [DEBUG] [CONF] [IVGUS_Y (ID: 2)] actDepRwy: deny - any - 18
[2026-09-28 10:08:01] [DEBUG] [CONF] [IVGUS_Y (ID: 2)] wtc: 
[2026-09-28 10:08:01] [DEBUG] [CONF] [IVGUS_Y (ID: 2)] engType: 
[2026-09-28 10:08:01] [DEBUG] [CONF] [IVGUS_Y (ID: 2)] wingType: LSAT
[2026-09-28 10:08:01] [DEBUG] [CONF] [IVGUS_Y (ID: 2)] engCount: 0
[2026-09-28 10:08:01] [DEBUG] [CONF] [IVGUS_Y (ID: 2)] mtow: 0
[2026-09-28 10:08:01] [DEBUG] [CONF] [IVGUS_Y (ID: 2)] rule: OPPOSITE
[2026-09-28 10:08:01] [DEBUG] [CONF] [IVGUS_Y (ID: 2)] area: 
[2026-09-28 10:08:01] [DEBUG] [CONF] [IVGUS_Y (ID: 2)] lvp: -1
[2026-09-28 10:08:01] [DEBUG] [CONF] [IVGUS_Y (ID: 2)] timeFrom: -1
[2026-09-28 10:08:01] [DEBUG] [CONF] [IVGUS_Y (ID: 2)] timeTo: -1
[2026-09-28 10:08:01] [DEBUG] [CONF] [IVGUS_C (ID: 1)] wpt: IVGUS
[2026-09-28 10:08:01] [DEBUG] [CONF] [IVGUS_C (ID: 1)] rwys: 34L,34R
[2026-09-28 10:08:01] [DEBUG] [CONF] [IVGUS_C (ID: 1)] equip: NON-RNAV allowed FALSE
[2026-09-28 10:08:01] [DEBUG] [CONF] [IVGUS_C (ID: 1)] equip: RNAV allowed TRUE
[2026-09-28 10:08:01] [DEBUG] [CONF] [IVGUS_C (ID: 1)] initialClimb: 4000
[2026-09-28 10:08:01] [DEBUG] [CONF] [IVGUS_C (ID: 1)] climb via: FALSE
[2026-09-28 10:08:01] [DEBUG] [CONF] [IVGUS_C (ID: 1)] prio: 15
[2026-09-28 10:08:01] [DEBUG] [CONF] [IVGUS_C (ID: 1)] pilotfiled: FALSE
[2026-09-28 10:08:01] [DEBUG] [CONF] [IVGUS_C (ID: 1)] wtc: 
[2026-09-28 10:08:01] [DEBUG] [CONF] [IVGUS_C (ID: 1)] engType: 
[2026-09-28 10:08:01] [DEBUG] [CONF] [IVGUS_C (ID: 1)] wingType: LSAT
[2026-09-28 10:08:01] [DEBUG] [CONF] [IVGUS_C (ID: 1)] engCount: 0
[2026-09-28 10:08:01] [DEBUG] [CONF] [IVGUS_C (ID: 1)] mtow: 0
[2026-09-28 10:08:01] [DEBUG] [CONF] [IVGUS_C (ID: 1)] rule: 
[2026-09-28 10:08:01] [DEBUG] [CONF] [IVGUS_C (ID: 1)] area: 
[2026-09-28 10:08:01] [DEBUG] [CONF] [IVGUS_C (ID: 1)] lvp: -1
[2026-09-28 10:08:01] [DEBUG] [CONF] [IVGUS_C (ID: 1)] timeFrom: -1
[2026-09-28 10:08:01] [DEBUG] [CONF] [IVGUS_C (ID: 1)] timeTo: -1
[2026-09-28 10:08:01] [DEBUG] [CONF] [IVGUS_D (ID: 1)] wpt: IVGUS
[2026-09-28 10:08:01] [DEBUG] [CONF] [IVGUS_D (ID: 1)] rwys: 35L,35R
[2026-09-28 10:08:01] [DEBUG] [CONF] [IVGUS_D (ID: 1)] equip: NON-RNAV allowed FALSE
[2026-09-28 10:08:01] [DEBUG] [CONF] [IVGUS_D (ID: 1)] equip: RNAV allowed TRUE
[2026-09-28 10:08:01] [DEBUG] [CONF] [IVGUS_D (ID: 1)] initialClimb: 5000
[2026-09-28 10:08:01] [DEBUG] [CONF] [IVGUS_D (ID: 1)] climb via: FALSE
[2026-09-28 10:08:01] [DEBUG] [CONF] [IVGUS_D (ID: 1)] prio: 15
[2026-09-28 10:08:01] [DEBUG] [CONF] [IVGUS_D (ID: 1)] pilotfiled: FALSE
[2026-09-28 10:08:01] [DEBUG] [CONF] [IVGUS_D (ID: 1)] actDepRwy: deny - all - 
[2026-09-28 10:08:01] [DEBUG] [CONF] [IVGUS_D (ID: 1)] actDepRwy: deny - any - 34L,34R
[2026-09-28 10:08:01] [DEBUG] [CONF] [IVGUS_D (ID: 1)] wtc: 
[2026-09-28 10:08:01] [DEBUG] [CONF] [IVGUS_D (ID: 1)] engType: 
[2026-09-28 10:08:01] [DEBUG] [CONF] [IVGUS_D (ID: 1)] wingType: LSAT
[2026-09-28 10:08:01] [DEBUG] [CONF] [IVGUS_D (ID: 1)] engCount: 0
[2026-09-28 10:08:01] [DEBUG] [CONF] [IVGUS_D (ID: 1)] mtow: 0
[2026-09-28 10:08:01] [DEBUG] [CONF] [IVGUS_D (ID: 1)] rule: 
[2026-09-28 10:08:01] [DEBUG] [CONF] [IVGUS_D (ID: 1)] area: 
[2026-09-28 10:08:01] [DEBUG] [CONF] [IVGUS_D (ID: 1)] lvp: -1
[2026-09-28 10:08:01] [DEBUG] [CONF] [IVGUS_D (ID: 1)] timeFrom: -1
[2026-09-28 10:08:01] [DEBUG] [CONF] [IVGUS_D (ID: 1)] timeTo: -1
[2026-09-28 10:08:01] [DEBUG] [CONF] [IVGUS_E (ID: 1)] wpt: IVGUS
[2026-09-28 10:08:01] [DEBUG] [CONF] [IVGUS_E (ID: 1)] rwys: 36
[2026-09-28 10:08:01] [DEBUG] [CONF] [IVGUS_E (ID: 1)] equip: NON-RNAV allowed FALSE
[2026-09-28 10:08:01] [DEBUG] [CONF] [IVGUS_E (ID: 1)] equip: RNAV allowed TRUE
[2026-09-28 10:08:01] [DEBUG] [CONF] [IVGUS_E (ID: 1)] initialClimb: 8000
[2026-09-28 10:08:01] [DEBUG] [CONF] [IVGUS_E (ID: 1)] climb via: FALSE
[2026-09-28 10:08:01] [DEBUG] [CONF] [IVGUS_E (ID: 1)] prio: 4
[2026-09-28 10:08:01] [DEBUG] [CONF] [IVGUS_E (ID: 1)] pilotfiled: FALSE
[2026-09-28 10:08:01] [DEBUG] [CONF] [IVGUS_E (ID: 1)] actDepRwy: deny - all - 
[2026-09-28 10:08:01] [DEBUG] [CONF] [IVGUS_E (ID: 1)] actDepRwy: deny - any - 09
[2026-09-28 10:08:01] [DEBUG] [CONF] [IVGUS_E (ID: 1)] wtc: 
[2026-09-28 10:08:01] [DEBUG] [CONF] [IVGUS_E (ID: 1)] engType: 
[2026-09-28 10:08:01] [DEBUG] [CONF] [IVGUS_E (ID: 1)] wingType: LSAT
[2026-09-28 10:08:01] [DEBUG] [CONF] [IVGUS_E (ID: 1)] engCount: 0
[2026-09-28 10:08:01] [DEBUG] [CONF] [IVGUS_E (ID: 1)] mtow: 0
[2026-09-28 10:08:01] [DEBUG] [CONF] [IVGUS_E (ID: 1)] rule: 
[2026-09-28 10:08:01] [DEBUG] [CONF] [IVGUS_E (ID: 1)] area: EAST
[2026-09-28 10:08:01] [DEBUG] [CONF] [IVGUS_E (ID: 1)] lvp: -1
[2026-09-28 10:08:01] [DEBUG] [CONF] [IVGUS_E (ID: 1)] timeFrom: -1
[2026-09-28 10:08:01] [DEBUG] [CONF] [IVGUS_E (ID: 1)] timeTo: -1
[2026-09-28 10:08:01] [DEBUG] [CONF] [IVGUS_E (ID: 2)] wpt: IVGUS
[2026-09-28 10:08:01] [DEBUG] [CONF] [IVGUS_E (ID: 2)] rwys: 36
[2026-09-28 10:08:01] [DEBUG] [CONF] [IVGUS_E (ID: 2)] equip: NON-RNAV allowed FALSE
[2026-09-28 10:08:01] [DEBUG] [CONF] [IVGUS_E (ID: 2)] equip: RNAV allowed TRUE
[2026-09-28 10:08:01] [DEBUG] [CONF] [IVGUS_E (ID: 2)] initialClimb: 8000
[2026-09-28 10:08:01] [DEBUG] [CONF] [IVGUS_E (ID: 2)] climb via: FALSE
[2026-09-28 10:08:01] [DEBUG] [CONF] [IVGUS_E (ID: 2)] prio: 38
[2026-09-28 10:08:01] [DEBUG] [CONF] [IVGUS_E (ID: 2)] pilotfiled: FALSE
[2026-09-28 10:08:01] [DEBUG] [CONF] [IVGUS_E (ID: 2)] actDepRwy: deny - all - 
[2026-09-28 10:08:01] [DEBUG] [CONF] [IVGUS_E (ID: 2)] actDepRwy: deny - any - 09
[2026-09-28 10:08:01] [DEBUG] [CONF] [IVGUS_E (ID: 2)] wtc: 
[2026-09-28 10:08:01] [DEBUG] [CONF] [IVGUS_E (ID: 2)] engType: 
[2026-09-28 10:08:01] [DEBUG] [CONF] [IVGUS_E (ID: 2)] wingType: LSAT
[2026-09-28 10:08:01] [DEBUG] [CONF] [IVGUS_E (ID: 2)] engCount: 0
[2026-09-28 10:08:01] [DEBUG] [CONF] [IVGUS_E (ID: 2)] mtow: 0
[2026-09-28 10:08:01] [DEBUG] [CONF] [IVGUS_E (ID: 2)] rule: 
[2026-09-28 10:08:01] [DEBUG] [CONF] [IVGUS_E (ID: 2)] area: 
[2026-09-28 10:08:01] [DEBUG] [CONF] [IVGUS_E (ID: 2)] lvp: -1
[2026-09-28 10:08:01] [DEBUG] [CONF] [IVGUS_E (ID: 2)] timeFrom: -1
[2026-09-28 10:08:01] [DEBUG] [CONF] [IVGUS_E (ID: 2)] timeTo: -1
[2026-09-28 10:08:01] [DEBUG] [CONF] [IVGUS_F (ID: 1)] wpt: IVGUS
[2026-09-28 10:08:01] [DEBUG] [CONF] [IVGUS_F (ID: 1)] rwys: 16L,16R
[2026-09-28 10:08:01] [DEBUG] [CONF] [IVGUS_F (ID: 1)] equip: NON-RNAV allowed FALSE
[2026-09-28 10:08:01] [DEBUG] [CONF] [IVGUS_F (ID: 1)] equip: RNAV allowed TRUE
[2026-09-28 10:08:01] [DEBUG] [CONF] [IVGUS_F (ID: 1)] initialClimb: 4000
[2026-09-28 10:08:01] [DEBUG] [CONF] [IVGUS_F (ID: 1)] climb via: FALSE
[2026-09-28 10:08:01] [DEBUG] [CONF] [IVGUS_F (ID: 1)] prio: 15
[2026-09-28 10:08:01] [DEBUG] [CONF] [IVGUS_F (ID: 1)] pilotfiled: FALSE
[2026-09-28 10:08:01] [DEBUG] [CONF] [IVGUS_F (ID: 1)] actDepRwy: deny - all - 
[2026-09-28 10:08:01] [DEBUG] [CONF] [IVGUS_F (ID: 1)] actDepRwy: deny - any - 17L,17R
[2026-09-28 10:08:01] [DEBUG] [CONF] [IVGUS_F (ID: 1)] wtc: 
[2026-09-28 10:08:01] [DEBUG] [CONF] [IVGUS_F (ID: 1)] engType: 
[2026-09-28 10:08:01] [DEBUG] [CONF] [IVGUS_F (ID: 1)] wingType: LSAT
[2026-09-28 10:08:01] [DEBUG] [CONF] [IVGUS_F (ID: 1)] engCount: 0
[2026-09-28 10:08:01] [DEBUG] [CONF] [IVGUS_F (ID: 1)] mtow: 0
[2026-09-28 10:08:01] [DEBUG] [CONF] [IVGUS_F (ID: 1)] rule: 
[2026-09-28 10:08:01] [DEBUG] [CONF] [IVGUS_F (ID: 1)] area: 
[2026-09-28 10:08:01] [DEBUG] [CONF] [IVGUS_F (ID: 1)] lvp: -1
[2026-09-28 10:08:01] [DEBUG] [CONF] [IVGUS_F (ID: 1)] timeFrom: -1
[2026-09-28 10:08:01] [DEBUG] [CONF] [IVGUS_F (ID: 1)] timeTo: -1
[2026-09-28 10:08:01] [DEBUG] [CONF] [IVGUS_G (ID: 1)] wpt: IVGUS
[2026-09-28 10:08:01] [DEBUG] [CONF] [IVGUS_G (ID: 1)] rwys: 17L,17R
[2026-09-28 10:08:01] [DEBUG] [CONF] [IVGUS_G (ID: 1)] equip: NON-RNAV allowed FALSE
[2026-09-28 10:08:01] [DEBUG] [CONF] [IVGUS_G (ID: 1)] equip: RNAV allowed TRUE
[2026-09-28 10:08:01] [DEBUG] [CONF] [IVGUS_G (ID: 1)] initialClimb: 5000
[2026-09-28 10:08:01] [DEBUG] [CONF] [IVGUS_G (ID: 1)] climb via: FALSE
[2026-09-28 10:08:01] [DEBUG] [CONF] [IVGUS_G (ID: 1)] prio: 15
[2026-09-28 10:08:01] [DEBUG] [CONF] [IVGUS_G (ID: 1)] pilotfiled: FALSE
[2026-09-28 10:08:01] [DEBUG] [CONF] [IVGUS_G (ID: 1)] wtc: 
[2026-09-28 10:08:01] [DEBUG] [CONF] [IVGUS_G (ID: 1)] engType: 
[2026-09-28 10:08:01] [DEBUG] [CONF] [IVGUS_G (ID: 1)] wingType: LSAT
[2026-09-28 10:08:01] [DEBUG] [CONF] [IVGUS_G (ID: 1)] engCount: 0
[2026-09-28 10:08:01] [DEBUG] [CONF] [IVGUS_G (ID: 1)] mtow: 0
[2026-09-28 10:08:01] [DEBUG] [CONF] [IVGUS_G (ID: 1)] rule: 
[2026-09-28 10:08:01] [DEBUG] [CONF] [IVGUS_G (ID: 1)] area: 
[2026-09-28 10:08:01] [DEBUG] [CONF] [IVGUS_G (ID: 1)] lvp: -1
[2026-09-28 10:08:01] [DEBUG] [CONF] [IVGUS_G (ID: 1)] timeFrom: -1
[2026-09-28 10:08:01] [DEBUG] [CONF] [IVGUS_G (ID: 1)] timeTo: -1
[2026-09-28 10:08:01] [DEBUG] [CONF] [IVGUS_H (ID: 1)] wpt: IVGUS
[2026-09-28 10:08:01] [DEBUG] [CONF] [IVGUS_H (ID: 1)] rwys: 18
[2026-09-28 10:08:01] [DEBUG] [CONF] [IVGUS_H (ID: 1)] equip: NON-RNAV allowed FALSE
[2026-09-28 10:08:01] [DEBUG] [CONF] [IVGUS_H (ID: 1)] equip: RNAV allowed TRUE
[2026-09-28 10:08:01] [DEBUG] [CONF] [IVGUS_H (ID: 1)] initialClimb: 8000
[2026-09-28 10:08:01] [DEBUG] [CONF] [IVGUS_H (ID: 1)] climb via: FALSE
[2026-09-28 10:08:01] [DEBUG] [CONF] [IVGUS_H (ID: 1)] prio: 4
[2026-09-28 10:08:01] [DEBUG] [CONF] [IVGUS_H (ID: 1)] pilotfiled: FALSE
[2026-09-28 10:08:01] [DEBUG] [CONF] [IVGUS_H (ID: 1)] wtc: 
[2026-09-28 10:08:01] [DEBUG] [CONF] [IVGUS_H (ID: 1)] engType: 
[2026-09-28 10:08:01] [DEBUG] [CONF] [IVGUS_H (ID: 1)] wingType: LSAT
[2026-09-28 10:08:01] [DEBUG] [CONF] [IVGUS_H (ID: 1)] engCount: 0
[2026-09-28 10:08:01] [DEBUG] [CONF] [IVGUS_H (ID: 1)] mtow: 0
[2026-09-28 10:08:01] [DEBUG] [CONF] [IVGUS_H (ID: 1)] rule: 
[2026-09-28 10:08:01] [DEBUG] [CONF] [IVGUS_H (ID: 1)] area: EAST
[2026-09-28 10:08:01] [DEBUG] [CONF] [IVGUS_H (ID: 1)] lvp: -1
[2026-09-28 10:08:01] [DEBUG] [CONF] [IVGUS_H (ID: 1)] timeFrom: -1
[2026-09-28 10:08:01] [DEBUG] [CONF] [IVGUS_H (ID: 1)] timeTo: -1
[2026-09-28 10:08:01] [DEBUG] [CONF] [IVGUS_H (ID: 2)] wpt: IVGUS
[2026-09-28 10:08:01] [DEBUG] [CONF] [IVGUS_H (ID: 2)] rwys: 18
[2026-09-28 10:08:01] [DEBUG] [CONF] [IVGUS_H (ID: 2)] equip: NON-RNAV allowed FALSE
[2026-09-28 10:08:01] [DEBUG] [CONF] [IVGUS_H (ID: 2)] equip: RNAV allowed TRUE
[2026-09-28 10:08:01] [DEBUG] [CONF] [IVGUS_H (ID: 2)] initialClimb: 8000
[2026-09-28 10:08:01] [DEBUG] [CONF] [IVGUS_H (ID: 2)] climb via: FALSE
[2026-09-28 10:08:01] [DEBUG] [CONF] [IVGUS_H (ID: 2)] prio: 38
[2026-09-28 10:08:01] [DEBUG] [CONF] [IVGUS_H (ID: 2)] pilotfiled: FALSE
[2026-09-28 10:08:01] [DEBUG] [CONF] [IVGUS_H (ID: 2)] wtc: 
[2026-09-28 10:08:01] [DEBUG] [CONF] [IVGUS_H (ID: 2)] engType: 
[2026-09-28 10:08:01] [DEBUG] [CONF] [IVGUS_H (ID: 2)] wingType: LSAT
[2026-09-28 10:08:01] [DEBUG] [CONF] [IVGUS_H (ID: 2)] engCount: 0
[2026-09-28 10:08:01] [DEBUG] [CONF] [IVGUS_H (ID: 2)] mtow: 0
[2026-09-28 10:08:01] [DEBUG] [CONF] [IVGUS_H (ID: 2)] rule: 
[2026-09-28 10:08:01] [DEBUG] [CONF] [IVGUS_H (ID: 2)] area: 
[2026-09-28 10:08:01] [DEBUG] [CONF] [IVGUS_H (ID: 2)] lvp: -1
[2026-09-28 10:08:01] [DEBUG] [CONF] [IVGUS_H (ID: 2)] timeFrom: -1
[2026-09-28 10:08:01] [DEBUG] [CONF] [IVGUS_H (ID: 2)] timeTo: -1
[2026-09-28 10:08:01] [DEBUG] [CONF] [IVGUS_V (ID: 1)] wpt: IVGUS
[2026-09-28 10:08:01] [DEBUG] [CONF] [IVGUS_V (ID: 1)] rwys: 18
[2026-09-28 10:08:01] [DEBUG] [CONF] [IVGUS_V (ID: 1)] equip: NON-RNAV allowed FALSE
[2026-09-28 10:08:01] [DEBUG] [CONF] [IVGUS_V (ID: 1)] equip: RNAV allowed TRUE
[2026-09-28 10:08:01] [DEBUG] [CONF] [IVGUS_V (ID: 1)] initialClimb: 8000
[2026-09-28 10:08:01] [DEBUG] [CONF] [IVGUS_V (ID: 1)] climb via: FALSE
[2026-09-28 10:08:01] [DEBUG] [CONF] [IVGUS_V (ID: 1)] prio: 2
[2026-09-28 10:08:01] [DEBUG] [CONF] [IVGUS_V (ID: 1)] pilotfiled: FALSE
[2026-09-28 10:08:01] [DEBUG] [CONF] [IVGUS_V (ID: 1)] wtc: 
[2026-09-28 10:08:01] [DEBUG] [CONF] [IVGUS_V (ID: 1)] engType: 
[2026-09-28 10:08:01] [DEBUG] [CONF] [IVGUS_V (ID: 1)] wingType: LSAT
[2026-09-28 10:08:01] [DEBUG] [CONF] [IVGUS_V (ID: 1)] engCount: 0
[2026-09-28 10:08:01] [DEBUG] [CONF] [IVGUS_V (ID: 1)] mtow: 0
[2026-09-28 10:08:01] [DEBUG] [CONF] [IVGUS_V (ID: 1)] rule: OPPOSITE
[2026-09-28 10:08:01] [DEBUG] [CONF] [IVGUS_V (ID: 1)] area: EAST
[2026-09-28 10:08:01] [DEBUG] [CONF] [IVGUS_V (ID: 1)] lvp: -1
[2026-09-28 10:08:01] [DEBUG] [CONF] [IVGUS_V (ID: 1)] timeFrom: -1
[2026-09-28 10:08:01] [DEBUG] [CONF] [IVGUS_V (ID: 1)] timeTo: -1
[2026-09-28 10:08:01] [DEBUG] [CONF] [IVGUS_V (ID: 2)] wpt: IVGUS
[2026-09-28 10:08:01] [DEBUG] [CONF] [IVGUS_V (ID: 2)] rwys: 18
[2026-09-28 10:08:01] [DEBUG] [CONF] [IVGUS_V (ID: 2)] equip: NON-RNAV allowed FALSE
[2026-09-28 10:08:01] [DEBUG] [CONF] [IVGUS_V (ID: 2)] equip: RNAV allowed TRUE
[2026-09-28 10:08:01] [DEBUG] [CONF] [IVGUS_V (ID: 2)] initialClimb: 8000
[2026-09-28 10:08:01] [DEBUG] [CONF] [IVGUS_V (ID: 2)] climb via: FALSE
[2026-09-28 10:08:01] [DEBUG] [CONF] [IVGUS_V (ID: 2)] prio: 34
[2026-09-28 10:08:01] [DEBUG] [CONF] [IVGUS_V (ID: 2)] pilotfiled: FALSE
[2026-09-28 10:08:01] [DEBUG] [CONF] [IVGUS_V (ID: 2)] wtc: 
[2026-09-28 10:08:01] [DEBUG] [CONF] [IVGUS_V (ID: 2)] engType: 
[2026-09-28 10:08:01] [DEBUG] [CONF] [IVGUS_V (ID: 2)] wingType: LSAT
[2026-09-28 10:08:01] [DEBUG] [CONF] [IVGUS_V (ID: 2)] engCount: 0
[2026-09-28 10:08:01] [DEBUG] [CONF] [IVGUS_V (ID: 2)] mtow: 0
[2026-09-28 10:08:01] [DEBUG] [CONF] [IVGUS_V (ID: 2)] rule: OPPOSITE
[2026-09-28 10:08:01] [DEBUG] [CONF] [IVGUS_V (ID: 2)] area: 
[2026-09-28 10:08:01] [DEBUG] [CONF] [IVGUS_V (ID: 2)] lvp: -1
[2026-09-28 10:08:01] [DEBUG] [CONF] [IVGUS_V (ID: 2)] timeFrom: -1
[2026-09-28 10:08:01] [DEBUG] [CONF] [IVGUS_V (ID: 2)] timeTo: -1
[2026-09-28 10:08:01] [DEBUG] [CONF] [LESQE_G (ID: 1)] wpt: LESQE
[2026-09-28 10:08:01] [DEBUG] [CONF] [LESQE_G (ID: 1)] rwys: 16L,16R
[2026-09-28 10:08:01] [DEBUG] [CONF] [LESQE_G (ID: 1)] equip: NON-RNAV allowed TRUE
[2026-09-28 10:08:01] [DEBUG] [CONF] [LESQE_G (ID: 1)] equip: RNAV allowed FALSE
[2026-09-28 10:08:01] [DEBUG] [CONF] [LESQE_G (ID: 1)] initialClimb: 4000
[2026-09-28 10:08:01] [DEBUG] [CONF] [LESQE_G (ID: 1)] climb via: FALSE
[2026-09-28 10:08:01] [DEBUG] [CONF] [LESQE_G (ID: 1)] prio: 20
[2026-09-28 10:08:01] [DEBUG] [CONF] [LESQE_G (ID: 1)] pilotfiled: FALSE
[2026-09-28 10:08:01] [DEBUG] [CONF] [LESQE_G (ID: 1)] wtc: 
[2026-09-28 10:08:01] [DEBUG] [CONF] [LESQE_G (ID: 1)] engType: 
[2026-09-28 10:08:01] [DEBUG] [CONF] [LESQE_G (ID: 1)] wingType: LSAT
[2026-09-28 10:08:01] [DEBUG] [CONF] [LESQE_G (ID: 1)] engCount: 0
[2026-09-28 10:08:01] [DEBUG] [CONF] [LESQE_G (ID: 1)] mtow: 0
[2026-09-28 10:08:01] [DEBUG] [CONF] [LESQE_G (ID: 1)] rule: 
[2026-09-28 10:08:01] [DEBUG] [CONF] [LESQE_G (ID: 1)] area: 
[2026-09-28 10:08:01] [DEBUG] [CONF] [LESQE_G (ID: 1)] lvp: -1
[2026-09-28 10:08:01] [DEBUG] [CONF] [LESQE_G (ID: 1)] timeFrom: -1
[2026-09-28 10:08:01] [DEBUG] [CONF] [LESQE_G (ID: 1)] timeTo: -1
[2026-09-28 10:08:01] [DEBUG] [CONF] [LESQE_G (ID: 2)] wpt: XXX
[2026-09-28 10:08:01] [DEBUG] [CONF] [LESQE_G (ID: 2)] rwys: 16L,16R
[2026-09-28 10:08:01] [DEBUG] [CONF] [LESQE_G (ID: 2)] equip: NON-RNAV allowed TRUE
[2026-09-28 10:08:01] [DEBUG] [CONF] [LESQE_G (ID: 2)] equip: RNAV allowed FALSE
[2026-09-28 10:08:01] [DEBUG] [CONF] [LESQE_G (ID: 2)] initialClimb: 4000
[2026-09-28 10:08:01] [DEBUG] [CONF] [LESQE_G (ID: 2)] climb via: FALSE
[2026-09-28 10:08:01] [DEBUG] [CONF] [LESQE_G (ID: 2)] prio: 25
[2026-09-28 10:08:01] [DEBUG] [CONF] [LESQE_G (ID: 2)] pilotfiled: FALSE
[2026-09-28 10:08:01] [DEBUG] [CONF] [LESQE_G (ID: 2)] wtc: 
[2026-09-28 10:08:01] [DEBUG] [CONF] [LESQE_G (ID: 2)] engType: 
[2026-09-28 10:08:01] [DEBUG] [CONF] [LESQE_G (ID: 2)] wingType: LSAT
[2026-09-28 10:08:01] [DEBUG] [CONF] [LESQE_G (ID: 2)] engCount: 0
[2026-09-28 10:08:01] [DEBUG] [CONF] [LESQE_G (ID: 2)] mtow: 0
[2026-09-28 10:08:01] [DEBUG] [CONF] [LESQE_G (ID: 2)] rule: 
[2026-09-28 10:08:01] [DEBUG] [CONF] [LESQE_G (ID: 2)] area: 
[2026-09-28 10:08:01] [DEBUG] [CONF] [LESQE_G (ID: 2)] lvp: -1
[2026-09-28 10:08:01] [DEBUG] [CONF] [LESQE_G (ID: 2)] timeFrom: -1
[2026-09-28 10:08:01] [DEBUG] [CONF] [LESQE_G (ID: 2)] timeTo: -1
[2026-09-28 10:08:01] [DEBUG] [CONF] [MAKOL_L (ID: 1)] wpt: MAKOL
[2026-09-28 10:08:01] [DEBUG] [CONF] [MAKOL_L (ID: 1)] rwys: 09
[2026-09-28 10:08:01] [DEBUG] [CONF] [MAKOL_L (ID: 1)] equip: NON-RNAV allowed FALSE
[2026-09-28 10:08:01] [DEBUG] [CONF] [MAKOL_L (ID: 1)] equip: RNAV allowed TRUE
[2026-09-28 10:08:01] [DEBUG] [CONF] [MAKOL_L (ID: 1)] initialClimb: 6000
[2026-09-28 10:08:01] [DEBUG] [CONF] [MAKOL_L (ID: 1)] climb via: FALSE
[2026-09-28 10:08:01] [DEBUG] [CONF] [MAKOL_L (ID: 1)] prio: 3
[2026-09-28 10:08:01] [DEBUG] [CONF] [MAKOL_L (ID: 1)] pilotfiled: FALSE
[2026-09-28 10:08:01] [DEBUG] [CONF] [MAKOL_L (ID: 1)] actDepRwy: allow - all - 
[2026-09-28 10:08:01] [DEBUG] [CONF] [MAKOL_L (ID: 1)] actDepRwy: allow - any - 34L,34R,35L,35R
[2026-09-28 10:08:01] [DEBUG] [CONF] [MAKOL_L (ID: 1)] actDepRwy: deny - all - 
[2026-09-28 10:08:01] [DEBUG] [CONF] [MAKOL_L (ID: 1)] actDepRwy: deny - any - 36
[2026-09-28 10:08:01] [DEBUG] [CONF] [MAKOL_L (ID: 1)] wtc: 
[2026-09-28 10:08:01] [DEBUG] [CONF] [MAKOL_L (ID: 1)] engType: 
[2026-09-28 10:08:01] [DEBUG] [CONF] [MAKOL_L (ID: 1)] wingType: LSAT
[2026-09-28 10:08:01] [DEBUG] [CONF] [MAKOL_L (ID: 1)] engCount: 0
[2026-09-28 10:08:01] [DEBUG] [CONF] [MAKOL_L (ID: 1)] mtow: 0
[2026-09-28 10:08:01] [DEBUG] [CONF] [MAKOL_L (ID: 1)] rule: 
[2026-09-28 10:08:01] [DEBUG] [CONF] [MAKOL_L (ID: 1)] area: EAST
[2026-09-28 10:08:01] [DEBUG] [CONF] [MAKOL_L (ID: 1)] lvp: -1
[2026-09-28 10:08:01] [DEBUG] [CONF] [MAKOL_L (ID: 1)] timeFrom: -1
[2026-09-28 10:08:01] [DEBUG] [CONF] [MAKOL_L (ID: 1)] timeTo: -1
[2026-09-28 10:08:01] [DEBUG] [CONF] [MAKOL_L (ID: 2)] wpt: MAKOL
[2026-09-28 10:08:01] [DEBUG] [CONF] [MAKOL_L (ID: 2)] rwys: 09
[2026-09-28 10:08:01] [DEBUG] [CONF] [MAKOL_L (ID: 2)] equip: NON-RNAV allowed FALSE
[2026-09-28 10:08:01] [DEBUG] [CONF] [MAKOL_L (ID: 2)] equip: RNAV allowed TRUE
[2026-09-28 10:08:01] [DEBUG] [CONF] [MAKOL_L (ID: 2)] initialClimb: 6000
[2026-09-28 10:08:01] [DEBUG] [CONF] [MAKOL_L (ID: 2)] climb via: FALSE
[2026-09-28 10:08:01] [DEBUG] [CONF] [MAKOL_L (ID: 2)] prio: 36
[2026-09-28 10:08:01] [DEBUG] [CONF] [MAKOL_L (ID: 2)] pilotfiled: FALSE
[2026-09-28 10:08:01] [DEBUG] [CONF] [MAKOL_L (ID: 2)] actDepRwy: allow - all - 
[2026-09-28 10:08:01] [DEBUG] [CONF] [MAKOL_L (ID: 2)] actDepRwy: allow - any - 34L,34R,35L,35R
[2026-09-28 10:08:01] [DEBUG] [CONF] [MAKOL_L (ID: 2)] actDepRwy: deny - all - 
[2026-09-28 10:08:01] [DEBUG] [CONF] [MAKOL_L (ID: 2)] actDepRwy: deny - any - 36
[2026-09-28 10:08:01] [DEBUG] [CONF] [MAKOL_L (ID: 2)] wtc: 
[2026-09-28 10:08:01] [DEBUG] [CONF] [MAKOL_L (ID: 2)] engType: 
[2026-09-28 10:08:01] [DEBUG] [CONF] [MAKOL_L (ID: 2)] wingType: LSAT
[2026-09-28 10:08:01] [DEBUG] [CONF] [MAKOL_L (ID: 2)] engCount: 0
[2026-09-28 10:08:01] [DEBUG] [CONF] [MAKOL_L (ID: 2)] mtow: 0
[2026-09-28 10:08:01] [DEBUG] [CONF] [MAKOL_L (ID: 2)] rule: 
[2026-09-28 10:08:01] [DEBUG] [CONF] [MAKOL_L (ID: 2)] area: 
[2026-09-28 10:08:01] [DEBUG] [CONF] [MAKOL_L (ID: 2)] lvp: -1
[2026-09-28 10:08:01] [DEBUG] [CONF] [MAKOL_L (ID: 2)] timeFrom: -1
[2026-09-28 10:08:01] [DEBUG] [CONF] [MAKOL_L (ID: 2)] timeTo: -1
[2026-09-28 10:08:01] [DEBUG] [CONF] [MAKOL_M (ID: 1)] wpt: MAKOL
[2026-09-28 10:08:01] [DEBUG] [CONF] [MAKOL_M (ID: 1)] rwys: 09
[2026-09-28 10:08:01] [DEBUG] [CONF] [MAKOL_M (ID: 1)] equip: NON-RNAV allowed FALSE
[2026-09-28 10:08:01] [DEBUG] [CONF] [MAKOL_M (ID: 1)] equip: RNAV allowed TRUE
[2026-09-28 10:08:01] [DEBUG] [CONF] [MAKOL_M (ID: 1)] initialClimb: 6000
[2026-09-28 10:08:01] [DEBUG] [CONF] [MAKOL_M (ID: 1)] climb via: FALSE
[2026-09-28 10:08:01] [DEBUG] [CONF] [MAKOL_M (ID: 1)] prio: 3
[2026-09-28 10:08:01] [DEBUG] [CONF] [MAKOL_M (ID: 1)] pilotfiled: FALSE
[2026-09-28 10:08:01] [DEBUG] [CONF] [MAKOL_M (ID: 1)] actDepRwy: allow - all - 
[2026-09-28 10:08:01] [DEBUG] [CONF] [MAKOL_M (ID: 1)] actDepRwy: allow - any - 16L,16R,17L,17R,18
[2026-09-28 10:08:01] [DEBUG] [CONF] [MAKOL_M (ID: 1)] wtc: 
[2026-09-28 10:08:01] [DEBUG] [CONF] [MAKOL_M (ID: 1)] engType: 
[2026-09-28 10:08:01] [DEBUG] [CONF] [MAKOL_M (ID: 1)] wingType: LSAT
[2026-09-28 10:08:01] [DEBUG] [CONF] [MAKOL_M (ID: 1)] engCount: 0
[2026-09-28 10:08:01] [DEBUG] [CONF] [MAKOL_M (ID: 1)] mtow: 0
[2026-09-28 10:08:01] [DEBUG] [CONF] [MAKOL_M (ID: 1)] rule: 
[2026-09-28 10:08:01] [DEBUG] [CONF] [MAKOL_M (ID: 1)] area: EAST
[2026-09-28 10:08:01] [DEBUG] [CONF] [MAKOL_M (ID: 1)] lvp: -1
[2026-09-28 10:08:01] [DEBUG] [CONF] [MAKOL_M (ID: 1)] timeFrom: -1
[2026-09-28 10:08:01] [DEBUG] [CONF] [MAKOL_M (ID: 1)] timeTo: -1
[2026-09-28 10:08:01] [DEBUG] [CONF] [MAKOL_M (ID: 2)] wpt: MAKOL
[2026-09-28 10:08:01] [DEBUG] [CONF] [MAKOL_M (ID: 2)] rwys: 09
[2026-09-28 10:08:01] [DEBUG] [CONF] [MAKOL_M (ID: 2)] equip: NON-RNAV allowed FALSE
[2026-09-28 10:08:01] [DEBUG] [CONF] [MAKOL_M (ID: 2)] equip: RNAV allowed TRUE
[2026-09-28 10:08:01] [DEBUG] [CONF] [MAKOL_M (ID: 2)] initialClimb: 6000
[2026-09-28 10:08:01] [DEBUG] [CONF] [MAKOL_M (ID: 2)] climb via: FALSE
[2026-09-28 10:08:01] [DEBUG] [CONF] [MAKOL_M (ID: 2)] prio: 36
[2026-09-28 10:08:01] [DEBUG] [CONF] [MAKOL_M (ID: 2)] pilotfiled: FALSE
[2026-09-28 10:08:01] [DEBUG] [CONF] [MAKOL_M (ID: 2)] actDepRwy: allow - all - 
[2026-09-28 10:08:01] [DEBUG] [CONF] [MAKOL_M (ID: 2)] actDepRwy: allow - any - 16L,16R,17L,17R,18
[2026-09-28 10:08:01] [DEBUG] [CONF] [MAKOL_M (ID: 2)] wtc: 
[2026-09-28 10:08:01] [DEBUG] [CONF] [MAKOL_M (ID: 2)] engType: 
[2026-09-28 10:08:01] [DEBUG] [CONF] [MAKOL_M (ID: 2)] wingType: LSAT
[2026-09-28 10:08:01] [DEBUG] [CONF] [MAKOL_M (ID: 2)] engCount: 0
[2026-09-28 10:08:01] [DEBUG] [CONF] [MAKOL_M (ID: 2)] mtow: 0
[2026-09-28 10:08:01] [DEBUG] [CONF] [MAKOL_M (ID: 2)] rule: 
[2026-09-28 10:08:01] [DEBUG] [CONF] [MAKOL_M (ID: 2)] area: 
[2026-09-28 10:08:01] [DEBUG] [CONF] [MAKOL_M (ID: 2)] lvp: -1
[2026-09-28 10:08:01] [DEBUG] [CONF] [MAKOL_M (ID: 2)] timeFrom: -1
[2026-09-28 10:08:01] [DEBUG] [CONF] [MAKOL_M (ID: 2)] timeTo: -1
[2026-09-28 10:08:01] [DEBUG] [CONF] [MAKOL_M (ID: 3)] wpt: MAKOL
[2026-09-28 10:08:01] [DEBUG] [CONF] [MAKOL_M (ID: 3)] rwys: 09
[2026-09-28 10:08:01] [DEBUG] [CONF] [MAKOL_M (ID: 3)] equip: NON-RNAV allowed FALSE
[2026-09-28 10:08:01] [DEBUG] [CONF] [MAKOL_M (ID: 3)] equip: RNAV allowed TRUE
[2026-09-28 10:08:01] [DEBUG] [CONF] [MAKOL_M (ID: 3)] initialClimb: 6000
[2026-09-28 10:08:01] [DEBUG] [CONF] [MAKOL_M (ID: 3)] climb via: FALSE
[2026-09-28 10:08:01] [DEBUG] [CONF] [MAKOL_M (ID: 3)] prio: 40
[2026-09-28 10:08:01] [DEBUG] [CONF] [MAKOL_M (ID: 3)] pilotfiled: FALSE
[2026-09-28 10:08:01] [DEBUG] [CONF] [MAKOL_M (ID: 3)] actDepRwy: deny - all - 
[2026-09-28 10:08:01] [DEBUG] [CONF] [MAKOL_M (ID: 3)] actDepRwy: deny - any - 16L,16R,17L,17R,18,34L,34R,35L,35R,36
[2026-09-28 10:08:01] [DEBUG] [CONF] [MAKOL_M (ID: 3)] wtc: 
[2026-09-28 10:08:01] [DEBUG] [CONF] [MAKOL_M (ID: 3)] engType: 
[2026-09-28 10:08:01] [DEBUG] [CONF] [MAKOL_M (ID: 3)] wingType: LSAT
[2026-09-28 10:08:01] [DEBUG] [CONF] [MAKOL_M (ID: 3)] engCount: 0
[2026-09-28 10:08:01] [DEBUG] [CONF] [MAKOL_M (ID: 3)] mtow: 0
[2026-09-28 10:08:01] [DEBUG] [CONF] [MAKOL_M (ID: 3)] rule: 
[2026-09-28 10:08:01] [DEBUG] [CONF] [MAKOL_M (ID: 3)] area: 
[2026-09-28 10:08:01] [DEBUG] [CONF] [MAKOL_M (ID: 3)] lvp: -1
[2026-09-28 10:08:01] [DEBUG] [CONF] [MAKOL_M (ID: 3)] timeFrom: -1
[2026-09-28 10:08:01] [DEBUG] [CONF] [MAKOL_M (ID: 3)] timeTo: -1
[2026-09-28 10:08:01] [DEBUG] [CONF] [MAKOL_C (ID: 1)] wpt: MAKOL
[2026-09-28 10:08:01] [DEBUG] [CONF] [MAKOL_C (ID: 1)] rwys: 34L,34R
[2026-09-28 10:08:01] [DEBUG] [CONF] [MAKOL_C (ID: 1)] equip: NON-RNAV allowed FALSE
[2026-09-28 10:08:01] [DEBUG] [CONF] [MAKOL_C (ID: 1)] equip: RNAV allowed TRUE
[2026-09-28 10:08:01] [DEBUG] [CONF] [MAKOL_C (ID: 1)] initialClimb: 4000
[2026-09-28 10:08:01] [DEBUG] [CONF] [MAKOL_C (ID: 1)] climb via: FALSE
[2026-09-28 10:08:01] [DEBUG] [CONF] [MAKOL_C (ID: 1)] prio: 15
[2026-09-28 10:08:01] [DEBUG] [CONF] [MAKOL_C (ID: 1)] pilotfiled: FALSE
[2026-09-28 10:08:01] [DEBUG] [CONF] [MAKOL_C (ID: 1)] actDepRwy: deny - all - 
[2026-09-28 10:08:01] [DEBUG] [CONF] [MAKOL_C (ID: 1)] actDepRwy: deny - any - 35L,35R
[2026-09-28 10:08:01] [DEBUG] [CONF] [MAKOL_C (ID: 1)] wtc: 
[2026-09-28 10:08:01] [DEBUG] [CONF] [MAKOL_C (ID: 1)] engType: 
[2026-09-28 10:08:01] [DEBUG] [CONF] [MAKOL_C (ID: 1)] wingType: LSAT
[2026-09-28 10:08:01] [DEBUG] [CONF] [MAKOL_C (ID: 1)] engCount: 0
[2026-09-28 10:08:01] [DEBUG] [CONF] [MAKOL_C (ID: 1)] mtow: 0
[2026-09-28 10:08:01] [DEBUG] [CONF] [MAKOL_C (ID: 1)] rule: 
[2026-09-28 10:08:01] [DEBUG] [CONF] [MAKOL_C (ID: 1)] area: 
[2026-09-28 10:08:01] [DEBUG] [CONF] [MAKOL_C (ID: 1)] lvp: -1
[2026-09-28 10:08:01] [DEBUG] [CONF] [MAKOL_C (ID: 1)] timeFrom: -1
[2026-09-28 10:08:01] [DEBUG] [CONF] [MAKOL_C (ID: 1)] timeTo: -1
[2026-09-28 10:08:01] [DEBUG] [CONF] [MAKOL_D (ID: 1)] wpt: MAKOL
[2026-09-28 10:08:01] [DEBUG] [CONF] [MAKOL_D (ID: 1)] rwys: 35L,35R
[2026-09-28 10:08:01] [DEBUG] [CONF] [MAKOL_D (ID: 1)] equip: NON-RNAV allowed FALSE
[2026-09-28 10:08:01] [DEBUG] [CONF] [MAKOL_D (ID: 1)] equip: RNAV allowed TRUE
[2026-09-28 10:08:01] [DEBUG] [CONF] [MAKOL_D (ID: 1)] initialClimb: 5000
[2026-09-28 10:08:01] [DEBUG] [CONF] [MAKOL_D (ID: 1)] climb via: FALSE
[2026-09-28 10:08:01] [DEBUG] [CONF] [MAKOL_D (ID: 1)] prio: 15
[2026-09-28 10:08:01] [DEBUG] [CONF] [MAKOL_D (ID: 1)] pilotfiled: FALSE
[2026-09-28 10:08:01] [DEBUG] [CONF] [MAKOL_D (ID: 1)] wtc: 
[2026-09-28 10:08:01] [DEBUG] [CONF] [MAKOL_D (ID: 1)] engType: 
[2026-09-28 10:08:01] [DEBUG] [CONF] [MAKOL_D (ID: 1)] wingType: LSAT
[2026-09-28 10:08:01] [DEBUG] [CONF] [MAKOL_D (ID: 1)] engCount: 0
[2026-09-28 10:08:01] [DEBUG] [CONF] [MAKOL_D (ID: 1)] mtow: 0
[2026-09-28 10:08:01] [DEBUG] [CONF] [MAKOL_D (ID: 1)] rule: 
[2026-09-28 10:08:01] [DEBUG] [CONF] [MAKOL_D (ID: 1)] area: 
[2026-09-28 10:08:01] [DEBUG] [CONF] [MAKOL_D (ID: 1)] lvp: -1
[2026-09-28 10:08:01] [DEBUG] [CONF] [MAKOL_D (ID: 1)] timeFrom: -1
[2026-09-28 10:08:01] [DEBUG] [CONF] [MAKOL_D (ID: 1)] timeTo: -1
[2026-09-28 10:08:01] [DEBUG] [CONF] [MAKOL_E (ID: 1)] wpt: MAKOL
[2026-09-28 10:08:01] [DEBUG] [CONF] [MAKOL_E (ID: 1)] rwys: 36
[2026-09-28 10:08:01] [DEBUG] [CONF] [MAKOL_E (ID: 1)] equip: NON-RNAV allowed FALSE
[2026-09-28 10:08:01] [DEBUG] [CONF] [MAKOL_E (ID: 1)] equip: RNAV allowed TRUE
[2026-09-28 10:08:01] [DEBUG] [CONF] [MAKOL_E (ID: 1)] initialClimb: 8000
[2026-09-28 10:08:01] [DEBUG] [CONF] [MAKOL_E (ID: 1)] climb via: FALSE
[2026-09-28 10:08:01] [DEBUG] [CONF] [MAKOL_E (ID: 1)] prio: 4
[2026-09-28 10:08:01] [DEBUG] [CONF] [MAKOL_E (ID: 1)] pilotfiled: FALSE
[2026-09-28 10:08:01] [DEBUG] [CONF] [MAKOL_E (ID: 1)] wtc: 
[2026-09-28 10:08:01] [DEBUG] [CONF] [MAKOL_E (ID: 1)] engType: 
[2026-09-28 10:08:01] [DEBUG] [CONF] [MAKOL_E (ID: 1)] wingType: LSAT
[2026-09-28 10:08:01] [DEBUG] [CONF] [MAKOL_E (ID: 1)] engCount: 0
[2026-09-28 10:08:01] [DEBUG] [CONF] [MAKOL_E (ID: 1)] mtow: 0
[2026-09-28 10:08:01] [DEBUG] [CONF] [MAKOL_E (ID: 1)] rule: 
[2026-09-28 10:08:01] [DEBUG] [CONF] [MAKOL_E (ID: 1)] area: EAST
[2026-09-28 10:08:01] [DEBUG] [CONF] [MAKOL_E (ID: 1)] lvp: -1
[2026-09-28 10:08:01] [DEBUG] [CONF] [MAKOL_E (ID: 1)] timeFrom: -1
[2026-09-28 10:08:01] [DEBUG] [CONF] [MAKOL_E (ID: 1)] timeTo: -1
[2026-09-28 10:08:01] [DEBUG] [CONF] [MAKOL_E (ID: 2)] wpt: MAKOL
[2026-09-28 10:08:01] [DEBUG] [CONF] [MAKOL_E (ID: 2)] rwys: 36
[2026-09-28 10:08:01] [DEBUG] [CONF] [MAKOL_E (ID: 2)] equip: NON-RNAV allowed FALSE
[2026-09-28 10:08:01] [DEBUG] [CONF] [MAKOL_E (ID: 2)] equip: RNAV allowed TRUE
[2026-09-28 10:08:01] [DEBUG] [CONF] [MAKOL_E (ID: 2)] initialClimb: 8000
[2026-09-28 10:08:01] [DEBUG] [CONF] [MAKOL_E (ID: 2)] climb via: FALSE
[2026-09-28 10:08:01] [DEBUG] [CONF] [MAKOL_E (ID: 2)] prio: 38
[2026-09-28 10:08:01] [DEBUG] [CONF] [MAKOL_E (ID: 2)] pilotfiled: FALSE
[2026-09-28 10:08:01] [DEBUG] [CONF] [MAKOL_E (ID: 2)] wtc: 
[2026-09-28 10:08:01] [DEBUG] [CONF] [MAKOL_E (ID: 2)] engType: 
[2026-09-28 10:08:01] [DEBUG] [CONF] [MAKOL_E (ID: 2)] wingType: LSAT
[2026-09-28 10:08:01] [DEBUG] [CONF] [MAKOL_E (ID: 2)] engCount: 0
[2026-09-28 10:08:01] [DEBUG] [CONF] [MAKOL_E (ID: 2)] mtow: 0
[2026-09-28 10:08:01] [DEBUG] [CONF] [MAKOL_E (ID: 2)] rule: 
[2026-09-28 10:08:01] [DEBUG] [CONF] [MAKOL_E (ID: 2)] area: 
[2026-09-28 10:08:01] [DEBUG] [CONF] [MAKOL_E (ID: 2)] lvp: -1
[2026-09-28 10:08:01] [DEBUG] [CONF] [MAKOL_E (ID: 2)] timeFrom: -1
[2026-09-28 10:08:01] [DEBUG] [CONF] [MAKOL_E (ID: 2)] timeTo: -1
[2026-09-28 10:08:01] [DEBUG] [CONF] [MAKOL_F (ID: 1)] wpt: MAKOL
[2026-09-28 10:08:01] [DEBUG] [CONF] [MAKOL_F (ID: 1)] rwys: 16L,16R
[2026-09-28 10:08:01] [DEBUG] [CONF] [MAKOL_F (ID: 1)] equip: NON-RNAV allowed FALSE
[2026-09-28 10:08:01] [DEBUG] [CONF] [MAKOL_F (ID: 1)] equip: RNAV allowed TRUE
[2026-09-28 10:08:01] [DEBUG] [CONF] [MAKOL_F (ID: 1)] initialClimb: 4000
[2026-09-28 10:08:01] [DEBUG] [CONF] [MAKOL_F (ID: 1)] climb via: FALSE
[2026-09-28 10:08:01] [DEBUG] [CONF] [MAKOL_F (ID: 1)] prio: 15
[2026-09-28 10:08:01] [DEBUG] [CONF] [MAKOL_F (ID: 1)] pilotfiled: FALSE
[2026-09-28 10:08:01] [DEBUG] [CONF] [MAKOL_F (ID: 1)] wtc: 
[2026-09-28 10:08:01] [DEBUG] [CONF] [MAKOL_F (ID: 1)] engType: 
[2026-09-28 10:08:01] [DEBUG] [CONF] [MAKOL_F (ID: 1)] wingType: LSAT
[2026-09-28 10:08:01] [DEBUG] [CONF] [MAKOL_F (ID: 1)] engCount: 0
[2026-09-28 10:08:01] [DEBUG] [CONF] [MAKOL_F (ID: 1)] mtow: 0
[2026-09-28 10:08:01] [DEBUG] [CONF] [MAKOL_F (ID: 1)] rule: 
[2026-09-28 10:08:01] [DEBUG] [CONF] [MAKOL_F (ID: 1)] area: 
[2026-09-28 10:08:01] [DEBUG] [CONF] [MAKOL_F (ID: 1)] lvp: -1
[2026-09-28 10:08:01] [DEBUG] [CONF] [MAKOL_F (ID: 1)] timeFrom: -1
[2026-09-28 10:08:01] [DEBUG] [CONF] [MAKOL_F (ID: 1)] timeTo: -1
[2026-09-28 10:08:01] [DEBUG] [CONF] [MAKOL_G (ID: 1)] wpt: MAKOL
[2026-09-28 10:08:01] [DEBUG] [CONF] [MAKOL_G (ID: 1)] rwys: 17L,17R
[2026-09-28 10:08:01] [DEBUG] [CONF] [MAKOL_G (ID: 1)] equip: NON-RNAV allowed FALSE
[2026-09-28 10:08:01] [DEBUG] [CONF] [MAKOL_G (ID: 1)] equip: RNAV allowed TRUE
[2026-09-28 10:08:01] [DEBUG] [CONF] [MAKOL_G (ID: 1)] initialClimb: 5000
[2026-09-28 10:08:01] [DEBUG] [CONF] [MAKOL_G (ID: 1)] climb via: FALSE
[2026-09-28 10:08:01] [DEBUG] [CONF] [MAKOL_G (ID: 1)] prio: 15
[2026-09-28 10:08:01] [DEBUG] [CONF] [MAKOL_G (ID: 1)] pilotfiled: FALSE
[2026-09-28 10:08:01] [DEBUG] [CONF] [MAKOL_G (ID: 1)] actDepRwy: deny - all - 
[2026-09-28 10:08:01] [DEBUG] [CONF] [MAKOL_G (ID: 1)] actDepRwy: deny - any - 16L,16R
[2026-09-28 10:08:01] [DEBUG] [CONF] [MAKOL_G (ID: 1)] wtc: 
[2026-09-28 10:08:01] [DEBUG] [CONF] [MAKOL_G (ID: 1)] engType: 
[2026-09-28 10:08:01] [DEBUG] [CONF] [MAKOL_G (ID: 1)] wingType: LSAT
[2026-09-28 10:08:01] [DEBUG] [CONF] [MAKOL_G (ID: 1)] engCount: 0
[2026-09-28 10:08:01] [DEBUG] [CONF] [MAKOL_G (ID: 1)] mtow: 0
[2026-09-28 10:08:01] [DEBUG] [CONF] [MAKOL_G (ID: 1)] rule: 
[2026-09-28 10:08:01] [DEBUG] [CONF] [MAKOL_G (ID: 1)] area: 
[2026-09-28 10:08:01] [DEBUG] [CONF] [MAKOL_G (ID: 1)] lvp: -1
[2026-09-28 10:08:01] [DEBUG] [CONF] [MAKOL_G (ID: 1)] timeFrom: -1
[2026-09-28 10:08:01] [DEBUG] [CONF] [MAKOL_G (ID: 1)] timeTo: -1
[2026-09-28 10:08:01] [DEBUG] [CONF] [MAKOL_H (ID: 1)] wpt: MAKOL
[2026-09-28 10:08:01] [DEBUG] [CONF] [MAKOL_H (ID: 1)] rwys: 18
[2026-09-28 10:08:01] [DEBUG] [CONF] [MAKOL_H (ID: 1)] equip: NON-RNAV allowed FALSE
[2026-09-28 10:08:01] [DEBUG] [CONF] [MAKOL_H (ID: 1)] equip: RNAV allowed TRUE
[2026-09-28 10:08:01] [DEBUG] [CONF] [MAKOL_H (ID: 1)] initialClimb: 8000
[2026-09-28 10:08:01] [DEBUG] [CONF] [MAKOL_H (ID: 1)] climb via: FALSE
[2026-09-28 10:08:01] [DEBUG] [CONF] [MAKOL_H (ID: 1)] prio: 4
[2026-09-28 10:08:01] [DEBUG] [CONF] [MAKOL_H (ID: 1)] pilotfiled: FALSE
[2026-09-28 10:08:01] [DEBUG] [CONF] [MAKOL_H (ID: 1)] actDepRwy: deny - all - 
[2026-09-28 10:08:01] [DEBUG] [CONF] [MAKOL_H (ID: 1)] actDepRwy: deny - any - 09
[2026-09-28 10:08:01] [DEBUG] [CONF] [MAKOL_H (ID: 1)] wtc: 
[2026-09-28 10:08:01] [DEBUG] [CONF] [MAKOL_H (ID: 1)] engType: 
[2026-09-28 10:08:01] [DEBUG] [CONF] [MAKOL_H (ID: 1)] wingType: LSAT
[2026-09-28 10:08:01] [DEBUG] [CONF] [MAKOL_H (ID: 1)] engCount: 0
[2026-09-28 10:08:01] [DEBUG] [CONF] [MAKOL_H (ID: 1)] mtow: 0
[2026-09-28 10:08:01] [DEBUG] [CONF] [MAKOL_H (ID: 1)] rule: 
[2026-09-28 10:08:01] [DEBUG] [CONF] [MAKOL_H (ID: 1)] area: EAST
[2026-09-28 10:08:01] [DEBUG] [CONF] [MAKOL_H (ID: 1)] lvp: -1
[2026-09-28 10:08:01] [DEBUG] [CONF] [MAKOL_H (ID: 1)] timeFrom: -1
[2026-09-28 10:08:01] [DEBUG] [CONF] [MAKOL_H (ID: 1)] timeTo: -1
[2026-09-28 10:08:01] [DEBUG] [CONF] [MAKOL_H (ID: 2)] wpt: MAKOL
[2026-09-28 10:08:01] [DEBUG] [CONF] [MAKOL_H (ID: 2)] rwys: 18
[2026-09-28 10:08:01] [DEBUG] [CONF] [MAKOL_H (ID: 2)] equip: NON-RNAV allowed FALSE
[2026-09-28 10:08:01] [DEBUG] [CONF] [MAKOL_H (ID: 2)] equip: RNAV allowed TRUE
[2026-09-28 10:08:01] [DEBUG] [CONF] [MAKOL_H (ID: 2)] initialClimb: 8000
[2026-09-28 10:08:01] [DEBUG] [CONF] [MAKOL_H (ID: 2)] climb via: FALSE
[2026-09-28 10:08:01] [DEBUG] [CONF] [MAKOL_H (ID: 2)] prio: 38
[2026-09-28 10:08:01] [DEBUG] [CONF] [MAKOL_H (ID: 2)] pilotfiled: FALSE
[2026-09-28 10:08:01] [DEBUG] [CONF] [MAKOL_H (ID: 2)] actDepRwy: deny - all - 
[2026-09-28 10:08:01] [DEBUG] [CONF] [MAKOL_H (ID: 2)] actDepRwy: deny - any - 09
[2026-09-28 10:08:01] [DEBUG] [CONF] [MAKOL_H (ID: 2)] wtc: 
[2026-09-28 10:08:01] [DEBUG] [CONF] [MAKOL_H (ID: 2)] engType: 
[2026-09-28 10:08:01] [DEBUG] [CONF] [MAKOL_H (ID: 2)] wingType: LSAT
[2026-09-28 10:08:01] [DEBUG] [CONF] [MAKOL_H (ID: 2)] engCount: 0
[2026-09-28 10:08:01] [DEBUG] [CONF] [MAKOL_H (ID: 2)] mtow: 0
[2026-09-28 10:08:01] [DEBUG] [CONF] [MAKOL_H (ID: 2)] rule: 
[2026-09-28 10:08:01] [DEBUG] [CONF] [MAKOL_H (ID: 2)] area: 
[2026-09-28 10:08:01] [DEBUG] [CONF] [MAKOL_H (ID: 2)] lvp: -1
[2026-09-28 10:08:01] [DEBUG] [CONF] [MAKOL_H (ID: 2)] timeFrom: -1
[2026-09-28 10:08:01] [DEBUG] [CONF] [MAKOL_H (ID: 2)] timeTo: -1
[2026-09-28 10:08:01] [DEBUG] [CONF] [RATVU_L (ID: 1)] wpt: RATVU
[2026-09-28 10:08:01] [DEBUG] [CONF] [RATVU_L (ID: 1)] rwys: 09
[2026-09-28 10:08:01] [DEBUG] [CONF] [RATVU_L (ID: 1)] equip: NON-RNAV allowed FALSE
[2026-09-28 10:08:01] [DEBUG] [CONF] [RATVU_L (ID: 1)] equip: RNAV allowed TRUE
[2026-09-28 10:08:01] [DEBUG] [CONF] [RATVU_L (ID: 1)] initialClimb: 6000
[2026-09-28 10:08:01] [DEBUG] [CONF] [RATVU_L (ID: 1)] climb via: FALSE
[2026-09-28 10:08:01] [DEBUG] [CONF] [RATVU_L (ID: 1)] prio: 3
[2026-09-28 10:08:01] [DEBUG] [CONF] [RATVU_L (ID: 1)] pilotfiled: FALSE
[2026-09-28 10:08:01] [DEBUG] [CONF] [RATVU_L (ID: 1)] actDepRwy: allow - all - 
[2026-09-28 10:08:01] [DEBUG] [CONF] [RATVU_L (ID: 1)] actDepRwy: allow - any - 34L,34R,35L,35R,36
[2026-09-28 10:08:01] [DEBUG] [CONF] [RATVU_L (ID: 1)] wtc: 
[2026-09-28 10:08:01] [DEBUG] [CONF] [RATVU_L (ID: 1)] engType: 
[2026-09-28 10:08:01] [DEBUG] [CONF] [RATVU_L (ID: 1)] wingType: LSAT
[2026-09-28 10:08:01] [DEBUG] [CONF] [RATVU_L (ID: 1)] engCount: 0
[2026-09-28 10:08:01] [DEBUG] [CONF] [RATVU_L (ID: 1)] mtow: 0
[2026-09-28 10:08:01] [DEBUG] [CONF] [RATVU_L (ID: 1)] rule: 
[2026-09-28 10:08:01] [DEBUG] [CONF] [RATVU_L (ID: 1)] area: EAST
[2026-09-28 10:08:01] [DEBUG] [CONF] [RATVU_L (ID: 1)] lvp: -1
[2026-09-28 10:08:01] [DEBUG] [CONF] [RATVU_L (ID: 1)] timeFrom: -1
[2026-09-28 10:08:01] [DEBUG] [CONF] [RATVU_L (ID: 1)] timeTo: -1
[2026-09-28 10:08:01] [DEBUG] [CONF] [RATVU_L (ID: 2)] wpt: RATVU
[2026-09-28 10:08:01] [DEBUG] [CONF] [RATVU_L (ID: 2)] rwys: 09
[2026-09-28 10:08:01] [DEBUG] [CONF] [RATVU_L (ID: 2)] equip: NON-RNAV allowed FALSE
[2026-09-28 10:08:01] [DEBUG] [CONF] [RATVU_L (ID: 2)] equip: RNAV allowed TRUE
[2026-09-28 10:08:01] [DEBUG] [CONF] [RATVU_L (ID: 2)] initialClimb: 6000
[2026-09-28 10:08:01] [DEBUG] [CONF] [RATVU_L (ID: 2)] climb via: FALSE
[2026-09-28 10:08:01] [DEBUG] [CONF] [RATVU_L (ID: 2)] prio: 36
[2026-09-28 10:08:01] [DEBUG] [CONF] [RATVU_L (ID: 2)] pilotfiled: FALSE
[2026-09-28 10:08:01] [DEBUG] [CONF] [RATVU_L (ID: 2)] actDepRwy: allow - all - 
[2026-09-28 10:08:01] [DEBUG] [CONF] [RATVU_L (ID: 2)] actDepRwy: allow - any - 34L,34R,35L,35R,36
[2026-09-28 10:08:01] [DEBUG] [CONF] [RATVU_L (ID: 2)] wtc: 
[2026-09-28 10:08:01] [DEBUG] [CONF] [RATVU_L (ID: 2)] engType: 
[2026-09-28 10:08:01] [DEBUG] [CONF] [RATVU_L (ID: 2)] wingType: LSAT
[2026-09-28 10:08:01] [DEBUG] [CONF] [RATVU_L (ID: 2)] engCount: 0
[2026-09-28 10:08:01] [DEBUG] [CONF] [RATVU_L (ID: 2)] mtow: 0
[2026-09-28 10:08:01] [DEBUG] [CONF] [RATVU_L (ID: 2)] rule: 
[2026-09-28 10:08:01] [DEBUG] [CONF] [RATVU_L (ID: 2)] area: 
[2026-09-28 10:08:01] [DEBUG] [CONF] [RATVU_L (ID: 2)] lvp: -1
[2026-09-28 10:08:01] [DEBUG] [CONF] [RATVU_L (ID: 2)] timeFrom: -1
[2026-09-28 10:08:01] [DEBUG] [CONF] [RATVU_L (ID: 2)] timeTo: -1
[2026-09-28 10:08:01] [DEBUG] [CONF] [RATVU_M (ID: 1)] wpt: RATVU
[2026-09-28 10:08:01] [DEBUG] [CONF] [RATVU_M (ID: 1)] rwys: 09
[2026-09-28 10:08:01] [DEBUG] [CONF] [RATVU_M (ID: 1)] equip: NON-RNAV allowed FALSE
[2026-09-28 10:08:01] [DEBUG] [CONF] [RATVU_M (ID: 1)] equip: RNAV allowed TRUE
[2026-09-28 10:08:01] [DEBUG] [CONF] [RATVU_M (ID: 1)] initialClimb: 6000
[2026-09-28 10:08:01] [DEBUG] [CONF] [RATVU_M (ID: 1)] climb via: FALSE
[2026-09-28 10:08:01] [DEBUG] [CONF] [RATVU_M (ID: 1)] prio: 3
[2026-09-28 10:08:01] [DEBUG] [CONF] [RATVU_M (ID: 1)] pilotfiled: FALSE
[2026-09-28 10:08:01] [DEBUG] [CONF] [RATVU_M (ID: 1)] actDepRwy: allow - all - 
[2026-09-28 10:08:01] [DEBUG] [CONF] [RATVU_M (ID: 1)] actDepRwy: allow - any - 16L,16R,17L,17R
[2026-09-28 10:08:01] [DEBUG] [CONF] [RATVU_M (ID: 1)] actDepRwy: deny - all - 
[2026-09-28 10:08:01] [DEBUG] [CONF] [RATVU_M (ID: 1)] actDepRwy: deny - any - 18
[2026-09-28 10:08:01] [DEBUG] [CONF] [RATVU_M (ID: 1)] wtc: 
[2026-09-28 10:08:01] [DEBUG] [CONF] [RATVU_M (ID: 1)] engType: 
[2026-09-28 10:08:01] [DEBUG] [CONF] [RATVU_M (ID: 1)] wingType: LSAT
[2026-09-28 10:08:01] [DEBUG] [CONF] [RATVU_M (ID: 1)] engCount: 0
[2026-09-28 10:08:01] [DEBUG] [CONF] [RATVU_M (ID: 1)] mtow: 0
[2026-09-28 10:08:01] [DEBUG] [CONF] [RATVU_M (ID: 1)] rule: 
[2026-09-28 10:08:01] [DEBUG] [CONF] [RATVU_M (ID: 1)] area: EAST
[2026-09-28 10:08:01] [DEBUG] [CONF] [RATVU_M (ID: 1)] lvp: -1
[2026-09-28 10:08:01] [DEBUG] [CONF] [RATVU_M (ID: 1)] timeFrom: -1
[2026-09-28 10:08:01] [DEBUG] [CONF] [RATVU_M (ID: 1)] timeTo: -1
[2026-09-28 10:08:01] [DEBUG] [CONF] [RATVU_M (ID: 2)] wpt: RATVU
[2026-09-28 10:08:01] [DEBUG] [CONF] [RATVU_M (ID: 2)] rwys: 09
[2026-09-28 10:08:01] [DEBUG] [CONF] [RATVU_M (ID: 2)] equip: NON-RNAV allowed FALSE
[2026-09-28 10:08:01] [DEBUG] [CONF] [RATVU_M (ID: 2)] equip: RNAV allowed TRUE
[2026-09-28 10:08:01] [DEBUG] [CONF] [RATVU_M (ID: 2)] initialClimb: 6000
[2026-09-28 10:08:01] [DEBUG] [CONF] [RATVU_M (ID: 2)] climb via: FALSE
[2026-09-28 10:08:01] [DEBUG] [CONF] [RATVU_M (ID: 2)] prio: 36
[2026-09-28 10:08:01] [DEBUG] [CONF] [RATVU_M (ID: 2)] pilotfiled: FALSE
[2026-09-28 10:08:01] [DEBUG] [CONF] [RATVU_M (ID: 2)] actDepRwy: allow - all - 
[2026-09-28 10:08:01] [DEBUG] [CONF] [RATVU_M (ID: 2)] actDepRwy: allow - any - 16L,16R,17L,17R
[2026-09-28 10:08:01] [DEBUG] [CONF] [RATVU_M (ID: 2)] actDepRwy: deny - all - 
[2026-09-28 10:08:01] [DEBUG] [CONF] [RATVU_M (ID: 2)] actDepRwy: deny - any - 18
[2026-09-28 10:08:01] [DEBUG] [CONF] [RATVU_M (ID: 2)] wtc: 
[2026-09-28 10:08:01] [DEBUG] [CONF] [RATVU_M (ID: 2)] engType: 
[2026-09-28 10:08:01] [DEBUG] [CONF] [RATVU_M (ID: 2)] wingType: LSAT
[2026-09-28 10:08:01] [DEBUG] [CONF] [RATVU_M (ID: 2)] engCount: 0
[2026-09-28 10:08:01] [DEBUG] [CONF] [RATVU_M (ID: 2)] mtow: 0
[2026-09-28 10:08:01] [DEBUG] [CONF] [RATVU_M (ID: 2)] rule: 
[2026-09-28 10:08:01] [DEBUG] [CONF] [RATVU_M (ID: 2)] area: 
[2026-09-28 10:08:01] [DEBUG] [CONF] [RATVU_M (ID: 2)] lvp: -1
[2026-09-28 10:08:01] [DEBUG] [CONF] [RATVU_M (ID: 2)] timeFrom: -1
[2026-09-28 10:08:01] [DEBUG] [CONF] [RATVU_M (ID: 2)] timeTo: -1
[2026-09-28 10:08:01] [DEBUG] [CONF] [RATVU_M (ID: 3)] wpt: RATVU
[2026-09-28 10:08:01] [DEBUG] [CONF] [RATVU_M (ID: 3)] rwys: 09
[2026-09-28 10:08:01] [DEBUG] [CONF] [RATVU_M (ID: 3)] equip: NON-RNAV allowed FALSE
[2026-09-28 10:08:01] [DEBUG] [CONF] [RATVU_M (ID: 3)] equip: RNAV allowed TRUE
[2026-09-28 10:08:01] [DEBUG] [CONF] [RATVU_M (ID: 3)] initialClimb: 6000
[2026-09-28 10:08:01] [DEBUG] [CONF] [RATVU_M (ID: 3)] climb via: FALSE
[2026-09-28 10:08:01] [DEBUG] [CONF] [RATVU_M (ID: 3)] prio: 40
[2026-09-28 10:08:01] [DEBUG] [CONF] [RATVU_M (ID: 3)] pilotfiled: FALSE
[2026-09-28 10:08:01] [DEBUG] [CONF] [RATVU_M (ID: 3)] actDepRwy: deny - all - 
[2026-09-28 10:08:01] [DEBUG] [CONF] [RATVU_M (ID: 3)] actDepRwy: deny - any - 16L,16R,17L,17R,18,34L,34R,35L,35R,36
[2026-09-28 10:08:01] [DEBUG] [CONF] [RATVU_M (ID: 3)] wtc: 
[2026-09-28 10:08:01] [DEBUG] [CONF] [RATVU_M (ID: 3)] engType: 
[2026-09-28 10:08:01] [DEBUG] [CONF] [RATVU_M (ID: 3)] wingType: LSAT
[2026-09-28 10:08:01] [DEBUG] [CONF] [RATVU_M (ID: 3)] engCount: 0
[2026-09-28 10:08:01] [DEBUG] [CONF] [RATVU_M (ID: 3)] mtow: 0
[2026-09-28 10:08:01] [DEBUG] [CONF] [RATVU_M (ID: 3)] rule: 
[2026-09-28 10:08:01] [DEBUG] [CONF] [RATVU_M (ID: 3)] area: 
[2026-09-28 10:08:01] [DEBUG] [CONF] [RATVU_M (ID: 3)] lvp: -1
[2026-09-28 10:08:01] [DEBUG] [CONF] [RATVU_M (ID: 3)] timeFrom: -1
[2026-09-28 10:08:01] [DEBUG] [CONF] [RATVU_M (ID: 3)] timeTo: -1
[2026-09-28 10:08:01] [DEBUG] [CONF] [RATVU_Y (ID: 1)] wpt: RATVU
[2026-09-28 10:08:01] [DEBUG] [CONF] [RATVU_Y (ID: 1)] rwys: 09
[2026-09-28 10:08:01] [DEBUG] [CONF] [RATVU_Y (ID: 1)] equip: NON-RNAV allowed FALSE
[2026-09-28 10:08:01] [DEBUG] [CONF] [RATVU_Y (ID: 1)] equip: RNAV allowed TRUE
[2026-09-28 10:08:01] [DEBUG] [CONF] [RATVU_Y (ID: 1)] initialClimb: 6000
[2026-09-28 10:08:01] [DEBUG] [CONF] [RATVU_Y (ID: 1)] climb via: FALSE
[2026-09-28 10:08:01] [DEBUG] [CONF] [RATVU_Y (ID: 1)] prio: 1
[2026-09-28 10:08:01] [DEBUG] [CONF] [RATVU_Y (ID: 1)] pilotfiled: FALSE
[2026-09-28 10:08:01] [DEBUG] [CONF] [RATVU_Y (ID: 1)] actDepRwy: allow - all - 
[2026-09-28 10:08:01] [DEBUG] [CONF] [RATVU_Y (ID: 1)] actDepRwy: allow - any - 16L,16R,17L,17R
[2026-09-28 10:08:01] [DEBUG] [CONF] [RATVU_Y (ID: 1)] actDepRwy: deny - all - 
[2026-09-28 10:08:01] [DEBUG] [CONF] [RATVU_Y (ID: 1)] actDepRwy: deny - any - 18
[2026-09-28 10:08:01] [DEBUG] [CONF] [RATVU_Y (ID: 1)] wtc: 
[2026-09-28 10:08:01] [DEBUG] [CONF] [RATVU_Y (ID: 1)] engType: 
[2026-09-28 10:08:01] [DEBUG] [CONF] [RATVU_Y (ID: 1)] wingType: LSAT
[2026-09-28 10:08:01] [DEBUG] [CONF] [RATVU_Y (ID: 1)] engCount: 0
[2026-09-28 10:08:01] [DEBUG] [CONF] [RATVU_Y (ID: 1)] mtow: 0
[2026-09-28 10:08:01] [DEBUG] [CONF] [RATVU_Y (ID: 1)] rule: OPPOSITE
[2026-09-28 10:08:01] [DEBUG] [CONF] [RATVU_Y (ID: 1)] area: EAST
[2026-09-28 10:08:01] [DEBUG] [CONF] [RATVU_Y (ID: 1)] lvp: -1
[2026-09-28 10:08:01] [DEBUG] [CONF] [RATVU_Y (ID: 1)] timeFrom: -1
[2026-09-28 10:08:01] [DEBUG] [CONF] [RATVU_Y (ID: 1)] timeTo: -1
[2026-09-28 10:08:01] [DEBUG] [CONF] [RATVU_Y (ID: 2)] wpt: RATVU
[2026-09-28 10:08:01] [DEBUG] [CONF] [RATVU_Y (ID: 2)] rwys: 09
[2026-09-28 10:08:01] [DEBUG] [CONF] [RATVU_Y (ID: 2)] equip: NON-RNAV allowed FALSE
[2026-09-28 10:08:01] [DEBUG] [CONF] [RATVU_Y (ID: 2)] equip: RNAV allowed TRUE
[2026-09-28 10:08:01] [DEBUG] [CONF] [RATVU_Y (ID: 2)] initialClimb: 6000
[2026-09-28 10:08:01] [DEBUG] [CONF] [RATVU_Y (ID: 2)] climb via: FALSE
[2026-09-28 10:08:01] [DEBUG] [CONF] [RATVU_Y (ID: 2)] prio: 32
[2026-09-28 10:08:01] [DEBUG] [CONF] [RATVU_Y (ID: 2)] pilotfiled: FALSE
[2026-09-28 10:08:01] [DEBUG] [CONF] [RATVU_Y (ID: 2)] actDepRwy: allow - all - 
[2026-09-28 10:08:01] [DEBUG] [CONF] [RATVU_Y (ID: 2)] actDepRwy: allow - any - 16L,16R,17L,17R
[2026-09-28 10:08:01] [DEBUG] [CONF] [RATVU_Y (ID: 2)] actDepRwy: deny - all - 
[2026-09-28 10:08:01] [DEBUG] [CONF] [RATVU_Y (ID: 2)] actDepRwy: deny - any - 18
[2026-09-28 10:08:01] [DEBUG] [CONF] [RATVU_Y (ID: 2)] wtc: 
[2026-09-28 10:08:01] [DEBUG] [CONF] [RATVU_Y (ID: 2)] engType: 
[2026-09-28 10:08:01] [DEBUG] [CONF] [RATVU_Y (ID: 2)] wingType: LSAT
[2026-09-28 10:08:01] [DEBUG] [CONF] [RATVU_Y (ID: 2)] engCount: 0
[2026-09-28 10:08:01] [DEBUG] [CONF] [RATVU_Y (ID: 2)] mtow: 0
[2026-09-28 10:08:01] [DEBUG] [CONF] [RATVU_Y (ID: 2)] rule: OPPOSITE
[2026-09-28 10:08:01] [DEBUG] [CONF] [RATVU_Y (ID: 2)] area: 
[2026-09-28 10:08:01] [DEBUG] [CONF] [RATVU_Y (ID: 2)] lvp: -1
[2026-09-28 10:08:01] [DEBUG] [CONF] [RATVU_Y (ID: 2)] timeFrom: -1
[2026-09-28 10:08:01] [DEBUG] [CONF] [RATVU_Y (ID: 2)] timeTo: -1
[2026-09-28 10:08:01] [DEBUG] [CONF] [RATVU_C (ID: 1)] wpt: RATVU
[2026-09-28 10:08:01] [DEBUG] [CONF] [RATVU_C (ID: 1)] rwys: 34L,34R
[2026-09-28 10:08:01] [DEBUG] [CONF] [RATVU_C (ID: 1)] equip: NON-RNAV allowed FALSE
[2026-09-28 10:08:01] [DEBUG] [CONF] [RATVU_C (ID: 1)] equip: RNAV allowed TRUE
[2026-09-28 10:08:01] [DEBUG] [CONF] [RATVU_C (ID: 1)] initialClimb: 4000
[2026-09-28 10:08:01] [DEBUG] [CONF] [RATVU_C (ID: 1)] climb via: FALSE
[2026-09-28 10:08:01] [DEBUG] [CONF] [RATVU_C (ID: 1)] prio: 15
[2026-09-28 10:08:01] [DEBUG] [CONF] [RATVU_C (ID: 1)] pilotfiled: FALSE
[2026-09-28 10:08:01] [DEBUG] [CONF] [RATVU_C (ID: 1)] wtc: 
[2026-09-28 10:08:01] [DEBUG] [CONF] [RATVU_C (ID: 1)] engType: 
[2026-09-28 10:08:01] [DEBUG] [CONF] [RATVU_C (ID: 1)] wingType: LSAT
[2026-09-28 10:08:01] [DEBUG] [CONF] [RATVU_C (ID: 1)] engCount: 0
[2026-09-28 10:08:01] [DEBUG] [CONF] [RATVU_C (ID: 1)] mtow: 0
[2026-09-28 10:08:01] [DEBUG] [CONF] [RATVU_C (ID: 1)] rule: 
[2026-09-28 10:08:01] [DEBUG] [CONF] [RATVU_C (ID: 1)] area: 
[2026-09-28 10:08:01] [DEBUG] [CONF] [RATVU_C (ID: 1)] lvp: -1
[2026-09-28 10:08:01] [DEBUG] [CONF] [RATVU_C (ID: 1)] timeFrom: -1
[2026-09-28 10:08:01] [DEBUG] [CONF] [RATVU_C (ID: 1)] timeTo: -1
[2026-09-28 10:08:01] [DEBUG] [CONF] [RATVU_D (ID: 1)] wpt: RATVU
[2026-09-28 10:08:01] [DEBUG] [CONF] [RATVU_D (ID: 1)] rwys: 35L,35R
[2026-09-28 10:08:01] [DEBUG] [CONF] [RATVU_D (ID: 1)] equip: NON-RNAV allowed FALSE
[2026-09-28 10:08:01] [DEBUG] [CONF] [RATVU_D (ID: 1)] equip: RNAV allowed TRUE
[2026-09-28 10:08:01] [DEBUG] [CONF] [RATVU_D (ID: 1)] initialClimb: 5000
[2026-09-28 10:08:01] [DEBUG] [CONF] [RATVU_D (ID: 1)] climb via: FALSE
[2026-09-28 10:08:01] [DEBUG] [CONF] [RATVU_D (ID: 1)] prio: 15
[2026-09-28 10:08:01] [DEBUG] [CONF] [RATVU_D (ID: 1)] pilotfiled: FALSE
[2026-09-28 10:08:01] [DEBUG] [CONF] [RATVU_D (ID: 1)] actDepRwy: deny - all - 
[2026-09-28 10:08:01] [DEBUG] [CONF] [RATVU_D (ID: 1)] actDepRwy: deny - any - 34L,34R
[2026-09-28 10:08:01] [DEBUG] [CONF] [RATVU_D (ID: 1)] wtc: 
[2026-09-28 10:08:01] [DEBUG] [CONF] [RATVU_D (ID: 1)] engType: 
[2026-09-28 10:08:01] [DEBUG] [CONF] [RATVU_D (ID: 1)] wingType: LSAT
[2026-09-28 10:08:01] [DEBUG] [CONF] [RATVU_D (ID: 1)] engCount: 0
[2026-09-28 10:08:01] [DEBUG] [CONF] [RATVU_D (ID: 1)] mtow: 0
[2026-09-28 10:08:01] [DEBUG] [CONF] [RATVU_D (ID: 1)] rule: 
[2026-09-28 10:08:01] [DEBUG] [CONF] [RATVU_D (ID: 1)] area: 
[2026-09-28 10:08:01] [DEBUG] [CONF] [RATVU_D (ID: 1)] lvp: -1
[2026-09-28 10:08:01] [DEBUG] [CONF] [RATVU_D (ID: 1)] timeFrom: -1
[2026-09-28 10:08:01] [DEBUG] [CONF] [RATVU_D (ID: 1)] timeTo: -1
[2026-09-28 10:08:01] [DEBUG] [CONF] [RATVU_E (ID: 1)] wpt: RATVU
[2026-09-28 10:08:01] [DEBUG] [CONF] [RATVU_E (ID: 1)] rwys: 36
[2026-09-28 10:08:01] [DEBUG] [CONF] [RATVU_E (ID: 1)] equip: NON-RNAV allowed FALSE
[2026-09-28 10:08:01] [DEBUG] [CONF] [RATVU_E (ID: 1)] equip: RNAV allowed TRUE
[2026-09-28 10:08:01] [DEBUG] [CONF] [RATVU_E (ID: 1)] initialClimb: 8000
[2026-09-28 10:08:01] [DEBUG] [CONF] [RATVU_E (ID: 1)] climb via: FALSE
[2026-09-28 10:08:01] [DEBUG] [CONF] [RATVU_E (ID: 1)] prio: 4
[2026-09-28 10:08:01] [DEBUG] [CONF] [RATVU_E (ID: 1)] pilotfiled: FALSE
[2026-09-28 10:08:01] [DEBUG] [CONF] [RATVU_E (ID: 1)] actDepRwy: deny - all - 
[2026-09-28 10:08:01] [DEBUG] [CONF] [RATVU_E (ID: 1)] actDepRwy: deny - any - 09
[2026-09-28 10:08:01] [DEBUG] [CONF] [RATVU_E (ID: 1)] wtc: 
[2026-09-28 10:08:01] [DEBUG] [CONF] [RATVU_E (ID: 1)] engType: 
[2026-09-28 10:08:01] [DEBUG] [CONF] [RATVU_E (ID: 1)] wingType: LSAT
[2026-09-28 10:08:01] [DEBUG] [CONF] [RATVU_E (ID: 1)] engCount: 0
[2026-09-28 10:08:01] [DEBUG] [CONF] [RATVU_E (ID: 1)] mtow: 0
[2026-09-28 10:08:01] [DEBUG] [CONF] [RATVU_E (ID: 1)] rule: 
[2026-09-28 10:08:01] [DEBUG] [CONF] [RATVU_E (ID: 1)] area: EAST
[2026-09-28 10:08:01] [DEBUG] [CONF] [RATVU_E (ID: 1)] lvp: -1
[2026-09-28 10:08:01] [DEBUG] [CONF] [RATVU_E (ID: 1)] timeFrom: -1
[2026-09-28 10:08:01] [DEBUG] [CONF] [RATVU_E (ID: 1)] timeTo: -1
[2026-09-28 10:08:01] [DEBUG] [CONF] [RATVU_E (ID: 2)] wpt: RATVU
[2026-09-28 10:08:01] [DEBUG] [CONF] [RATVU_E (ID: 2)] rwys: 36
[2026-09-28 10:08:01] [DEBUG] [CONF] [RATVU_E (ID: 2)] equip: NON-RNAV allowed FALSE
[2026-09-28 10:08:01] [DEBUG] [CONF] [RATVU_E (ID: 2)] equip: RNAV allowed TRUE
[2026-09-28 10:08:01] [DEBUG] [CONF] [RATVU_E (ID: 2)] initialClimb: 8000
[2026-09-28 10:08:01] [DEBUG] [CONF] [RATVU_E (ID: 2)] climb via: FALSE
[2026-09-28 10:08:01] [DEBUG] [CONF] [RATVU_E (ID: 2)] prio: 38
[2026-09-28 10:08:01] [DEBUG] [CONF] [RATVU_E (ID: 2)] pilotfiled: FALSE
[2026-09-28 10:08:01] [DEBUG] [CONF] [RATVU_E (ID: 2)] actDepRwy: deny - all - 
[2026-09-28 10:08:01] [DEBUG] [CONF] [RATVU_E (ID: 2)] actDepRwy: deny - any - 09
[2026-09-28 10:08:01] [DEBUG] [CONF] [RATVU_E (ID: 2)] wtc: 
[2026-09-28 10:08:01] [DEBUG] [CONF] [RATVU_E (ID: 2)] engType: 
[2026-09-28 10:08:01] [DEBUG] [CONF] [RATVU_E (ID: 2)] wingType: LSAT
[2026-09-28 10:08:01] [DEBUG] [CONF] [RATVU_E (ID: 2)] engCount: 0
[2026-09-28 10:08:01] [DEBUG] [CONF] [RATVU_E (ID: 2)] mtow: 0
[2026-09-28 10:08:01] [DEBUG] [CONF] [RATVU_E (ID: 2)] rule: 
[2026-09-28 10:08:01] [DEBUG] [CONF] [RATVU_E (ID: 2)] area: 
[2026-09-28 10:08:01] [DEBUG] [CONF] [RATVU_E (ID: 2)] lvp: -1
[2026-09-28 10:08:01] [DEBUG] [CONF] [RATVU_E (ID: 2)] timeFrom: -1
[2026-09-28 10:08:01] [DEBUG] [CONF] [RATVU_E (ID: 2)] timeTo: -1
[2026-09-28 10:08:01] [DEBUG] [CONF] [RATVU_F (ID: 1)] wpt: RATVU
[2026-09-28 10:08:01] [DEBUG] [CONF] [RATVU_F (ID: 1)] rwys: 16L,16R
[2026-09-28 10:08:01] [DEBUG] [CONF] [RATVU_F (ID: 1)] equip: NON-RNAV allowed FALSE
[2026-09-28 10:08:01] [DEBUG] [CONF] [RATVU_F (ID: 1)] equip: RNAV allowed TRUE
[2026-09-28 10:08:01] [DEBUG] [CONF] [RATVU_F (ID: 1)] initialClimb: 4000
[2026-09-28 10:08:01] [DEBUG] [CONF] [RATVU_F (ID: 1)] climb via: FALSE
[2026-09-28 10:08:01] [DEBUG] [CONF] [RATVU_F (ID: 1)] prio: 15
[2026-09-28 10:08:01] [DEBUG] [CONF] [RATVU_F (ID: 1)] pilotfiled: FALSE
[2026-09-28 10:08:01] [DEBUG] [CONF] [RATVU_F (ID: 1)] actDepRwy: deny - all - 
[2026-09-28 10:08:01] [DEBUG] [CONF] [RATVU_F (ID: 1)] actDepRwy: deny - any - 17L,17R
[2026-09-28 10:08:01] [DEBUG] [CONF] [RATVU_F (ID: 1)] wtc: 
[2026-09-28 10:08:01] [DEBUG] [CONF] [RATVU_F (ID: 1)] engType: 
[2026-09-28 10:08:01] [DEBUG] [CONF] [RATVU_F (ID: 1)] wingType: LSAT
[2026-09-28 10:08:01] [DEBUG] [CONF] [RATVU_F (ID: 1)] engCount: 0
[2026-09-28 10:08:01] [DEBUG] [CONF] [RATVU_F (ID: 1)] mtow: 0
[2026-09-28 10:08:01] [DEBUG] [CONF] [RATVU_F (ID: 1)] rule: 
[2026-09-28 10:08:01] [DEBUG] [CONF] [RATVU_F (ID: 1)] area: 
[2026-09-28 10:08:01] [DEBUG] [CONF] [RATVU_F (ID: 1)] lvp: -1
[2026-09-28 10:08:01] [DEBUG] [CONF] [RATVU_F (ID: 1)] timeFrom: -1
[2026-09-28 10:08:01] [DEBUG] [CONF] [RATVU_F (ID: 1)] timeTo: -1
[2026-09-28 10:08:01] [DEBUG] [CONF] [RATVU_G (ID: 1)] wpt: RATVU
[2026-09-28 10:08:01] [DEBUG] [CONF] [RATVU_G (ID: 1)] rwys: 17L,17R
[2026-09-28 10:08:01] [DEBUG] [CONF] [RATVU_G (ID: 1)] equip: NON-RNAV allowed FALSE
[2026-09-28 10:08:01] [DEBUG] [CONF] [RATVU_G (ID: 1)] equip: RNAV allowed TRUE
[2026-09-28 10:08:01] [DEBUG] [CONF] [RATVU_G (ID: 1)] initialClimb: 5000
[2026-09-28 10:08:01] [DEBUG] [CONF] [RATVU_G (ID: 1)] climb via: FALSE
[2026-09-28 10:08:01] [DEBUG] [CONF] [RATVU_G (ID: 1)] prio: 15
[2026-09-28 10:08:01] [DEBUG] [CONF] [RATVU_G (ID: 1)] pilotfiled: FALSE
[2026-09-28 10:08:01] [DEBUG] [CONF] [RATVU_G (ID: 1)] wtc: 
[2026-09-28 10:08:01] [DEBUG] [CONF] [RATVU_G (ID: 1)] engType: 
[2026-09-28 10:08:01] [DEBUG] [CONF] [RATVU_G (ID: 1)] wingType: LSAT
[2026-09-28 10:08:01] [DEBUG] [CONF] [RATVU_G (ID: 1)] engCount: 0
[2026-09-28 10:08:01] [DEBUG] [CONF] [RATVU_G (ID: 1)] mtow: 0
[2026-09-28 10:08:01] [DEBUG] [CONF] [RATVU_G (ID: 1)] rule: 
[2026-09-28 10:08:01] [DEBUG] [CONF] [RATVU_G (ID: 1)] area: 
[2026-09-28 10:08:01] [DEBUG] [CONF] [RATVU_G (ID: 1)] lvp: -1
[2026-09-28 10:08:01] [DEBUG] [CONF] [RATVU_G (ID: 1)] timeFrom: -1
[2026-09-28 10:08:01] [DEBUG] [CONF] [RATVU_G (ID: 1)] timeTo: -1
[2026-09-28 10:08:01] [DEBUG] [CONF] [RATVU_H (ID: 1)] wpt: RATVU
[2026-09-28 10:08:01] [DEBUG] [CONF] [RATVU_H (ID: 1)] rwys: 18
[2026-09-28 10:08:01] [DEBUG] [CONF] [RATVU_H (ID: 1)] equip: NON-RNAV allowed FALSE
[2026-09-28 10:08:01] [DEBUG] [CONF] [RATVU_H (ID: 1)] equip: RNAV allowed TRUE
[2026-09-28 10:08:01] [DEBUG] [CONF] [RATVU_H (ID: 1)] initialClimb: 8000
[2026-09-28 10:08:01] [DEBUG] [CONF] [RATVU_H (ID: 1)] climb via: FALSE
[2026-09-28 10:08:01] [DEBUG] [CONF] [RATVU_H (ID: 1)] prio: 4
[2026-09-28 10:08:01] [DEBUG] [CONF] [RATVU_H (ID: 1)] pilotfiled: FALSE
[2026-09-28 10:08:01] [DEBUG] [CONF] [RATVU_H (ID: 1)] wtc: 
[2026-09-28 10:08:01] [DEBUG] [CONF] [RATVU_H (ID: 1)] engType: 
[2026-09-28 10:08:01] [DEBUG] [CONF] [RATVU_H (ID: 1)] wingType: LSAT
[2026-09-28 10:08:01] [DEBUG] [CONF] [RATVU_H (ID: 1)] engCount: 0
[2026-09-28 10:08:01] [DEBUG] [CONF] [RATVU_H (ID: 1)] mtow: 0
[2026-09-28 10:08:01] [DEBUG] [CONF] [RATVU_H (ID: 1)] rule: 
[2026-09-28 10:08:01] [DEBUG] [CONF] [RATVU_H (ID: 1)] area: EAST
[2026-09-28 10:08:01] [DEBUG] [CONF] [RATVU_H (ID: 1)] lvp: -1
[2026-09-28 10:08:01] [DEBUG] [CONF] [RATVU_H (ID: 1)] timeFrom: -1
[2026-09-28 10:08:01] [DEBUG] [CONF] [RATVU_H (ID: 1)] timeTo: -1
[2026-09-28 10:08:01] [DEBUG] [CONF] [RATVU_H (ID: 2)] wpt: RATVU
[2026-09-28 10:08:01] [DEBUG] [CONF] [RATVU_H (ID: 2)] rwys: 18
[2026-09-28 10:08:01] [DEBUG] [CONF] [RATVU_H (ID: 2)] equip: NON-RNAV allowed FALSE
[2026-09-28 10:08:01] [DEBUG] [CONF] [RATVU_H (ID: 2)] equip: RNAV allowed TRUE
[2026-09-28 10:08:01] [DEBUG] [CONF] [RATVU_H (ID: 2)] initialClimb: 8000
[2026-09-28 10:08:01] [DEBUG] [CONF] [RATVU_H (ID: 2)] climb via: FALSE
[2026-09-28 10:08:01] [DEBUG] [CONF] [RATVU_H (ID: 2)] prio: 38
[2026-09-28 10:08:01] [DEBUG] [CONF] [RATVU_H (ID: 2)] pilotfiled: FALSE
[2026-09-28 10:08:01] [DEBUG] [CONF] [RATVU_H (ID: 2)] wtc: 
[2026-09-28 10:08:01] [DEBUG] [CONF] [RATVU_H (ID: 2)] engType: 
[2026-09-28 10:08:01] [DEBUG] [CONF] [RATVU_H (ID: 2)] wingType: LSAT
[2026-09-28 10:08:01] [DEBUG] [CONF] [RATVU_H (ID: 2)] engCount: 0
[2026-09-28 10:08:01] [DEBUG] [CONF] [RATVU_H (ID: 2)] mtow: 0
[2026-09-28 10:08:01] [DEBUG] [CONF] [RATVU_H (ID: 2)] rule: 
[2026-09-28 10:08:01] [DEBUG] [CONF] [RATVU_H (ID: 2)] area: 
[2026-09-28 10:08:01] [DEBUG] [CONF] [RATVU_H (ID: 2)] lvp: -1
[2026-09-28 10:08:01] [DEBUG] [CONF] [RATVU_H (ID: 2)] timeFrom: -1
[2026-09-28 10:08:01] [DEBUG] [CONF] [RATVU_H (ID: 2)] timeTo: -1
[2026-09-28 10:08:01] [DEBUG] [CONF] [RATVU_U (ID: 1)] wpt: RATVU
[2026-09-28 10:08:01] [DEBUG] [CONF] [RATVU_U (ID: 1)] rwys: 17L,17R
[2026-09-28 10:08:01] [DEBUG] [CONF] [RATVU_U (ID: 1)] equip: NON-RNAV allowed FALSE
[2026-09-28 10:08:01] [DEBUG] [CONF] [RATVU_U (ID: 1)] equip: RNAV allowed TRUE
[2026-09-28 10:08:01] [DEBUG] [CONF] [RATVU_U (ID: 1)] initialClimb: 5000
[2026-09-28 10:08:01] [DEBUG] [CONF] [RATVU_U (ID: 1)] climb via: FALSE
[2026-09-28 10:08:01] [DEBUG] [CONF] [RATVU_U (ID: 1)] prio: 12
[2026-09-28 10:08:01] [DEBUG] [CONF] [RATVU_U (ID: 1)] pilotfiled: FALSE
[2026-09-28 10:08:01] [DEBUG] [CONF] [RATVU_U (ID: 1)] wtc: 
[2026-09-28 10:08:01] [DEBUG] [CONF] [RATVU_U (ID: 1)] engType: 
[2026-09-28 10:08:01] [DEBUG] [CONF] [RATVU_U (ID: 1)] wingType: LSAT
[2026-09-28 10:08:01] [DEBUG] [CONF] [RATVU_U (ID: 1)] engCount: 0
[2026-09-28 10:08:01] [DEBUG] [CONF] [RATVU_U (ID: 1)] mtow: 0
[2026-09-28 10:08:01] [DEBUG] [CONF] [RATVU_U (ID: 1)] rule: OPPOSITE
[2026-09-28 10:08:01] [DEBUG] [CONF] [RATVU_U (ID: 1)] area: 
[2026-09-28 10:08:01] [DEBUG] [CONF] [RATVU_U (ID: 1)] lvp: -1
[2026-09-28 10:08:01] [DEBUG] [CONF] [RATVU_U (ID: 1)] timeFrom: -1
[2026-09-28 10:08:01] [DEBUG] [CONF] [RATVU_U (ID: 1)] timeTo: -1
[2026-09-28 10:08:01] [DEBUG] [CONF] [RATVU_V (ID: 1)] wpt: RATVU
[2026-09-28 10:08:01] [DEBUG] [CONF] [RATVU_V (ID: 1)] rwys: 18
[2026-09-28 10:08:01] [DEBUG] [CONF] [RATVU_V (ID: 1)] equip: NON-RNAV allowed FALSE
[2026-09-28 10:08:01] [DEBUG] [CONF] [RATVU_V (ID: 1)] equip: RNAV allowed TRUE
[2026-09-28 10:08:01] [DEBUG] [CONF] [RATVU_V (ID: 1)] initialClimb: 8000
[2026-09-28 10:08:01] [DEBUG] [CONF] [RATVU_V (ID: 1)] climb via: FALSE
[2026-09-28 10:08:01] [DEBUG] [CONF] [RATVU_V (ID: 1)] prio: 2
[2026-09-28 10:08:01] [DEBUG] [CONF] [RATVU_V (ID: 1)] pilotfiled: FALSE
[2026-09-28 10:08:01] [DEBUG] [CONF] [RATVU_V (ID: 1)] wtc: 
[2026-09-28 10:08:01] [DEBUG] [CONF] [RATVU_V (ID: 1)] engType: 
[2026-09-28 10:08:01] [DEBUG] [CONF] [RATVU_V (ID: 1)] wingType: LSAT
[2026-09-28 10:08:01] [DEBUG] [CONF] [RATVU_V (ID: 1)] engCount: 0
[2026-09-28 10:08:01] [DEBUG] [CONF] [RATVU_V (ID: 1)] mtow: 0
[2026-09-28 10:08:01] [DEBUG] [CONF] [RATVU_V (ID: 1)] rule: OPPOSITE
[2026-09-28 10:08:01] [DEBUG] [CONF] [RATVU_V (ID: 1)] area: EAST
[2026-09-28 10:08:01] [DEBUG] [CONF] [RATVU_V (ID: 1)] lvp: -1
[2026-09-28 10:08:01] [DEBUG] [CONF] [RATVU_V (ID: 1)] timeFrom: -1
[2026-09-28 10:08:01] [DEBUG] [CONF] [RATVU_V (ID: 1)] timeTo: -1
[2026-09-28 10:08:01] [DEBUG] [CONF] [RATVU_V (ID: 2)] wpt: RATVU
[2026-09-28 10:08:01] [DEBUG] [CONF] [RATVU_V (ID: 2)] rwys: 18
[2026-09-28 10:08:01] [DEBUG] [CONF] [RATVU_V (ID: 2)] equip: NON-RNAV allowed FALSE
[2026-09-28 10:08:01] [DEBUG] [CONF] [RATVU_V (ID: 2)] equip: RNAV allowed TRUE
[2026-09-28 10:08:01] [DEBUG] [CONF] [RATVU_V (ID: 2)] initialClimb: 8000
[2026-09-28 10:08:01] [DEBUG] [CONF] [RATVU_V (ID: 2)] climb via: FALSE
[2026-09-28 10:08:01] [DEBUG] [CONF] [RATVU_V (ID: 2)] prio: 34
[2026-09-28 10:08:01] [DEBUG] [CONF] [RATVU_V (ID: 2)] pilotfiled: FALSE
[2026-09-28 10:08:01] [DEBUG] [CONF] [RATVU_V (ID: 2)] wtc: 
[2026-09-28 10:08:01] [DEBUG] [CONF] [RATVU_V (ID: 2)] engType: 
[2026-09-28 10:08:01] [DEBUG] [CONF] [RATVU_V (ID: 2)] wingType: LSAT
[2026-09-28 10:08:01] [DEBUG] [CONF] [RATVU_V (ID: 2)] engCount: 0
[2026-09-28 10:08:01] [DEBUG] [CONF] [RATVU_V (ID: 2)] mtow: 0
[2026-09-28 10:08:01] [DEBUG] [CONF] [RATVU_V (ID: 2)] rule: OPPOSITE
[2026-09-28 10:08:01] [DEBUG] [CONF] [RATVU_V (ID: 2)] area: 
[2026-09-28 10:08:01] [DEBUG] [CONF] [RATVU_V (ID: 2)] lvp: -1
[2026-09-28 10:08:01] [DEBUG] [CONF] [RATVU_V (ID: 2)] timeFrom: -1
[2026-09-28 10:08:01] [DEBUG] [CONF] [RATVU_V (ID: 2)] timeTo: -1
[2026-09-28 10:08:01] [DEBUG] [CONF] [REZOV_L (ID: 1)] wpt: REZOV
[2026-09-28 10:08:01] [DEBUG] [CONF] [REZOV_L (ID: 1)] rwys: 09
[2026-09-28 10:08:01] [DEBUG] [CONF] [REZOV_L (ID: 1)] equip: NON-RNAV allowed FALSE
[2026-09-28 10:08:01] [DEBUG] [CONF] [REZOV_L (ID: 1)] equip: RNAV allowed TRUE
[2026-09-28 10:08:01] [DEBUG] [CONF] [REZOV_L (ID: 1)] initialClimb: 6000
[2026-09-28 10:08:01] [DEBUG] [CONF] [REZOV_L (ID: 1)] climb via: FALSE
[2026-09-28 10:08:01] [DEBUG] [CONF] [REZOV_L (ID: 1)] prio: 3
[2026-09-28 10:08:01] [DEBUG] [CONF] [REZOV_L (ID: 1)] pilotfiled: FALSE
[2026-09-28 10:08:01] [DEBUG] [CONF] [REZOV_L (ID: 1)] actDepRwy: allow - all - 
[2026-09-28 10:08:01] [DEBUG] [CONF] [REZOV_L (ID: 1)] actDepRwy: allow - any - 34L,34R,35L,35R
[2026-09-28 10:08:01] [DEBUG] [CONF] [REZOV_L (ID: 1)] actDepRwy: deny - all - 
[2026-09-28 10:08:01] [DEBUG] [CONF] [REZOV_L (ID: 1)] actDepRwy: deny - any - 36
[2026-09-28 10:08:01] [DEBUG] [CONF] [REZOV_L (ID: 1)] wtc: 
[2026-09-28 10:08:01] [DEBUG] [CONF] [REZOV_L (ID: 1)] engType: 
[2026-09-28 10:08:01] [DEBUG] [CONF] [REZOV_L (ID: 1)] wingType: LSAT
[2026-09-28 10:08:01] [DEBUG] [CONF] [REZOV_L (ID: 1)] engCount: 0
[2026-09-28 10:08:01] [DEBUG] [CONF] [REZOV_L (ID: 1)] mtow: 0
[2026-09-28 10:08:01] [DEBUG] [CONF] [REZOV_L (ID: 1)] rule: 
[2026-09-28 10:08:01] [DEBUG] [CONF] [REZOV_L (ID: 1)] area: EAST
[2026-09-28 10:08:01] [DEBUG] [CONF] [REZOV_L (ID: 1)] lvp: -1
[2026-09-28 10:08:01] [DEBUG] [CONF] [REZOV_L (ID: 1)] timeFrom: -1
[2026-09-28 10:08:01] [DEBUG] [CONF] [REZOV_L (ID: 1)] timeTo: -1
[2026-09-28 10:08:01] [DEBUG] [CONF] [REZOV_L (ID: 2)] wpt: ETUBA
[2026-09-28 10:08:01] [DEBUG] [CONF] [REZOV_L (ID: 2)] rwys: 09
[2026-09-28 10:08:01] [DEBUG] [CONF] [REZOV_L (ID: 2)] equip: NON-RNAV allowed FALSE
[2026-09-28 10:08:01] [DEBUG] [CONF] [REZOV_L (ID: 2)] equip: RNAV allowed TRUE
[2026-09-28 10:08:01] [DEBUG] [CONF] [REZOV_L (ID: 2)] initialClimb: 6000
[2026-09-28 10:08:01] [DEBUG] [CONF] [REZOV_L (ID: 2)] climb via: FALSE
[2026-09-28 10:08:01] [DEBUG] [CONF] [REZOV_L (ID: 2)] prio: 3
[2026-09-28 10:08:01] [DEBUG] [CONF] [REZOV_L (ID: 2)] pilotfiled: FALSE
[2026-09-28 10:08:01] [DEBUG] [CONF] [REZOV_L (ID: 2)] actDepRwy: allow - all - 
[2026-09-28 10:08:01] [DEBUG] [CONF] [REZOV_L (ID: 2)] actDepRwy: allow - any - 34L,34R,35L,35R
[2026-09-28 10:08:01] [DEBUG] [CONF] [REZOV_L (ID: 2)] actDepRwy: deny - all - 
[2026-09-28 10:08:01] [DEBUG] [CONF] [REZOV_L (ID: 2)] actDepRwy: deny - any - 36
[2026-09-28 10:08:01] [DEBUG] [CONF] [REZOV_L (ID: 2)] wtc: 
[2026-09-28 10:08:01] [DEBUG] [CONF] [REZOV_L (ID: 2)] engType: 
[2026-09-28 10:08:01] [DEBUG] [CONF] [REZOV_L (ID: 2)] wingType: LSAT
[2026-09-28 10:08:01] [DEBUG] [CONF] [REZOV_L (ID: 2)] engCount: 0
[2026-09-28 10:08:01] [DEBUG] [CONF] [REZOV_L (ID: 2)] mtow: 0
[2026-09-28 10:08:01] [DEBUG] [CONF] [REZOV_L (ID: 2)] rule: 
[2026-09-28 10:08:01] [DEBUG] [CONF] [REZOV_L (ID: 2)] area: EAST
[2026-09-28 10:08:01] [DEBUG] [CONF] [REZOV_L (ID: 2)] lvp: -1
[2026-09-28 10:08:01] [DEBUG] [CONF] [REZOV_L (ID: 2)] timeFrom: -1
[2026-09-28 10:08:01] [DEBUG] [CONF] [REZOV_L (ID: 2)] timeTo: -1
[2026-09-28 10:08:01] [DEBUG] [CONF] [REZOV_L (ID: 3)] wpt: REZOV
[2026-09-28 10:08:01] [DEBUG] [CONF] [REZOV_L (ID: 3)] rwys: 09
[2026-09-28 10:08:01] [DEBUG] [CONF] [REZOV_L (ID: 3)] equip: NON-RNAV allowed FALSE
[2026-09-28 10:08:01] [DEBUG] [CONF] [REZOV_L (ID: 3)] equip: RNAV allowed TRUE
[2026-09-28 10:08:01] [DEBUG] [CONF] [REZOV_L (ID: 3)] initialClimb: 6000
[2026-09-28 10:08:01] [DEBUG] [CONF] [REZOV_L (ID: 3)] climb via: FALSE
[2026-09-28 10:08:01] [DEBUG] [CONF] [REZOV_L (ID: 3)] prio: 36
[2026-09-28 10:08:01] [DEBUG] [CONF] [REZOV_L (ID: 3)] pilotfiled: FALSE
[2026-09-28 10:08:01] [DEBUG] [CONF] [REZOV_L (ID: 3)] actDepRwy: allow - all - 
[2026-09-28 10:08:01] [DEBUG] [CONF] [REZOV_L (ID: 3)] actDepRwy: allow - any - 34L,34R,35L,35R
[2026-09-28 10:08:01] [DEBUG] [CONF] [REZOV_L (ID: 3)] actDepRwy: deny - all - 
[2026-09-28 10:08:01] [DEBUG] [CONF] [REZOV_L (ID: 3)] actDepRwy: deny - any - 36
[2026-09-28 10:08:01] [DEBUG] [CONF] [REZOV_L (ID: 3)] wtc: 
[2026-09-28 10:08:01] [DEBUG] [CONF] [REZOV_L (ID: 3)] engType: 
[2026-09-28 10:08:01] [DEBUG] [CONF] [REZOV_L (ID: 3)] wingType: LSAT
[2026-09-28 10:08:01] [DEBUG] [CONF] [REZOV_L (ID: 3)] engCount: 0
[2026-09-28 10:08:01] [DEBUG] [CONF] [REZOV_L (ID: 3)] mtow: 0
[2026-09-28 10:08:01] [DEBUG] [CONF] [REZOV_L (ID: 3)] rule: 
[2026-09-28 10:08:01] [DEBUG] [CONF] [REZOV_L (ID: 3)] area: 
[2026-09-28 10:08:01] [DEBUG] [CONF] [REZOV_L (ID: 3)] lvp: -1
[2026-09-28 10:08:01] [DEBUG] [CONF] [REZOV_L (ID: 3)] timeFrom: -1
[2026-09-28 10:08:01] [DEBUG] [CONF] [REZOV_L (ID: 3)] timeTo: -1
[2026-09-28 10:08:01] [DEBUG] [CONF] [REZOV_L (ID: 4)] wpt: ETUBA
[2026-09-28 10:08:01] [DEBUG] [CONF] [REZOV_L (ID: 4)] rwys: 09
[2026-09-28 10:08:01] [DEBUG] [CONF] [REZOV_L (ID: 4)] equip: NON-RNAV allowed FALSE
[2026-09-28 10:08:01] [DEBUG] [CONF] [REZOV_L (ID: 4)] equip: RNAV allowed TRUE
[2026-09-28 10:08:01] [DEBUG] [CONF] [REZOV_L (ID: 4)] initialClimb: 6000
[2026-09-28 10:08:01] [DEBUG] [CONF] [REZOV_L (ID: 4)] climb via: FALSE
[2026-09-28 10:08:01] [DEBUG] [CONF] [REZOV_L (ID: 4)] prio: 36
[2026-09-28 10:08:01] [DEBUG] [CONF] [REZOV_L (ID: 4)] pilotfiled: FALSE
[2026-09-28 10:08:01] [DEBUG] [CONF] [REZOV_L (ID: 4)] actDepRwy: allow - all - 
[2026-09-28 10:08:01] [DEBUG] [CONF] [REZOV_L (ID: 4)] actDepRwy: allow - any - 34L,34R,35L,35R
[2026-09-28 10:08:01] [DEBUG] [CONF] [REZOV_L (ID: 4)] actDepRwy: deny - all - 
[2026-09-28 10:08:01] [DEBUG] [CONF] [REZOV_L (ID: 4)] actDepRwy: deny - any - 36
[2026-09-28 10:08:01] [DEBUG] [CONF] [REZOV_L (ID: 4)] wtc: 
[2026-09-28 10:08:01] [DEBUG] [CONF] [REZOV_L (ID: 4)] engType: 
[2026-09-28 10:08:01] [DEBUG] [CONF] [REZOV_L (ID: 4)] wingType: LSAT
[2026-09-28 10:08:01] [DEBUG] [CONF] [REZOV_L (ID: 4)] engCount: 0
[2026-09-28 10:08:01] [DEBUG] [CONF] [REZOV_L (ID: 4)] mtow: 0
[2026-09-28 10:08:01] [DEBUG] [CONF] [REZOV_L (ID: 4)] rule: 
[2026-09-28 10:08:01] [DEBUG] [CONF] [REZOV_L (ID: 4)] area: 
[2026-09-28 10:08:01] [DEBUG] [CONF] [REZOV_L (ID: 4)] lvp: -1
[2026-09-28 10:08:01] [DEBUG] [CONF] [REZOV_L (ID: 4)] timeFrom: -1
[2026-09-28 10:08:01] [DEBUG] [CONF] [REZOV_L (ID: 4)] timeTo: -1
[2026-09-28 10:08:01] [DEBUG] [CONF] [REZOV_M (ID: 1)] wpt: REZOV
[2026-09-28 10:08:01] [DEBUG] [CONF] [REZOV_M (ID: 1)] rwys: 09
[2026-09-28 10:08:01] [DEBUG] [CONF] [REZOV_M (ID: 1)] equip: NON-RNAV allowed FALSE
[2026-09-28 10:08:01] [DEBUG] [CONF] [REZOV_M (ID: 1)] equip: RNAV allowed TRUE
[2026-09-28 10:08:01] [DEBUG] [CONF] [REZOV_M (ID: 1)] initialClimb: 6000
[2026-09-28 10:08:01] [DEBUG] [CONF] [REZOV_M (ID: 1)] climb via: FALSE
[2026-09-28 10:08:01] [DEBUG] [CONF] [REZOV_M (ID: 1)] prio: 3
[2026-09-28 10:08:01] [DEBUG] [CONF] [REZOV_M (ID: 1)] pilotfiled: FALSE
[2026-09-28 10:08:01] [DEBUG] [CONF] [REZOV_M (ID: 1)] actDepRwy: allow - all - 
[2026-09-28 10:08:01] [DEBUG] [CONF] [REZOV_M (ID: 1)] actDepRwy: allow - any - 16L,16R,17L,17R,18
[2026-09-28 10:08:01] [DEBUG] [CONF] [REZOV_M (ID: 1)] wtc: 
[2026-09-28 10:08:01] [DEBUG] [CONF] [REZOV_M (ID: 1)] engType: 
[2026-09-28 10:08:01] [DEBUG] [CONF] [REZOV_M (ID: 1)] wingType: LSAT
[2026-09-28 10:08:01] [DEBUG] [CONF] [REZOV_M (ID: 1)] engCount: 0
[2026-09-28 10:08:01] [DEBUG] [CONF] [REZOV_M (ID: 1)] mtow: 0
[2026-09-28 10:08:01] [DEBUG] [CONF] [REZOV_M (ID: 1)] rule: 
[2026-09-28 10:08:01] [DEBUG] [CONF] [REZOV_M (ID: 1)] area: EAST
[2026-09-28 10:08:01] [DEBUG] [CONF] [REZOV_M (ID: 1)] lvp: -1
[2026-09-28 10:08:01] [DEBUG] [CONF] [REZOV_M (ID: 1)] timeFrom: -1
[2026-09-28 10:08:01] [DEBUG] [CONF] [REZOV_M (ID: 1)] timeTo: -1
[2026-09-28 10:08:01] [DEBUG] [CONF] [REZOV_M (ID: 2)] wpt: ETUBA
[2026-09-28 10:08:01] [DEBUG] [CONF] [REZOV_M (ID: 2)] rwys: 09
[2026-09-28 10:08:01] [DEBUG] [CONF] [REZOV_M (ID: 2)] equip: NON-RNAV allowed FALSE
[2026-09-28 10:08:01] [DEBUG] [CONF] [REZOV_M (ID: 2)] equip: RNAV allowed TRUE
[2026-09-28 10:08:01] [DEBUG] [CONF] [REZOV_M (ID: 2)] initialClimb: 6000
[2026-09-28 10:08:01] [DEBUG] [CONF] [REZOV_M (ID: 2)] climb via: FALSE
[2026-09-28 10:08:01] [DEBUG] [CONF] [REZOV_M (ID: 2)] prio: 3
[2026-09-28 10:08:01] [DEBUG] [CONF] [REZOV_M (ID: 2)] pilotfiled: FALSE
[2026-09-28 10:08:01] [DEBUG] [CONF] [REZOV_M (ID: 2)] actDepRwy: allow - all - 
[2026-09-28 10:08:01] [DEBUG] [CONF] [REZOV_M (ID: 2)] actDepRwy: allow - any - 16L,16R,17L,17R,18
[2026-09-28 10:08:01] [DEBUG] [CONF] [REZOV_M (ID: 2)] wtc: 
[2026-09-28 10:08:01] [DEBUG] [CONF] [REZOV_M (ID: 2)] engType: 
[2026-09-28 10:08:01] [DEBUG] [CONF] [REZOV_M (ID: 2)] wingType: LSAT
[2026-09-28 10:08:01] [DEBUG] [CONF] [REZOV_M (ID: 2)] engCount: 0
[2026-09-28 10:08:01] [DEBUG] [CONF] [REZOV_M (ID: 2)] mtow: 0
[2026-09-28 10:08:01] [DEBUG] [CONF] [REZOV_M (ID: 2)] rule: 
[2026-09-28 10:08:01] [DEBUG] [CONF] [REZOV_M (ID: 2)] area: EAST
[2026-09-28 10:08:01] [DEBUG] [CONF] [REZOV_M (ID: 2)] lvp: -1
[2026-09-28 10:08:01] [DEBUG] [CONF] [REZOV_M (ID: 2)] timeFrom: -1
[2026-09-28 10:08:01] [DEBUG] [CONF] [REZOV_M (ID: 2)] timeTo: -1
[2026-09-28 10:08:01] [DEBUG] [CONF] [REZOV_M (ID: 3)] wpt: REZOV
[2026-09-28 10:08:01] [DEBUG] [CONF] [REZOV_M (ID: 3)] rwys: 09
[2026-09-28 10:08:01] [DEBUG] [CONF] [REZOV_M (ID: 3)] equip: NON-RNAV allowed FALSE
[2026-09-28 10:08:01] [DEBUG] [CONF] [REZOV_M (ID: 3)] equip: RNAV allowed TRUE
[2026-09-28 10:08:01] [DEBUG] [CONF] [REZOV_M (ID: 3)] initialClimb: 6000
[2026-09-28 10:08:01] [DEBUG] [CONF] [REZOV_M (ID: 3)] climb via: FALSE
[2026-09-28 10:08:01] [DEBUG] [CONF] [REZOV_M (ID: 3)] prio: 36
[2026-09-28 10:08:01] [DEBUG] [CONF] [REZOV_M (ID: 3)] pilotfiled: FALSE
[2026-09-28 10:08:01] [DEBUG] [CONF] [REZOV_M (ID: 3)] actDepRwy: allow - all - 
[2026-09-28 10:08:01] [DEBUG] [CONF] [REZOV_M (ID: 3)] actDepRwy: allow - any - 16L,16R,17L,17R,18
[2026-09-28 10:08:01] [DEBUG] [CONF] [REZOV_M (ID: 3)] wtc: 
[2026-09-28 10:08:01] [DEBUG] [CONF] [REZOV_M (ID: 3)] engType: 
[2026-09-28 10:08:01] [DEBUG] [CONF] [REZOV_M (ID: 3)] wingType: LSAT
[2026-09-28 10:08:01] [DEBUG] [CONF] [REZOV_M (ID: 3)] engCount: 0
[2026-09-28 10:08:01] [DEBUG] [CONF] [REZOV_M (ID: 3)] mtow: 0
[2026-09-28 10:08:01] [DEBUG] [CONF] [REZOV_M (ID: 3)] rule: 
[2026-09-28 10:08:01] [DEBUG] [CONF] [REZOV_M (ID: 3)] area: 
[2026-09-28 10:08:01] [DEBUG] [CONF] [REZOV_M (ID: 3)] lvp: -1
[2026-09-28 10:08:01] [DEBUG] [CONF] [REZOV_M (ID: 3)] timeFrom: -1
[2026-09-28 10:08:01] [DEBUG] [CONF] [REZOV_M (ID: 3)] timeTo: -1
[2026-09-28 10:08:01] [DEBUG] [CONF] [REZOV_M (ID: 4)] wpt: ETUBA
[2026-09-28 10:08:01] [DEBUG] [CONF] [REZOV_M (ID: 4)] rwys: 09
[2026-09-28 10:08:01] [DEBUG] [CONF] [REZOV_M (ID: 4)] equip: NON-RNAV allowed FALSE
[2026-09-28 10:08:01] [DEBUG] [CONF] [REZOV_M (ID: 4)] equip: RNAV allowed TRUE
[2026-09-28 10:08:01] [DEBUG] [CONF] [REZOV_M (ID: 4)] initialClimb: 6000
[2026-09-28 10:08:01] [DEBUG] [CONF] [REZOV_M (ID: 4)] climb via: FALSE
[2026-09-28 10:08:01] [DEBUG] [CONF] [REZOV_M (ID: 4)] prio: 36
[2026-09-28 10:08:01] [DEBUG] [CONF] [REZOV_M (ID: 4)] pilotfiled: FALSE
[2026-09-28 10:08:01] [DEBUG] [CONF] [REZOV_M (ID: 4)] actDepRwy: allow - all - 
[2026-09-28 10:08:01] [DEBUG] [CONF] [REZOV_M (ID: 4)] actDepRwy: allow - any - 16L,16R,17L,17R,18
[2026-09-28 10:08:01] [DEBUG] [CONF] [REZOV_M (ID: 4)] wtc: 
[2026-09-28 10:08:01] [DEBUG] [CONF] [REZOV_M (ID: 4)] engType: 
[2026-09-28 10:08:01] [DEBUG] [CONF] [REZOV_M (ID: 4)] wingType: LSAT
[2026-09-28 10:08:01] [DEBUG] [CONF] [REZOV_M (ID: 4)] engCount: 0
[2026-09-28 10:08:01] [DEBUG] [CONF] [REZOV_M (ID: 4)] mtow: 0
[2026-09-28 10:08:01] [DEBUG] [CONF] [REZOV_M (ID: 4)] rule: 
[2026-09-28 10:08:01] [DEBUG] [CONF] [REZOV_M (ID: 4)] area: 
[2026-09-28 10:08:01] [DEBUG] [CONF] [REZOV_M (ID: 4)] lvp: -1
[2026-09-28 10:08:01] [DEBUG] [CONF] [REZOV_M (ID: 4)] timeFrom: -1
[2026-09-28 10:08:01] [DEBUG] [CONF] [REZOV_M (ID: 4)] timeTo: -1
[2026-09-28 10:08:01] [DEBUG] [CONF] [REZOV_M (ID: 5)] wpt: REZOV
[2026-09-28 10:08:01] [DEBUG] [CONF] [REZOV_M (ID: 5)] rwys: 09
[2026-09-28 10:08:01] [DEBUG] [CONF] [REZOV_M (ID: 5)] equip: NON-RNAV allowed FALSE
[2026-09-28 10:08:01] [DEBUG] [CONF] [REZOV_M (ID: 5)] equip: RNAV allowed TRUE
[2026-09-28 10:08:01] [DEBUG] [CONF] [REZOV_M (ID: 5)] initialClimb: 6000
[2026-09-28 10:08:01] [DEBUG] [CONF] [REZOV_M (ID: 5)] climb via: FALSE
[2026-09-28 10:08:01] [DEBUG] [CONF] [REZOV_M (ID: 5)] prio: 40
[2026-09-28 10:08:01] [DEBUG] [CONF] [REZOV_M (ID: 5)] pilotfiled: FALSE
[2026-09-28 10:08:01] [DEBUG] [CONF] [REZOV_M (ID: 5)] actDepRwy: deny - all - 
[2026-09-28 10:08:01] [DEBUG] [CONF] [REZOV_M (ID: 5)] actDepRwy: deny - any - 16L,16R,17L,17R,18,34L,34R,35L,35R,36
[2026-09-28 10:08:01] [DEBUG] [CONF] [REZOV_M (ID: 5)] wtc: 
[2026-09-28 10:08:01] [DEBUG] [CONF] [REZOV_M (ID: 5)] engType: 
[2026-09-28 10:08:01] [DEBUG] [CONF] [REZOV_M (ID: 5)] wingType: LSAT
[2026-09-28 10:08:01] [DEBUG] [CONF] [REZOV_M (ID: 5)] engCount: 0
[2026-09-28 10:08:01] [DEBUG] [CONF] [REZOV_M (ID: 5)] mtow: 0
[2026-09-28 10:08:01] [DEBUG] [CONF] [REZOV_M (ID: 5)] rule: 
[2026-09-28 10:08:01] [DEBUG] [CONF] [REZOV_M (ID: 5)] area: 
[2026-09-28 10:08:01] [DEBUG] [CONF] [REZOV_M (ID: 5)] lvp: -1
[2026-09-28 10:08:01] [DEBUG] [CONF] [REZOV_M (ID: 5)] timeFrom: -1
[2026-09-28 10:08:01] [DEBUG] [CONF] [REZOV_M (ID: 5)] timeTo: -1
[2026-09-28 10:08:01] [DEBUG] [CONF] [REZOV_M (ID: 6)] wpt: ETUBA
[2026-09-28 10:08:01] [DEBUG] [CONF] [REZOV_M (ID: 6)] rwys: 09
[2026-09-28 10:08:01] [DEBUG] [CONF] [REZOV_M (ID: 6)] equip: NON-RNAV allowed FALSE
[2026-09-28 10:08:01] [DEBUG] [CONF] [REZOV_M (ID: 6)] equip: RNAV allowed TRUE
[2026-09-28 10:08:01] [DEBUG] [CONF] [REZOV_M (ID: 6)] initialClimb: 6000
[2026-09-28 10:08:01] [DEBUG] [CONF] [REZOV_M (ID: 6)] climb via: FALSE
[2026-09-28 10:08:01] [DEBUG] [CONF] [REZOV_M (ID: 6)] prio: 40
[2026-09-28 10:08:01] [DEBUG] [CONF] [REZOV_M (ID: 6)] pilotfiled: FALSE
[2026-09-28 10:08:01] [DEBUG] [CONF] [REZOV_M (ID: 6)] actDepRwy: deny - all - 
[2026-09-28 10:08:01] [DEBUG] [CONF] [REZOV_M (ID: 6)] actDepRwy: deny - any - 16L,16R,17L,17R,18,34L,34R,35L,35R,36
[2026-09-28 10:08:01] [DEBUG] [CONF] [REZOV_M (ID: 6)] wtc: 
[2026-09-28 10:08:01] [DEBUG] [CONF] [REZOV_M (ID: 6)] engType: 
[2026-09-28 10:08:01] [DEBUG] [CONF] [REZOV_M (ID: 6)] wingType: LSAT
[2026-09-28 10:08:01] [DEBUG] [CONF] [REZOV_M (ID: 6)] engCount: 0
[2026-09-28 10:08:01] [DEBUG] [CONF] [REZOV_M (ID: 6)] mtow: 0
[2026-09-28 10:08:01] [DEBUG] [CONF] [REZOV_M (ID: 6)] rule: 
[2026-09-28 10:08:01] [DEBUG] [CONF] [REZOV_M (ID: 6)] area: 
[2026-09-28 10:08:01] [DEBUG] [CONF] [REZOV_M (ID: 6)] lvp: -1
[2026-09-28 10:08:01] [DEBUG] [CONF] [REZOV_M (ID: 6)] timeFrom: -1
[2026-09-28 10:08:01] [DEBUG] [CONF] [REZOV_M (ID: 6)] timeTo: -1
[2026-09-28 10:08:01] [DEBUG] [CONF] [REZOV_C (ID: 1)] wpt: REZOV
[2026-09-28 10:08:01] [DEBUG] [CONF] [REZOV_C (ID: 1)] rwys: 34L,34R
[2026-09-28 10:08:01] [DEBUG] [CONF] [REZOV_C (ID: 1)] equip: NON-RNAV allowed FALSE
[2026-09-28 10:08:01] [DEBUG] [CONF] [REZOV_C (ID: 1)] equip: RNAV allowed TRUE
[2026-09-28 10:08:01] [DEBUG] [CONF] [REZOV_C (ID: 1)] initialClimb: 4000
[2026-09-28 10:08:01] [DEBUG] [CONF] [REZOV_C (ID: 1)] climb via: FALSE
[2026-09-28 10:08:01] [DEBUG] [CONF] [REZOV_C (ID: 1)] prio: 15
[2026-09-28 10:08:01] [DEBUG] [CONF] [REZOV_C (ID: 1)] pilotfiled: FALSE
[2026-09-28 10:08:01] [DEBUG] [CONF] [REZOV_C (ID: 1)] actDepRwy: deny - all - 
[2026-09-28 10:08:01] [DEBUG] [CONF] [REZOV_C (ID: 1)] actDepRwy: deny - any - 35L,35R
[2026-09-28 10:08:01] [DEBUG] [CONF] [REZOV_C (ID: 1)] wtc: 
[2026-09-28 10:08:01] [DEBUG] [CONF] [REZOV_C (ID: 1)] engType: 
[2026-09-28 10:08:01] [DEBUG] [CONF] [REZOV_C (ID: 1)] wingType: LSAT
[2026-09-28 10:08:01] [DEBUG] [CONF] [REZOV_C (ID: 1)] engCount: 0
[2026-09-28 10:08:01] [DEBUG] [CONF] [REZOV_C (ID: 1)] mtow: 0
[2026-09-28 10:08:01] [DEBUG] [CONF] [REZOV_C (ID: 1)] rule: 
[2026-09-28 10:08:01] [DEBUG] [CONF] [REZOV_C (ID: 1)] area: 
[2026-09-28 10:08:01] [DEBUG] [CONF] [REZOV_C (ID: 1)] lvp: -1
[2026-09-28 10:08:01] [DEBUG] [CONF] [REZOV_C (ID: 1)] timeFrom: -1
[2026-09-28 10:08:01] [DEBUG] [CONF] [REZOV_C (ID: 1)] timeTo: -1
[2026-09-28 10:08:01] [DEBUG] [CONF] [REZOV_C (ID: 2)] wpt: ETUBA
[2026-09-28 10:08:01] [DEBUG] [CONF] [REZOV_C (ID: 2)] rwys: 34L,34R
[2026-09-28 10:08:01] [DEBUG] [CONF] [REZOV_C (ID: 2)] equip: NON-RNAV allowed FALSE
[2026-09-28 10:08:01] [DEBUG] [CONF] [REZOV_C (ID: 2)] equip: RNAV allowed TRUE
[2026-09-28 10:08:01] [DEBUG] [CONF] [REZOV_C (ID: 2)] initialClimb: 4000
[2026-09-28 10:08:01] [DEBUG] [CONF] [REZOV_C (ID: 2)] climb via: FALSE
[2026-09-28 10:08:01] [DEBUG] [CONF] [REZOV_C (ID: 2)] prio: 15
[2026-09-28 10:08:01] [DEBUG] [CONF] [REZOV_C (ID: 2)] pilotfiled: FALSE
[2026-09-28 10:08:01] [DEBUG] [CONF] [REZOV_C (ID: 2)] actDepRwy: deny - all - 
[2026-09-28 10:08:01] [DEBUG] [CONF] [REZOV_C (ID: 2)] actDepRwy: deny - any - 35L,35R
[2026-09-28 10:08:01] [DEBUG] [CONF] [REZOV_C (ID: 2)] wtc: 
[2026-09-28 10:08:01] [DEBUG] [CONF] [REZOV_C (ID: 2)] engType: 
[2026-09-28 10:08:01] [DEBUG] [CONF] [REZOV_C (ID: 2)] wingType: LSAT
[2026-09-28 10:08:01] [DEBUG] [CONF] [REZOV_C (ID: 2)] engCount: 0
[2026-09-28 10:08:01] [DEBUG] [CONF] [REZOV_C (ID: 2)] mtow: 0
[2026-09-28 10:08:01] [DEBUG] [CONF] [REZOV_C (ID: 2)] rule: 
[2026-09-28 10:08:01] [DEBUG] [CONF] [REZOV_C (ID: 2)] area: 
[2026-09-28 10:08:01] [DEBUG] [CONF] [REZOV_C (ID: 2)] lvp: -1
[2026-09-28 10:08:01] [DEBUG] [CONF] [REZOV_C (ID: 2)] timeFrom: -1
[2026-09-28 10:08:01] [DEBUG] [CONF] [REZOV_C (ID: 2)] timeTo: -1
[2026-09-28 10:08:01] [DEBUG] [CONF] [REZOV_D (ID: 1)] wpt: REZOV
[2026-09-28 10:08:01] [DEBUG] [CONF] [REZOV_D (ID: 1)] rwys: 35L,35R
[2026-09-28 10:08:01] [DEBUG] [CONF] [REZOV_D (ID: 1)] equip: NON-RNAV allowed FALSE
[2026-09-28 10:08:01] [DEBUG] [CONF] [REZOV_D (ID: 1)] equip: RNAV allowed TRUE
[2026-09-28 10:08:01] [DEBUG] [CONF] [REZOV_D (ID: 1)] initialClimb: 5000
[2026-09-28 10:08:01] [DEBUG] [CONF] [REZOV_D (ID: 1)] climb via: FALSE
[2026-09-28 10:08:01] [DEBUG] [CONF] [REZOV_D (ID: 1)] prio: 15
[2026-09-28 10:08:01] [DEBUG] [CONF] [REZOV_D (ID: 1)] pilotfiled: FALSE
[2026-09-28 10:08:01] [DEBUG] [CONF] [REZOV_D (ID: 1)] wtc: 
[2026-09-28 10:08:01] [DEBUG] [CONF] [REZOV_D (ID: 1)] engType: 
[2026-09-28 10:08:01] [DEBUG] [CONF] [REZOV_D (ID: 1)] wingType: LSAT
[2026-09-28 10:08:01] [DEBUG] [CONF] [REZOV_D (ID: 1)] engCount: 0
[2026-09-28 10:08:01] [DEBUG] [CONF] [REZOV_D (ID: 1)] mtow: 0
[2026-09-28 10:08:01] [DEBUG] [CONF] [REZOV_D (ID: 1)] rule: 
[2026-09-28 10:08:01] [DEBUG] [CONF] [REZOV_D (ID: 1)] area: 
[2026-09-28 10:08:01] [DEBUG] [CONF] [REZOV_D (ID: 1)] lvp: -1
[2026-09-28 10:08:01] [DEBUG] [CONF] [REZOV_D (ID: 1)] timeFrom: -1
[2026-09-28 10:08:01] [DEBUG] [CONF] [REZOV_D (ID: 1)] timeTo: -1
[2026-09-28 10:08:01] [DEBUG] [CONF] [REZOV_D (ID: 2)] wpt: ETUBA
[2026-09-28 10:08:01] [DEBUG] [CONF] [REZOV_D (ID: 2)] rwys: 35L,35R
[2026-09-28 10:08:01] [DEBUG] [CONF] [REZOV_D (ID: 2)] equip: NON-RNAV allowed FALSE
[2026-09-28 10:08:01] [DEBUG] [CONF] [REZOV_D (ID: 2)] equip: RNAV allowed TRUE
[2026-09-28 10:08:01] [DEBUG] [CONF] [REZOV_D (ID: 2)] initialClimb: 5000
[2026-09-28 10:08:01] [DEBUG] [CONF] [REZOV_D (ID: 2)] climb via: FALSE
[2026-09-28 10:08:01] [DEBUG] [CONF] [REZOV_D (ID: 2)] prio: 15
[2026-09-28 10:08:01] [DEBUG] [CONF] [REZOV_D (ID: 2)] pilotfiled: FALSE
[2026-09-28 10:08:01] [DEBUG] [CONF] [REZOV_D (ID: 2)] wtc: 
[2026-09-28 10:08:01] [DEBUG] [CONF] [REZOV_D (ID: 2)] engType: 
[2026-09-28 10:08:01] [DEBUG] [CONF] [REZOV_D (ID: 2)] wingType: LSAT
[2026-09-28 10:08:01] [DEBUG] [CONF] [REZOV_D (ID: 2)] engCount: 0
[2026-09-28 10:08:01] [DEBUG] [CONF] [REZOV_D (ID: 2)] mtow: 0
[2026-09-28 10:08:01] [DEBUG] [CONF] [REZOV_D (ID: 2)] rule: 
[2026-09-28 10:08:01] [DEBUG] [CONF] [REZOV_D (ID: 2)] area: 
[2026-09-28 10:08:01] [DEBUG] [CONF] [REZOV_D (ID: 2)] lvp: -1
[2026-09-28 10:08:01] [DEBUG] [CONF] [REZOV_D (ID: 2)] timeFrom: -1
[2026-09-28 10:08:01] [DEBUG] [CONF] [REZOV_D (ID: 2)] timeTo: -1
[2026-09-28 10:08:01] [DEBUG] [CONF] [REZOV_E (ID: 1)] wpt: REZOV
[2026-09-28 10:08:01] [DEBUG] [CONF] [REZOV_E (ID: 1)] rwys: 36
[2026-09-28 10:08:01] [DEBUG] [CONF] [REZOV_E (ID: 1)] equip: NON-RNAV allowed FALSE
[2026-09-28 10:08:01] [DEBUG] [CONF] [REZOV_E (ID: 1)] equip: RNAV allowed TRUE
[2026-09-28 10:08:01] [DEBUG] [CONF] [REZOV_E (ID: 1)] initialClimb: 8000
[2026-09-28 10:08:01] [DEBUG] [CONF] [REZOV_E (ID: 1)] climb via: FALSE
[2026-09-28 10:08:01] [DEBUG] [CONF] [REZOV_E (ID: 1)] prio: 4
[2026-09-28 10:08:01] [DEBUG] [CONF] [REZOV_E (ID: 1)] pilotfiled: FALSE
[2026-09-28 10:08:01] [DEBUG] [CONF] [REZOV_E (ID: 1)] wtc: 
[2026-09-28 10:08:01] [DEBUG] [CONF] [REZOV_E (ID: 1)] engType: 
[2026-09-28 10:08:01] [DEBUG] [CONF] [REZOV_E (ID: 1)] wingType: LSAT
[2026-09-28 10:08:01] [DEBUG] [CONF] [REZOV_E (ID: 1)] engCount: 0
[2026-09-28 10:08:01] [DEBUG] [CONF] [REZOV_E (ID: 1)] mtow: 0
[2026-09-28 10:08:01] [DEBUG] [CONF] [REZOV_E (ID: 1)] rule: 
[2026-09-28 10:08:01] [DEBUG] [CONF] [REZOV_E (ID: 1)] area: EAST
[2026-09-28 10:08:01] [DEBUG] [CONF] [REZOV_E (ID: 1)] lvp: -1
[2026-09-28 10:08:01] [DEBUG] [CONF] [REZOV_E (ID: 1)] timeFrom: -1
[2026-09-28 10:08:01] [DEBUG] [CONF] [REZOV_E (ID: 1)] timeTo: -1
[2026-09-28 10:08:01] [DEBUG] [CONF] [REZOV_E (ID: 2)] wpt: ETUBA
[2026-09-28 10:08:01] [DEBUG] [CONF] [REZOV_E (ID: 2)] rwys: 36
[2026-09-28 10:08:01] [DEBUG] [CONF] [REZOV_E (ID: 2)] equip: NON-RNAV allowed FALSE
[2026-09-28 10:08:01] [DEBUG] [CONF] [REZOV_E (ID: 2)] equip: RNAV allowed TRUE
[2026-09-28 10:08:01] [DEBUG] [CONF] [REZOV_E (ID: 2)] initialClimb: 8000
[2026-09-28 10:08:01] [DEBUG] [CONF] [REZOV_E (ID: 2)] climb via: FALSE
[2026-09-28 10:08:01] [DEBUG] [CONF] [REZOV_E (ID: 2)] prio: 4
[2026-09-28 10:08:01] [DEBUG] [CONF] [REZOV_E (ID: 2)] pilotfiled: FALSE
[2026-09-28 10:08:01] [DEBUG] [CONF] [REZOV_E (ID: 2)] wtc: 
[2026-09-28 10:08:01] [DEBUG] [CONF] [REZOV_E (ID: 2)] engType: 
[2026-09-28 10:08:01] [DEBUG] [CONF] [REZOV_E (ID: 2)] wingType: LSAT
[2026-09-28 10:08:01] [DEBUG] [CONF] [REZOV_E (ID: 2)] engCount: 0
[2026-09-28 10:08:01] [DEBUG] [CONF] [REZOV_E (ID: 2)] mtow: 0
[2026-09-28 10:08:01] [DEBUG] [CONF] [REZOV_E (ID: 2)] rule: 
[2026-09-28 10:08:01] [DEBUG] [CONF] [REZOV_E (ID: 2)] area: EAST
[2026-09-28 10:08:01] [DEBUG] [CONF] [REZOV_E (ID: 2)] lvp: -1
[2026-09-28 10:08:01] [DEBUG] [CONF] [REZOV_E (ID: 2)] timeFrom: -1
[2026-09-28 10:08:01] [DEBUG] [CONF] [REZOV_E (ID: 2)] timeTo: -1
[2026-09-28 10:08:01] [DEBUG] [CONF] [REZOV_E (ID: 3)] wpt: REZOV
[2026-09-28 10:08:01] [DEBUG] [CONF] [REZOV_E (ID: 3)] rwys: 36
[2026-09-28 10:08:01] [DEBUG] [CONF] [REZOV_E (ID: 3)] equip: NON-RNAV allowed FALSE
[2026-09-28 10:08:01] [DEBUG] [CONF] [REZOV_E (ID: 3)] equip: RNAV allowed TRUE
[2026-09-28 10:08:01] [DEBUG] [CONF] [REZOV_E (ID: 3)] initialClimb: 8000
[2026-09-28 10:08:01] [DEBUG] [CONF] [REZOV_E (ID: 3)] climb via: FALSE
[2026-09-28 10:08:01] [DEBUG] [CONF] [REZOV_E (ID: 3)] prio: 38
[2026-09-28 10:08:01] [DEBUG] [CONF] [REZOV_E (ID: 3)] pilotfiled: FALSE
[2026-09-28 10:08:01] [DEBUG] [CONF] [REZOV_E (ID: 3)] wtc: 
[2026-09-28 10:08:01] [DEBUG] [CONF] [REZOV_E (ID: 3)] engType: 
[2026-09-28 10:08:01] [DEBUG] [CONF] [REZOV_E (ID: 3)] wingType: LSAT
[2026-09-28 10:08:01] [DEBUG] [CONF] [REZOV_E (ID: 3)] engCount: 0
[2026-09-28 10:08:01] [DEBUG] [CONF] [REZOV_E (ID: 3)] mtow: 0
[2026-09-28 10:08:01] [DEBUG] [CONF] [REZOV_E (ID: 3)] rule: 
[2026-09-28 10:08:01] [DEBUG] [CONF] [REZOV_E (ID: 3)] area: 
[2026-09-28 10:08:01] [DEBUG] [CONF] [REZOV_E (ID: 3)] lvp: -1
[2026-09-28 10:08:01] [DEBUG] [CONF] [REZOV_E (ID: 3)] timeFrom: -1
[2026-09-28 10:08:01] [DEBUG] [CONF] [REZOV_E (ID: 3)] timeTo: -1
[2026-09-28 10:08:01] [DEBUG] [CONF] [REZOV_E (ID: 4)] wpt: ETUBA
[2026-09-28 10:08:01] [DEBUG] [CONF] [REZOV_E (ID: 4)] rwys: 36
[2026-09-28 10:08:01] [DEBUG] [CONF] [REZOV_E (ID: 4)] equip: NON-RNAV allowed FALSE
[2026-09-28 10:08:01] [DEBUG] [CONF] [REZOV_E (ID: 4)] equip: RNAV allowed TRUE
[2026-09-28 10:08:01] [DEBUG] [CONF] [REZOV_E (ID: 4)] initialClimb: 8000
[2026-09-28 10:08:01] [DEBUG] [CONF] [REZOV_E (ID: 4)] climb via: FALSE
[2026-09-28 10:08:01] [DEBUG] [CONF] [REZOV_E (ID: 4)] prio: 38
[2026-09-28 10:08:01] [DEBUG] [CONF] [REZOV_E (ID: 4)] pilotfiled: FALSE
[2026-09-28 10:08:01] [DEBUG] [CONF] [REZOV_E (ID: 4)] wtc: 
[2026-09-28 10:08:01] [DEBUG] [CONF] [REZOV_E (ID: 4)] engType: 
[2026-09-28 10:08:01] [DEBUG] [CONF] [REZOV_E (ID: 4)] wingType: LSAT
[2026-09-28 10:08:01] [DEBUG] [CONF] [REZOV_E (ID: 4)] engCount: 0
[2026-09-28 10:08:01] [DEBUG] [CONF] [REZOV_E (ID: 4)] mtow: 0
[2026-09-28 10:08:01] [DEBUG] [CONF] [REZOV_E (ID: 4)] rule: 
[2026-09-28 10:08:01] [DEBUG] [CONF] [REZOV_E (ID: 4)] area: 
[2026-09-28 10:08:01] [DEBUG] [CONF] [REZOV_E (ID: 4)] lvp: -1
[2026-09-28 10:08:01] [DEBUG] [CONF] [REZOV_E (ID: 4)] timeFrom: -1
[2026-09-28 10:08:01] [DEBUG] [CONF] [REZOV_E (ID: 4)] timeTo: -1
[2026-09-28 10:08:01] [DEBUG] [CONF] [REZOV_F (ID: 1)] wpt: REZOV
[2026-09-28 10:08:01] [DEBUG] [CONF] [REZOV_F (ID: 1)] rwys: 16L,16R
[2026-09-28 10:08:01] [DEBUG] [CONF] [REZOV_F (ID: 1)] equip: NON-RNAV allowed FALSE
[2026-09-28 10:08:01] [DEBUG] [CONF] [REZOV_F (ID: 1)] equip: RNAV allowed TRUE
[2026-09-28 10:08:01] [DEBUG] [CONF] [REZOV_F (ID: 1)] initialClimb: 4000
[2026-09-28 10:08:01] [DEBUG] [CONF] [REZOV_F (ID: 1)] climb via: FALSE
[2026-09-28 10:08:01] [DEBUG] [CONF] [REZOV_F (ID: 1)] prio: 15
[2026-09-28 10:08:01] [DEBUG] [CONF] [REZOV_F (ID: 1)] pilotfiled: FALSE
[2026-09-28 10:08:01] [DEBUG] [CONF] [REZOV_F (ID: 1)] wtc: 
[2026-09-28 10:08:01] [DEBUG] [CONF] [REZOV_F (ID: 1)] engType: 
[2026-09-28 10:08:01] [DEBUG] [CONF] [REZOV_F (ID: 1)] wingType: LSAT
[2026-09-28 10:08:01] [DEBUG] [CONF] [REZOV_F (ID: 1)] engCount: 0
[2026-09-28 10:08:01] [DEBUG] [CONF] [REZOV_F (ID: 1)] mtow: 0
[2026-09-28 10:08:01] [DEBUG] [CONF] [REZOV_F (ID: 1)] rule: 
[2026-09-28 10:08:01] [DEBUG] [CONF] [REZOV_F (ID: 1)] area: 
[2026-09-28 10:08:01] [DEBUG] [CONF] [REZOV_F (ID: 1)] lvp: -1
[2026-09-28 10:08:01] [DEBUG] [CONF] [REZOV_F (ID: 1)] timeFrom: -1
[2026-09-28 10:08:01] [DEBUG] [CONF] [REZOV_F (ID: 1)] timeTo: -1
[2026-09-28 10:08:01] [DEBUG] [CONF] [REZOV_F (ID: 2)] wpt: ETUBA
[2026-09-28 10:08:01] [DEBUG] [CONF] [REZOV_F (ID: 2)] rwys: 16L,16R
[2026-09-28 10:08:01] [DEBUG] [CONF] [REZOV_F (ID: 2)] equip: NON-RNAV allowed FALSE
[2026-09-28 10:08:01] [DEBUG] [CONF] [REZOV_F (ID: 2)] equip: RNAV allowed TRUE
[2026-09-28 10:08:01] [DEBUG] [CONF] [REZOV_F (ID: 2)] initialClimb: 4000
[2026-09-28 10:08:01] [DEBUG] [CONF] [REZOV_F (ID: 2)] climb via: FALSE
[2026-09-28 10:08:01] [DEBUG] [CONF] [REZOV_F (ID: 2)] prio: 15
[2026-09-28 10:08:01] [DEBUG] [CONF] [REZOV_F (ID: 2)] pilotfiled: FALSE
[2026-09-28 10:08:01] [DEBUG] [CONF] [REZOV_F (ID: 2)] wtc: 
[2026-09-28 10:08:01] [DEBUG] [CONF] [REZOV_F (ID: 2)] engType: 
[2026-09-28 10:08:01] [DEBUG] [CONF] [REZOV_F (ID: 2)] wingType: LSAT
[2026-09-28 10:08:01] [DEBUG] [CONF] [REZOV_F (ID: 2)] engCount: 0
[2026-09-28 10:08:01] [DEBUG] [CONF] [REZOV_F (ID: 2)] mtow: 0
[2026-09-28 10:08:01] [DEBUG] [CONF] [REZOV_F (ID: 2)] rule: 
[2026-09-28 10:08:01] [DEBUG] [CONF] [REZOV_F (ID: 2)] area: 
[2026-09-28 10:08:01] [DEBUG] [CONF] [REZOV_F (ID: 2)] lvp: -1
[2026-09-28 10:08:01] [DEBUG] [CONF] [REZOV_F (ID: 2)] timeFrom: -1
[2026-09-28 10:08:01] [DEBUG] [CONF] [REZOV_F (ID: 2)] timeTo: -1
[2026-09-28 10:08:01] [DEBUG] [CONF] [REZOV_G (ID: 1)] wpt: REZOV
[2026-09-28 10:08:01] [DEBUG] [CONF] [REZOV_G (ID: 1)] rwys: 17L,17R
[2026-09-28 10:08:01] [DEBUG] [CONF] [REZOV_G (ID: 1)] equip: NON-RNAV allowed FALSE
[2026-09-28 10:08:01] [DEBUG] [CONF] [REZOV_G (ID: 1)] equip: RNAV allowed TRUE
[2026-09-28 10:08:01] [DEBUG] [CONF] [REZOV_G (ID: 1)] initialClimb: 5000
[2026-09-28 10:08:01] [DEBUG] [CONF] [REZOV_G (ID: 1)] climb via: FALSE
[2026-09-28 10:08:01] [DEBUG] [CONF] [REZOV_G (ID: 1)] prio: 15
[2026-09-28 10:08:01] [DEBUG] [CONF] [REZOV_G (ID: 1)] pilotfiled: FALSE
[2026-09-28 10:08:01] [DEBUG] [CONF] [REZOV_G (ID: 1)] actDepRwy: deny - all - 
[2026-09-28 10:08:01] [DEBUG] [CONF] [REZOV_G (ID: 1)] actDepRwy: deny - any - 16L,16R
[2026-09-28 10:08:01] [DEBUG] [CONF] [REZOV_G (ID: 1)] wtc: 
[2026-09-28 10:08:01] [DEBUG] [CONF] [REZOV_G (ID: 1)] engType: 
[2026-09-28 10:08:01] [DEBUG] [CONF] [REZOV_G (ID: 1)] wingType: LSAT
[2026-09-28 10:08:01] [DEBUG] [CONF] [REZOV_G (ID: 1)] engCount: 0
[2026-09-28 10:08:01] [DEBUG] [CONF] [REZOV_G (ID: 1)] mtow: 0
[2026-09-28 10:08:01] [DEBUG] [CONF] [REZOV_G (ID: 1)] rule: 
[2026-09-28 10:08:01] [DEBUG] [CONF] [REZOV_G (ID: 1)] area: 
[2026-09-28 10:08:01] [DEBUG] [CONF] [REZOV_G (ID: 1)] lvp: -1
[2026-09-28 10:08:01] [DEBUG] [CONF] [REZOV_G (ID: 1)] timeFrom: -1
[2026-09-28 10:08:01] [DEBUG] [CONF] [REZOV_G (ID: 1)] timeTo: -1
[2026-09-28 10:08:01] [DEBUG] [CONF] [REZOV_G (ID: 2)] wpt: ETUBA
[2026-09-28 10:08:01] [DEBUG] [CONF] [REZOV_G (ID: 2)] rwys: 17L,17R
[2026-09-28 10:08:01] [DEBUG] [CONF] [REZOV_G (ID: 2)] equip: NON-RNAV allowed FALSE
[2026-09-28 10:08:01] [DEBUG] [CONF] [REZOV_G (ID: 2)] equip: RNAV allowed TRUE
[2026-09-28 10:08:01] [DEBUG] [CONF] [REZOV_G (ID: 2)] initialClimb: 5000
[2026-09-28 10:08:01] [DEBUG] [CONF] [REZOV_G (ID: 2)] climb via: FALSE
[2026-09-28 10:08:01] [DEBUG] [CONF] [REZOV_G (ID: 2)] prio: 15
[2026-09-28 10:08:01] [DEBUG] [CONF] [REZOV_G (ID: 2)] pilotfiled: FALSE
[2026-09-28 10:08:01] [DEBUG] [CONF] [REZOV_G (ID: 2)] actDepRwy: deny - all - 
[2026-09-28 10:08:01] [DEBUG] [CONF] [REZOV_G (ID: 2)] actDepRwy: deny - any - 16L,16R
[2026-09-28 10:08:01] [DEBUG] [CONF] [REZOV_G (ID: 2)] wtc: 
[2026-09-28 10:08:01] [DEBUG] [CONF] [REZOV_G (ID: 2)] engType: 
[2026-09-28 10:08:01] [DEBUG] [CONF] [REZOV_G (ID: 2)] wingType: LSAT
[2026-09-28 10:08:01] [DEBUG] [CONF] [REZOV_G (ID: 2)] engCount: 0
[2026-09-28 10:08:01] [DEBUG] [CONF] [REZOV_G (ID: 2)] mtow: 0
[2026-09-28 10:08:01] [DEBUG] [CONF] [REZOV_G (ID: 2)] rule: 
[2026-09-28 10:08:01] [DEBUG] [CONF] [REZOV_G (ID: 2)] area: 
[2026-09-28 10:08:01] [DEBUG] [CONF] [REZOV_G (ID: 2)] lvp: -1
[2026-09-28 10:08:01] [DEBUG] [CONF] [REZOV_G (ID: 2)] timeFrom: -1
[2026-09-28 10:08:01] [DEBUG] [CONF] [REZOV_G (ID: 2)] timeTo: -1
[2026-09-28 10:08:01] [DEBUG] [CONF] [REZOV_H (ID: 1)] wpt: REZOV
[2026-09-28 10:08:01] [DEBUG] [CONF] [REZOV_H (ID: 1)] rwys: 18
[2026-09-28 10:08:01] [DEBUG] [CONF] [REZOV_H (ID: 1)] equip: NON-RNAV allowed FALSE
[2026-09-28 10:08:01] [DEBUG] [CONF] [REZOV_H (ID: 1)] equip: RNAV allowed TRUE
[2026-09-28 10:08:01] [DEBUG] [CONF] [REZOV_H (ID: 1)] initialClimb: 8000
[2026-09-28 10:08:01] [DEBUG] [CONF] [REZOV_H (ID: 1)] climb via: FALSE
[2026-09-28 10:08:01] [DEBUG] [CONF] [REZOV_H (ID: 1)] prio: 4
[2026-09-28 10:08:01] [DEBUG] [CONF] [REZOV_H (ID: 1)] pilotfiled: FALSE
[2026-09-28 10:08:01] [DEBUG] [CONF] [REZOV_H (ID: 1)] actDepRwy: deny - all - 
[2026-09-28 10:08:01] [DEBUG] [CONF] [REZOV_H (ID: 1)] actDepRwy: deny - any - 09
[2026-09-28 10:08:01] [DEBUG] [CONF] [REZOV_H (ID: 1)] wtc: 
[2026-09-28 10:08:01] [DEBUG] [CONF] [REZOV_H (ID: 1)] engType: 
[2026-09-28 10:08:01] [DEBUG] [CONF] [REZOV_H (ID: 1)] wingType: LSAT
[2026-09-28 10:08:01] [DEBUG] [CONF] [REZOV_H (ID: 1)] engCount: 0
[2026-09-28 10:08:01] [DEBUG] [CONF] [REZOV_H (ID: 1)] mtow: 0
[2026-09-28 10:08:01] [DEBUG] [CONF] [REZOV_H (ID: 1)] rule: 
[2026-09-28 10:08:01] [DEBUG] [CONF] [REZOV_H (ID: 1)] area: EAST
[2026-09-28 10:08:01] [DEBUG] [CONF] [REZOV_H (ID: 1)] lvp: -1
[2026-09-28 10:08:01] [DEBUG] [CONF] [REZOV_H (ID: 1)] timeFrom: -1
[2026-09-28 10:08:01] [DEBUG] [CONF] [REZOV_H (ID: 1)] timeTo: -1
[2026-09-28 10:08:01] [DEBUG] [CONF] [REZOV_H (ID: 2)] wpt: ETUBA
[2026-09-28 10:08:01] [DEBUG] [CONF] [REZOV_H (ID: 2)] rwys: 18
[2026-09-28 10:08:01] [DEBUG] [CONF] [REZOV_H (ID: 2)] equip: NON-RNAV allowed FALSE
[2026-09-28 10:08:01] [DEBUG] [CONF] [REZOV_H (ID: 2)] equip: RNAV allowed TRUE
[2026-09-28 10:08:01] [DEBUG] [CONF] [REZOV_H (ID: 2)] initialClimb: 8000
[2026-09-28 10:08:01] [DEBUG] [CONF] [REZOV_H (ID: 2)] climb via: FALSE
[2026-09-28 10:08:01] [DEBUG] [CONF] [REZOV_H (ID: 2)] prio: 4
[2026-09-28 10:08:01] [DEBUG] [CONF] [REZOV_H (ID: 2)] pilotfiled: FALSE
[2026-09-28 10:08:01] [DEBUG] [CONF] [REZOV_H (ID: 2)] actDepRwy: deny - all - 
[2026-09-28 10:08:01] [DEBUG] [CONF] [REZOV_H (ID: 2)] actDepRwy: deny - any - 09
[2026-09-28 10:08:01] [DEBUG] [CONF] [REZOV_H (ID: 2)] wtc: 
[2026-09-28 10:08:01] [DEBUG] [CONF] [REZOV_H (ID: 2)] engType: 
[2026-09-28 10:08:01] [DEBUG] [CONF] [REZOV_H (ID: 2)] wingType: LSAT
[2026-09-28 10:08:01] [DEBUG] [CONF] [REZOV_H (ID: 2)] engCount: 0
[2026-09-28 10:08:01] [DEBUG] [CONF] [REZOV_H (ID: 2)] mtow: 0
[2026-09-28 10:08:01] [DEBUG] [CONF] [REZOV_H (ID: 2)] rule: 
[2026-09-28 10:08:01] [DEBUG] [CONF] [REZOV_H (ID: 2)] area: EAST
[2026-09-28 10:08:01] [DEBUG] [CONF] [REZOV_H (ID: 2)] lvp: -1
[2026-09-28 10:08:01] [DEBUG] [CONF] [REZOV_H (ID: 2)] timeFrom: -1
[2026-09-28 10:08:01] [DEBUG] [CONF] [REZOV_H (ID: 2)] timeTo: -1
[2026-09-28 10:08:01] [DEBUG] [CONF] [REZOV_H (ID: 3)] wpt: REZOV
[2026-09-28 10:08:01] [DEBUG] [CONF] [REZOV_H (ID: 3)] rwys: 18
[2026-09-28 10:08:01] [DEBUG] [CONF] [REZOV_H (ID: 3)] equip: NON-RNAV allowed FALSE
[2026-09-28 10:08:01] [DEBUG] [CONF] [REZOV_H (ID: 3)] equip: RNAV allowed TRUE
[2026-09-28 10:08:01] [DEBUG] [CONF] [REZOV_H (ID: 3)] initialClimb: 8000
[2026-09-28 10:08:01] [DEBUG] [CONF] [REZOV_H (ID: 3)] climb via: FALSE
[2026-09-28 10:08:01] [DEBUG] [CONF] [REZOV_H (ID: 3)] prio: 38
[2026-09-28 10:08:01] [DEBUG] [CONF] [REZOV_H (ID: 3)] pilotfiled: FALSE
[2026-09-28 10:08:01] [DEBUG] [CONF] [REZOV_H (ID: 3)] actDepRwy: deny - all - 
[2026-09-28 10:08:01] [DEBUG] [CONF] [REZOV_H (ID: 3)] actDepRwy: deny - any - 09
[2026-09-28 10:08:01] [DEBUG] [CONF] [REZOV_H (ID: 3)] wtc: 
[2026-09-28 10:08:01] [DEBUG] [CONF] [REZOV_H (ID: 3)] engType: 
[2026-09-28 10:08:01] [DEBUG] [CONF] [REZOV_H (ID: 3)] wingType: LSAT
[2026-09-28 10:08:01] [DEBUG] [CONF] [REZOV_H (ID: 3)] engCount: 0
[2026-09-28 10:08:01] [DEBUG] [CONF] [REZOV_H (ID: 3)] mtow: 0
[2026-09-28 10:08:01] [DEBUG] [CONF] [REZOV_H (ID: 3)] rule: 
[2026-09-28 10:08:01] [DEBUG] [CONF] [REZOV_H (ID: 3)] area: 
[2026-09-28 10:08:01] [DEBUG] [CONF] [REZOV_H (ID: 3)] lvp: -1
[2026-09-28 10:08:01] [DEBUG] [CONF] [REZOV_H (ID: 3)] timeFrom: -1
[2026-09-28 10:08:01] [DEBUG] [CONF] [REZOV_H (ID: 3)] timeTo: -1
[2026-09-28 10:08:01] [DEBUG] [CONF] [REZOV_H (ID: 4)] wpt: ETUBA
[2026-09-28 10:08:01] [DEBUG] [CONF] [REZOV_H (ID: 4)] rwys: 18
[2026-09-28 10:08:01] [DEBUG] [CONF] [REZOV_H (ID: 4)] equip: NON-RNAV allowed FALSE
[2026-09-28 10:08:01] [DEBUG] [CONF] [REZOV_H (ID: 4)] equip: RNAV allowed TRUE
[2026-09-28 10:08:01] [DEBUG] [CONF] [REZOV_H (ID: 4)] initialClimb: 8000
[2026-09-28 10:08:01] [DEBUG] [CONF] [REZOV_H (ID: 4)] climb via: FALSE
[2026-09-28 10:08:01] [DEBUG] [CONF] [REZOV_H (ID: 4)] prio: 38
[2026-09-28 10:08:01] [DEBUG] [CONF] [REZOV_H (ID: 4)] pilotfiled: FALSE
[2026-09-28 10:08:01] [DEBUG] [CONF] [REZOV_H (ID: 4)] actDepRwy: deny - all - 
[2026-09-28 10:08:01] [DEBUG] [CONF] [REZOV_H (ID: 4)] actDepRwy: deny - any - 09
[2026-09-28 10:08:01] [DEBUG] [CONF] [REZOV_H (ID: 4)] wtc: 
[2026-09-28 10:08:01] [DEBUG] [CONF] [REZOV_H (ID: 4)] engType: 
[2026-09-28 10:08:01] [DEBUG] [CONF] [REZOV_H (ID: 4)] wingType: LSAT
[2026-09-28 10:08:01] [DEBUG] [CONF] [REZOV_H (ID: 4)] engCount: 0
[2026-09-28 10:08:01] [DEBUG] [CONF] [REZOV_H (ID: 4)] mtow: 0
[2026-09-28 10:08:01] [DEBUG] [CONF] [REZOV_H (ID: 4)] rule: 
[2026-09-28 10:08:01] [DEBUG] [CONF] [REZOV_H (ID: 4)] area: 
[2026-09-28 10:08:01] [DEBUG] [CONF] [REZOV_H (ID: 4)] lvp: -1
[2026-09-28 10:08:01] [DEBUG] [CONF] [REZOV_H (ID: 4)] timeFrom: -1
[2026-09-28 10:08:01] [DEBUG] [CONF] [REZOV_H (ID: 4)] timeTo: -1
[2026-09-28 10:08:01] [DEBUG] [CONF] [TUDBU_L (ID: 1)] wpt: TUDBU
[2026-09-28 10:08:01] [DEBUG] [CONF] [TUDBU_L (ID: 1)] rwys: 09
[2026-09-28 10:08:01] [DEBUG] [CONF] [TUDBU_L (ID: 1)] equip: NON-RNAV allowed FALSE
[2026-09-28 10:08:01] [DEBUG] [CONF] [TUDBU_L (ID: 1)] equip: RNAV allowed TRUE
[2026-09-28 10:08:01] [DEBUG] [CONF] [TUDBU_L (ID: 1)] initialClimb: 6000
[2026-09-28 10:08:01] [DEBUG] [CONF] [TUDBU_L (ID: 1)] climb via: FALSE
[2026-09-28 10:08:01] [DEBUG] [CONF] [TUDBU_L (ID: 1)] prio: 3
[2026-09-28 10:08:01] [DEBUG] [CONF] [TUDBU_L (ID: 1)] pilotfiled: FALSE
[2026-09-28 10:08:01] [DEBUG] [CONF] [TUDBU_L (ID: 1)] actDepRwy: allow - all - 
[2026-09-28 10:08:01] [DEBUG] [CONF] [TUDBU_L (ID: 1)] actDepRwy: allow - any - 34L,34R,35L,35R
[2026-09-28 10:08:01] [DEBUG] [CONF] [TUDBU_L (ID: 1)] actDepRwy: deny - all - 
[2026-09-28 10:08:01] [DEBUG] [CONF] [TUDBU_L (ID: 1)] actDepRwy: deny - any - 36
[2026-09-28 10:08:01] [DEBUG] [CONF] [TUDBU_L (ID: 1)] wtc: 
[2026-09-28 10:08:01] [DEBUG] [CONF] [TUDBU_L (ID: 1)] engType: 
[2026-09-28 10:08:01] [DEBUG] [CONF] [TUDBU_L (ID: 1)] wingType: LSAT
[2026-09-28 10:08:01] [DEBUG] [CONF] [TUDBU_L (ID: 1)] engCount: 0
[2026-09-28 10:08:01] [DEBUG] [CONF] [TUDBU_L (ID: 1)] mtow: 0
[2026-09-28 10:08:01] [DEBUG] [CONF] [TUDBU_L (ID: 1)] rule: 
[2026-09-28 10:08:01] [DEBUG] [CONF] [TUDBU_L (ID: 1)] area: EAST
[2026-09-28 10:08:01] [DEBUG] [CONF] [TUDBU_L (ID: 1)] lvp: -1
[2026-09-28 10:08:01] [DEBUG] [CONF] [TUDBU_L (ID: 1)] timeFrom: -1
[2026-09-28 10:08:01] [DEBUG] [CONF] [TUDBU_L (ID: 1)] timeTo: -1
[2026-09-28 10:08:01] [DEBUG] [CONF] [TUDBU_L (ID: 2)] wpt: TUDBU
[2026-09-28 10:08:01] [DEBUG] [CONF] [TUDBU_L (ID: 2)] rwys: 09
[2026-09-28 10:08:01] [DEBUG] [CONF] [TUDBU_L (ID: 2)] equip: NON-RNAV allowed FALSE
[2026-09-28 10:08:01] [DEBUG] [CONF] [TUDBU_L (ID: 2)] equip: RNAV allowed TRUE
[2026-09-28 10:08:01] [DEBUG] [CONF] [TUDBU_L (ID: 2)] initialClimb: 6000
[2026-09-28 10:08:01] [DEBUG] [CONF] [TUDBU_L (ID: 2)] climb via: FALSE
[2026-09-28 10:08:01] [DEBUG] [CONF] [TUDBU_L (ID: 2)] prio: 36
[2026-09-28 10:08:01] [DEBUG] [CONF] [TUDBU_L (ID: 2)] pilotfiled: FALSE
[2026-09-28 10:08:01] [DEBUG] [CONF] [TUDBU_L (ID: 2)] actDepRwy: allow - all - 
[2026-09-28 10:08:01] [DEBUG] [CONF] [TUDBU_L (ID: 2)] actDepRwy: allow - any - 34L,34R,35L,35R
[2026-09-28 10:08:01] [DEBUG] [CONF] [TUDBU_L (ID: 2)] actDepRwy: deny - all - 
[2026-09-28 10:08:01] [DEBUG] [CONF] [TUDBU_L (ID: 2)] actDepRwy: deny - any - 36
[2026-09-28 10:08:01] [DEBUG] [CONF] [TUDBU_L (ID: 2)] wtc: 
[2026-09-28 10:08:01] [DEBUG] [CONF] [TUDBU_L (ID: 2)] engType: 
[2026-09-28 10:08:01] [DEBUG] [CONF] [TUDBU_L (ID: 2)] wingType: LSAT
[2026-09-28 10:08:01] [DEBUG] [CONF] [TUDBU_L (ID: 2)] engCount: 0
[2026-09-28 10:08:01] [DEBUG] [CONF] [TUDBU_L (ID: 2)] mtow: 0
[2026-09-28 10:08:01] [DEBUG] [CONF] [TUDBU_L (ID: 2)] rule: 
[2026-09-28 10:08:01] [DEBUG] [CONF] [TUDBU_L (ID: 2)] area: 
[2026-09-28 10:08:01] [DEBUG] [CONF] [TUDBU_L (ID: 2)] lvp: -1
[2026-09-28 10:08:01] [DEBUG] [CONF] [TUDBU_L (ID: 2)] timeFrom: -1
[2026-09-28 10:08:01] [DEBUG] [CONF] [TUDBU_L (ID: 2)] timeTo: -1
[2026-09-28 10:08:01] [DEBUG] [CONF] [TUDBU_M (ID: 1)] wpt: TUDBU
[2026-09-28 10:08:01] [DEBUG] [CONF] [TUDBU_M (ID: 1)] rwys: 09
[2026-09-28 10:08:01] [DEBUG] [CONF] [TUDBU_M (ID: 1)] equip: NON-RNAV allowed FALSE
[2026-09-28 10:08:01] [DEBUG] [CONF] [TUDBU_M (ID: 1)] equip: RNAV allowed TRUE
[2026-09-28 10:08:01] [DEBUG] [CONF] [TUDBU_M (ID: 1)] initialClimb: 6000
[2026-09-28 10:08:01] [DEBUG] [CONF] [TUDBU_M (ID: 1)] climb via: FALSE
[2026-09-28 10:08:01] [DEBUG] [CONF] [TUDBU_M (ID: 1)] prio: 3
[2026-09-28 10:08:01] [DEBUG] [CONF] [TUDBU_M (ID: 1)] pilotfiled: FALSE
[2026-09-28 10:08:01] [DEBUG] [CONF] [TUDBU_M (ID: 1)] actDepRwy: allow - all - 
[2026-09-28 10:08:01] [DEBUG] [CONF] [TUDBU_M (ID: 1)] actDepRwy: allow - any - 16L,16R,17L,17R,18
[2026-09-28 10:08:01] [DEBUG] [CONF] [TUDBU_M (ID: 1)] wtc: 
[2026-09-28 10:08:01] [DEBUG] [CONF] [TUDBU_M (ID: 1)] engType: 
[2026-09-28 10:08:01] [DEBUG] [CONF] [TUDBU_M (ID: 1)] wingType: LSAT
[2026-09-28 10:08:01] [DEBUG] [CONF] [TUDBU_M (ID: 1)] engCount: 0
[2026-09-28 10:08:01] [DEBUG] [CONF] [TUDBU_M (ID: 1)] mtow: 0
[2026-09-28 10:08:01] [DEBUG] [CONF] [TUDBU_M (ID: 1)] rule: 
[2026-09-28 10:08:01] [DEBUG] [CONF] [TUDBU_M (ID: 1)] area: EAST
[2026-09-28 10:08:01] [DEBUG] [CONF] [TUDBU_M (ID: 1)] lvp: -1
[2026-09-28 10:08:01] [DEBUG] [CONF] [TUDBU_M (ID: 1)] timeFrom: -1
[2026-09-28 10:08:01] [DEBUG] [CONF] [TUDBU_M (ID: 1)] timeTo: -1
[2026-09-28 10:08:01] [DEBUG] [CONF] [TUDBU_M (ID: 2)] wpt: TUDBU
[2026-09-28 10:08:01] [DEBUG] [CONF] [TUDBU_M (ID: 2)] rwys: 09
[2026-09-28 10:08:01] [DEBUG] [CONF] [TUDBU_M (ID: 2)] equip: NON-RNAV allowed FALSE
[2026-09-28 10:08:01] [DEBUG] [CONF] [TUDBU_M (ID: 2)] equip: RNAV allowed TRUE
[2026-09-28 10:08:01] [DEBUG] [CONF] [TUDBU_M (ID: 2)] initialClimb: 6000
[2026-09-28 10:08:01] [DEBUG] [CONF] [TUDBU_M (ID: 2)] climb via: FALSE
[2026-09-28 10:08:01] [DEBUG] [CONF] [TUDBU_M (ID: 2)] prio: 36
[2026-09-28 10:08:01] [DEBUG] [CONF] [TUDBU_M (ID: 2)] pilotfiled: FALSE
[2026-09-28 10:08:01] [DEBUG] [CONF] [TUDBU_M (ID: 2)] actDepRwy: allow - all - 
[2026-09-28 10:08:01] [DEBUG] [CONF] [TUDBU_M (ID: 2)] actDepRwy: allow - any - 16L,16R,17L,17R,18
[2026-09-28 10:08:01] [DEBUG] [CONF] [TUDBU_M (ID: 2)] wtc: 
[2026-09-28 10:08:01] [DEBUG] [CONF] [TUDBU_M (ID: 2)] engType: 
[2026-09-28 10:08:01] [DEBUG] [CONF] [TUDBU_M (ID: 2)] wingType: LSAT
[2026-09-28 10:08:01] [DEBUG] [CONF] [TUDBU_M (ID: 2)] engCount: 0
[2026-09-28 10:08:01] [DEBUG] [CONF] [TUDBU_M (ID: 2)] mtow: 0
[2026-09-28 10:08:01] [DEBUG] [CONF] [TUDBU_M (ID: 2)] rule: 
[2026-09-28 10:08:01] [DEBUG] [CONF] [TUDBU_M (ID: 2)] area: 
[2026-09-28 10:08:01] [DEBUG] [CONF] [TUDBU_M (ID: 2)] lvp: -1
[2026-09-28 10:08:01] [DEBUG] [CONF] [TUDBU_M (ID: 2)] timeFrom: -1
[2026-09-28 10:08:01] [DEBUG] [CONF] [TUDBU_M (ID: 2)] timeTo: -1
[2026-09-28 10:08:01] [DEBUG] [CONF] [TUDBU_M (ID: 3)] wpt: TUDBU
[2026-09-28 10:08:01] [DEBUG] [CONF] [TUDBU_M (ID: 3)] rwys: 09
[2026-09-28 10:08:01] [DEBUG] [CONF] [TUDBU_M (ID: 3)] equip: NON-RNAV allowed FALSE
[2026-09-28 10:08:01] [DEBUG] [CONF] [TUDBU_M (ID: 3)] equip: RNAV allowed TRUE
[2026-09-28 10:08:01] [DEBUG] [CONF] [TUDBU_M (ID: 3)] initialClimb: 6000
[2026-09-28 10:08:01] [DEBUG] [CONF] [TUDBU_M (ID: 3)] climb via: FALSE
[2026-09-28 10:08:01] [DEBUG] [CONF] [TUDBU_M (ID: 3)] prio: 40
[2026-09-28 10:08:01] [DEBUG] [CONF] [TUDBU_M (ID: 3)] pilotfiled: FALSE
[2026-09-28 10:08:01] [DEBUG] [CONF] [TUDBU_M (ID: 3)] actDepRwy: deny - all - 
[2026-09-28 10:08:01] [DEBUG] [CONF] [TUDBU_M (ID: 3)] actDepRwy: deny - any - 16L,16R,17L,17R,18,34L,34R,35L,35R,36
[2026-09-28 10:08:01] [DEBUG] [CONF] [TUDBU_M (ID: 3)] wtc: 
[2026-09-28 10:08:01] [DEBUG] [CONF] [TUDBU_M (ID: 3)] engType: 
[2026-09-28 10:08:01] [DEBUG] [CONF] [TUDBU_M (ID: 3)] wingType: LSAT
[2026-09-28 10:08:01] [DEBUG] [CONF] [TUDBU_M (ID: 3)] engCount: 0
[2026-09-28 10:08:01] [DEBUG] [CONF] [TUDBU_M (ID: 3)] mtow: 0
[2026-09-28 10:08:01] [DEBUG] [CONF] [TUDBU_M (ID: 3)] rule: 
[2026-09-28 10:08:01] [DEBUG] [CONF] [TUDBU_M (ID: 3)] area: 
[2026-09-28 10:08:01] [DEBUG] [CONF] [TUDBU_M (ID: 3)] lvp: -1
[2026-09-28 10:08:01] [DEBUG] [CONF] [TUDBU_M (ID: 3)] timeFrom: -1
[2026-09-28 10:08:01] [DEBUG] [CONF] [TUDBU_M (ID: 3)] timeTo: -1
[2026-09-28 10:08:01] [DEBUG] [CONF] [TUDBU_C (ID: 1)] wpt: TUDBU
[2026-09-28 10:08:01] [DEBUG] [CONF] [TUDBU_C (ID: 1)] rwys: 34L,34R
[2026-09-28 10:08:01] [DEBUG] [CONF] [TUDBU_C (ID: 1)] equip: NON-RNAV allowed FALSE
[2026-09-28 10:08:01] [DEBUG] [CONF] [TUDBU_C (ID: 1)] equip: RNAV allowed TRUE
[2026-09-28 10:08:01] [DEBUG] [CONF] [TUDBU_C (ID: 1)] initialClimb: 4000
[2026-09-28 10:08:01] [DEBUG] [CONF] [TUDBU_C (ID: 1)] climb via: FALSE
[2026-09-28 10:08:01] [DEBUG] [CONF] [TUDBU_C (ID: 1)] prio: 15
[2026-09-28 10:08:01] [DEBUG] [CONF] [TUDBU_C (ID: 1)] pilotfiled: FALSE
[2026-09-28 10:08:01] [DEBUG] [CONF] [TUDBU_C (ID: 1)] actDepRwy: deny - all - 
[2026-09-28 10:08:01] [DEBUG] [CONF] [TUDBU_C (ID: 1)] actDepRwy: deny - any - 35L,35R
[2026-09-28 10:08:01] [DEBUG] [CONF] [TUDBU_C (ID: 1)] wtc: 
[2026-09-28 10:08:01] [DEBUG] [CONF] [TUDBU_C (ID: 1)] engType: 
[2026-09-28 10:08:01] [DEBUG] [CONF] [TUDBU_C (ID: 1)] wingType: LSAT
[2026-09-28 10:08:01] [DEBUG] [CONF] [TUDBU_C (ID: 1)] engCount: 0
[2026-09-28 10:08:01] [DEBUG] [CONF] [TUDBU_C (ID: 1)] mtow: 0
[2026-09-28 10:08:01] [DEBUG] [CONF] [TUDBU_C (ID: 1)] rule: 
[2026-09-28 10:08:01] [DEBUG] [CONF] [TUDBU_C (ID: 1)] area: 
[2026-09-28 10:08:01] [DEBUG] [CONF] [TUDBU_C (ID: 1)] lvp: -1
[2026-09-28 10:08:01] [DEBUG] [CONF] [TUDBU_C (ID: 1)] timeFrom: -1
[2026-09-28 10:08:01] [DEBUG] [CONF] [TUDBU_C (ID: 1)] timeTo: -1
[2026-09-28 10:08:01] [DEBUG] [CONF] [TUDBU_D (ID: 1)] wpt: TUDBU
[2026-09-28 10:08:01] [DEBUG] [CONF] [TUDBU_D (ID: 1)] rwys: 35L,35R
[2026-09-28 10:08:01] [DEBUG] [CONF] [TUDBU_D (ID: 1)] equip: NON-RNAV allowed FALSE
[2026-09-28 10:08:01] [DEBUG] [CONF] [TUDBU_D (ID: 1)] equip: RNAV allowed TRUE
[2026-09-28 10:08:01] [DEBUG] [CONF] [TUDBU_D (ID: 1)] initialClimb: 5000
[2026-09-28 10:08:01] [DEBUG] [CONF] [TUDBU_D (ID: 1)] climb via: FALSE
[2026-09-28 10:08:01] [DEBUG] [CONF] [TUDBU_D (ID: 1)] prio: 15
[2026-09-28 10:08:01] [DEBUG] [CONF] [TUDBU_D (ID: 1)] pilotfiled: FALSE
[2026-09-28 10:08:01] [DEBUG] [CONF] [TUDBU_D (ID: 1)] wtc: 
[2026-09-28 10:08:01] [DEBUG] [CONF] [TUDBU_D (ID: 1)] engType: 
[2026-09-28 10:08:01] [DEBUG] [CONF] [TUDBU_D (ID: 1)] wingType: LSAT
[2026-09-28 10:08:01] [DEBUG] [CONF] [TUDBU_D (ID: 1)] engCount: 0
[2026-09-28 10:08:01] [DEBUG] [CONF] [TUDBU_D (ID: 1)] mtow: 0
[2026-09-28 10:08:01] [DEBUG] [CONF] [TUDBU_D (ID: 1)] rule: 
[2026-09-28 10:08:01] [DEBUG] [CONF] [TUDBU_D (ID: 1)] area: 
[2026-09-28 10:08:01] [DEBUG] [CONF] [TUDBU_D (ID: 1)] lvp: -1
[2026-09-28 10:08:01] [DEBUG] [CONF] [TUDBU_D (ID: 1)] timeFrom: -1
[2026-09-28 10:08:01] [DEBUG] [CONF] [TUDBU_D (ID: 1)] timeTo: -1
[2026-09-28 10:08:01] [DEBUG] [CONF] [TUDBU_E (ID: 1)] wpt: TUDBU
[2026-09-28 10:08:01] [DEBUG] [CONF] [TUDBU_E (ID: 1)] rwys: 36
[2026-09-28 10:08:01] [DEBUG] [CONF] [TUDBU_E (ID: 1)] equip: NON-RNAV allowed FALSE
[2026-09-28 10:08:01] [DEBUG] [CONF] [TUDBU_E (ID: 1)] equip: RNAV allowed TRUE
[2026-09-28 10:08:01] [DEBUG] [CONF] [TUDBU_E (ID: 1)] initialClimb: 8000
[2026-09-28 10:08:01] [DEBUG] [CONF] [TUDBU_E (ID: 1)] climb via: FALSE
[2026-09-28 10:08:01] [DEBUG] [CONF] [TUDBU_E (ID: 1)] prio: 4
[2026-09-28 10:08:01] [DEBUG] [CONF] [TUDBU_E (ID: 1)] pilotfiled: FALSE
[2026-09-28 10:08:01] [DEBUG] [CONF] [TUDBU_E (ID: 1)] wtc: 
[2026-09-28 10:08:01] [DEBUG] [CONF] [TUDBU_E (ID: 1)] engType: 
[2026-09-28 10:08:01] [DEBUG] [CONF] [TUDBU_E (ID: 1)] wingType: LSAT
[2026-09-28 10:08:01] [DEBUG] [CONF] [TUDBU_E (ID: 1)] engCount: 0
[2026-09-28 10:08:01] [DEBUG] [CONF] [TUDBU_E (ID: 1)] mtow: 0
[2026-09-28 10:08:01] [DEBUG] [CONF] [TUDBU_E (ID: 1)] rule: 
[2026-09-28 10:08:01] [DEBUG] [CONF] [TUDBU_E (ID: 1)] area: EAST
[2026-09-28 10:08:01] [DEBUG] [CONF] [TUDBU_E (ID: 1)] lvp: -1
[2026-09-28 10:08:01] [DEBUG] [CONF] [TUDBU_E (ID: 1)] timeFrom: -1
[2026-09-28 10:08:01] [DEBUG] [CONF] [TUDBU_E (ID: 1)] timeTo: -1
[2026-09-28 10:08:01] [DEBUG] [CONF] [TUDBU_E (ID: 2)] wpt: TUDBU
[2026-09-28 10:08:01] [DEBUG] [CONF] [TUDBU_E (ID: 2)] rwys: 36
[2026-09-28 10:08:01] [DEBUG] [CONF] [TUDBU_E (ID: 2)] equip: NON-RNAV allowed FALSE
[2026-09-28 10:08:01] [DEBUG] [CONF] [TUDBU_E (ID: 2)] equip: RNAV allowed TRUE
[2026-09-28 10:08:01] [DEBUG] [CONF] [TUDBU_E (ID: 2)] initialClimb: 8000
[2026-09-28 10:08:01] [DEBUG] [CONF] [TUDBU_E (ID: 2)] climb via: FALSE
[2026-09-28 10:08:01] [DEBUG] [CONF] [TUDBU_E (ID: 2)] prio: 38
[2026-09-28 10:08:01] [DEBUG] [CONF] [TUDBU_E (ID: 2)] pilotfiled: FALSE
[2026-09-28 10:08:01] [DEBUG] [CONF] [TUDBU_E (ID: 2)] wtc: 
[2026-09-28 10:08:01] [DEBUG] [CONF] [TUDBU_E (ID: 2)] engType: 
[2026-09-28 10:08:01] [DEBUG] [CONF] [TUDBU_E (ID: 2)] wingType: LSAT
[2026-09-28 10:08:01] [DEBUG] [CONF] [TUDBU_E (ID: 2)] engCount: 0
[2026-09-28 10:08:01] [DEBUG] [CONF] [TUDBU_E (ID: 2)] mtow: 0
[2026-09-28 10:08:01] [DEBUG] [CONF] [TUDBU_E (ID: 2)] rule: 
[2026-09-28 10:08:01] [DEBUG] [CONF] [TUDBU_E (ID: 2)] area: 
[2026-09-28 10:08:01] [DEBUG] [CONF] [TUDBU_E (ID: 2)] lvp: -1
[2026-09-28 10:08:01] [DEBUG] [CONF] [TUDBU_E (ID: 2)] timeFrom: -1
[2026-09-28 10:08:01] [DEBUG] [CONF] [TUDBU_E (ID: 2)] timeTo: -1
[2026-09-28 10:08:01] [DEBUG] [CONF] [TUDBU_F (ID: 1)] wpt: TUDBU
[2026-09-28 10:08:01] [DEBUG] [CONF] [TUDBU_F (ID: 1)] rwys: 16L,16R
[2026-09-28 10:08:01] [DEBUG] [CONF] [TUDBU_F (ID: 1)] equip: NON-RNAV allowed FALSE
[2026-09-28 10:08:01] [DEBUG] [CONF] [TUDBU_F (ID: 1)] equip: RNAV allowed TRUE
[2026-09-28 10:08:01] [DEBUG] [CONF] [TUDBU_F (ID: 1)] initialClimb: 4000
[2026-09-28 10:08:01] [DEBUG] [CONF] [TUDBU_F (ID: 1)] climb via: FALSE
[2026-09-28 10:08:01] [DEBUG] [CONF] [TUDBU_F (ID: 1)] prio: 15
[2026-09-28 10:08:01] [DEBUG] [CONF] [TUDBU_F (ID: 1)] pilotfiled: FALSE
[2026-09-28 10:08:01] [DEBUG] [CONF] [TUDBU_F (ID: 1)] wtc: 
[2026-09-28 10:08:01] [DEBUG] [CONF] [TUDBU_F (ID: 1)] engType: 
[2026-09-28 10:08:01] [DEBUG] [CONF] [TUDBU_F (ID: 1)] wingType: LSAT
[2026-09-28 10:08:01] [DEBUG] [CONF] [TUDBU_F (ID: 1)] engCount: 0
[2026-09-28 10:08:01] [DEBUG] [CONF] [TUDBU_F (ID: 1)] mtow: 0
[2026-09-28 10:08:01] [DEBUG] [CONF] [TUDBU_F (ID: 1)] rule: 
[2026-09-28 10:08:01] [DEBUG] [CONF] [TUDBU_F (ID: 1)] area: 
[2026-09-28 10:08:01] [DEBUG] [CONF] [TUDBU_F (ID: 1)] lvp: -1
[2026-09-28 10:08:01] [DEBUG] [CONF] [TUDBU_F (ID: 1)] timeFrom: -1
[2026-09-28 10:08:01] [DEBUG] [CONF] [TUDBU_F (ID: 1)] timeTo: -1
[2026-09-28 10:08:01] [DEBUG] [CONF] [TUDBU_G (ID: 1)] wpt: TUDBU
[2026-09-28 10:08:01] [DEBUG] [CONF] [TUDBU_G (ID: 1)] rwys: 17L,17R
[2026-09-28 10:08:01] [DEBUG] [CONF] [TUDBU_G (ID: 1)] equip: NON-RNAV allowed FALSE
[2026-09-28 10:08:01] [DEBUG] [CONF] [TUDBU_G (ID: 1)] equip: RNAV allowed TRUE
[2026-09-28 10:08:01] [DEBUG] [CONF] [TUDBU_G (ID: 1)] initialClimb: 5000
[2026-09-28 10:08:01] [DEBUG] [CONF] [TUDBU_G (ID: 1)] climb via: FALSE
[2026-09-28 10:08:01] [DEBUG] [CONF] [TUDBU_G (ID: 1)] prio: 15
[2026-09-28 10:08:01] [DEBUG] [CONF] [TUDBU_G (ID: 1)] pilotfiled: FALSE
[2026-09-28 10:08:01] [DEBUG] [CONF] [TUDBU_G (ID: 1)] actDepRwy: deny - all - 
[2026-09-28 10:08:01] [DEBUG] [CONF] [TUDBU_G (ID: 1)] actDepRwy: deny - any - 16L,16R
[2026-09-28 10:08:01] [DEBUG] [CONF] [TUDBU_G (ID: 1)] wtc: 
[2026-09-28 10:08:01] [DEBUG] [CONF] [TUDBU_G (ID: 1)] engType: 
[2026-09-28 10:08:01] [DEBUG] [CONF] [TUDBU_G (ID: 1)] wingType: LSAT
[2026-09-28 10:08:01] [DEBUG] [CONF] [TUDBU_G (ID: 1)] engCount: 0
[2026-09-28 10:08:01] [DEBUG] [CONF] [TUDBU_G (ID: 1)] mtow: 0
[2026-09-28 10:08:01] [DEBUG] [CONF] [TUDBU_G (ID: 1)] rule: 
[2026-09-28 10:08:01] [DEBUG] [CONF] [TUDBU_G (ID: 1)] area: 
[2026-09-28 10:08:01] [DEBUG] [CONF] [TUDBU_G (ID: 1)] lvp: -1
[2026-09-28 10:08:01] [DEBUG] [CONF] [TUDBU_G (ID: 1)] timeFrom: -1
[2026-09-28 10:08:01] [DEBUG] [CONF] [TUDBU_G (ID: 1)] timeTo: -1
[2026-09-28 10:08:01] [DEBUG] [CONF] [TUDBU_H (ID: 1)] wpt: TUDBU
[2026-09-28 10:08:01] [DEBUG] [CONF] [TUDBU_H (ID: 1)] rwys: 18
[2026-09-28 10:08:01] [DEBUG] [CONF] [TUDBU_H (ID: 1)] equip: NON-RNAV allowed FALSE
[2026-09-28 10:08:01] [DEBUG] [CONF] [TUDBU_H (ID: 1)] equip: RNAV allowed TRUE
[2026-09-28 10:08:01] [DEBUG] [CONF] [TUDBU_H (ID: 1)] initialClimb: 8000
[2026-09-28 10:08:01] [DEBUG] [CONF] [TUDBU_H (ID: 1)] climb via: FALSE
[2026-09-28 10:08:01] [DEBUG] [CONF] [TUDBU_H (ID: 1)] prio: 4
[2026-09-28 10:08:01] [DEBUG] [CONF] [TUDBU_H (ID: 1)] pilotfiled: FALSE
[2026-09-28 10:08:01] [DEBUG] [CONF] [TUDBU_H (ID: 1)] actDepRwy: deny - all - 
[2026-09-28 10:08:01] [DEBUG] [CONF] [TUDBU_H (ID: 1)] actDepRwy: deny - any - 09
[2026-09-28 10:08:01] [DEBUG] [CONF] [TUDBU_H (ID: 1)] wtc: 
[2026-09-28 10:08:01] [DEBUG] [CONF] [TUDBU_H (ID: 1)] engType: 
[2026-09-28 10:08:01] [DEBUG] [CONF] [TUDBU_H (ID: 1)] wingType: LSAT
[2026-09-28 10:08:01] [DEBUG] [CONF] [TUDBU_H (ID: 1)] engCount: 0
[2026-09-28 10:08:01] [DEBUG] [CONF] [TUDBU_H (ID: 1)] mtow: 0
[2026-09-28 10:08:01] [DEBUG] [CONF] [TUDBU_H (ID: 1)] rule: 
[2026-09-28 10:08:01] [DEBUG] [CONF] [TUDBU_H (ID: 1)] area: EAST
[2026-09-28 10:08:01] [DEBUG] [CONF] [TUDBU_H (ID: 1)] lvp: -1
[2026-09-28 10:08:01] [DEBUG] [CONF] [TUDBU_H (ID: 1)] timeFrom: -1
[2026-09-28 10:08:01] [DEBUG] [CONF] [TUDBU_H (ID: 1)] timeTo: -1
[2026-09-28 10:08:01] [DEBUG] [CONF] [TUDBU_H (ID: 2)] wpt: TUDBU
[2026-09-28 10:08:01] [DEBUG] [CONF] [TUDBU_H (ID: 2)] rwys: 18
[2026-09-28 10:08:01] [DEBUG] [CONF] [TUDBU_H (ID: 2)] equip: NON-RNAV allowed FALSE
[2026-09-28 10:08:01] [DEBUG] [CONF] [TUDBU_H (ID: 2)] equip: RNAV allowed TRUE
[2026-09-28 10:08:01] [DEBUG] [CONF] [TUDBU_H (ID: 2)] initialClimb: 8000
[2026-09-28 10:08:01] [DEBUG] [CONF] [TUDBU_H (ID: 2)] climb via: FALSE
[2026-09-28 10:08:01] [DEBUG] [CONF] [TUDBU_H (ID: 2)] prio: 38
[2026-09-28 10:08:01] [DEBUG] [CONF] [TUDBU_H (ID: 2)] pilotfiled: FALSE
[2026-09-28 10:08:01] [DEBUG] [CONF] [TUDBU_H (ID: 2)] actDepRwy: deny - all - 
[2026-09-28 10:08:01] [DEBUG] [CONF] [TUDBU_H (ID: 2)] actDepRwy: deny - any - 09
[2026-09-28 10:08:01] [DEBUG] [CONF] [TUDBU_H (ID: 2)] wtc: 
[2026-09-28 10:08:01] [DEBUG] [CONF] [TUDBU_H (ID: 2)] engType: 
[2026-09-28 10:08:01] [DEBUG] [CONF] [TUDBU_H (ID: 2)] wingType: LSAT
[2026-09-28 10:08:01] [DEBUG] [CONF] [TUDBU_H (ID: 2)] engCount: 0
[2026-09-28 10:08:01] [DEBUG] [CONF] [TUDBU_H (ID: 2)] mtow: 0
[2026-09-28 10:08:01] [DEBUG] [CONF] [TUDBU_H (ID: 2)] rule: 
[2026-09-28 10:08:01] [DEBUG] [CONF] [TUDBU_H (ID: 2)] area: 
[2026-09-28 10:08:01] [DEBUG] [CONF] [TUDBU_H (ID: 2)] lvp: -1
[2026-09-28 10:08:01] [DEBUG] [CONF] [TUDBU_H (ID: 2)] timeFrom: -1
[2026-09-28 10:08:01] [DEBUG] [CONF] [TUDBU_H (ID: 2)] timeTo: -1
[2026-09-28 10:08:01] [DEBUG] [CONF] [VADEN_L (ID: 1)] wpt: VADEN
[2026-09-28 10:08:01] [DEBUG] [CONF] [VADEN_L (ID: 1)] rwys: 09
[2026-09-28 10:08:01] [DEBUG] [CONF] [VADEN_L (ID: 1)] equip: NON-RNAV allowed FALSE
[2026-09-28 10:08:01] [DEBUG] [CONF] [VADEN_L (ID: 1)] equip: RNAV allowed TRUE
[2026-09-28 10:08:01] [DEBUG] [CONF] [VADEN_L (ID: 1)] initialClimb: 6000
[2026-09-28 10:08:01] [DEBUG] [CONF] [VADEN_L (ID: 1)] climb via: FALSE
[2026-09-28 10:08:01] [DEBUG] [CONF] [VADEN_L (ID: 1)] prio: 3
[2026-09-28 10:08:01] [DEBUG] [CONF] [VADEN_L (ID: 1)] pilotfiled: FALSE
[2026-09-28 10:08:01] [DEBUG] [CONF] [VADEN_L (ID: 1)] actDepRwy: allow - all - 
[2026-09-28 10:08:01] [DEBUG] [CONF] [VADEN_L (ID: 1)] actDepRwy: allow - any - 34L,34R,35L,35R
[2026-09-28 10:08:01] [DEBUG] [CONF] [VADEN_L (ID: 1)] actDepRwy: deny - all - 
[2026-09-28 10:08:01] [DEBUG] [CONF] [VADEN_L (ID: 1)] actDepRwy: deny - any - 36
[2026-09-28 10:08:01] [DEBUG] [CONF] [VADEN_L (ID: 1)] wtc: 
[2026-09-28 10:08:01] [DEBUG] [CONF] [VADEN_L (ID: 1)] engType: 
[2026-09-28 10:08:01] [DEBUG] [CONF] [VADEN_L (ID: 1)] wingType: LSAT
[2026-09-28 10:08:01] [DEBUG] [CONF] [VADEN_L (ID: 1)] engCount: 0
[2026-09-28 10:08:01] [DEBUG] [CONF] [VADEN_L (ID: 1)] mtow: 0
[2026-09-28 10:08:01] [DEBUG] [CONF] [VADEN_L (ID: 1)] rule: 
[2026-09-28 10:08:01] [DEBUG] [CONF] [VADEN_L (ID: 1)] area: EAST
[2026-09-28 10:08:01] [DEBUG] [CONF] [VADEN_L (ID: 1)] lvp: -1
[2026-09-28 10:08:01] [DEBUG] [CONF] [VADEN_L (ID: 1)] timeFrom: -1
[2026-09-28 10:08:01] [DEBUG] [CONF] [VADEN_L (ID: 1)] timeTo: -1
[2026-09-28 10:08:01] [DEBUG] [CONF] [VADEN_L (ID: 2)] wpt: VADEN
[2026-09-28 10:08:01] [DEBUG] [CONF] [VADEN_L (ID: 2)] rwys: 09
[2026-09-28 10:08:01] [DEBUG] [CONF] [VADEN_L (ID: 2)] equip: NON-RNAV allowed FALSE
[2026-09-28 10:08:01] [DEBUG] [CONF] [VADEN_L (ID: 2)] equip: RNAV allowed TRUE
[2026-09-28 10:08:01] [DEBUG] [CONF] [VADEN_L (ID: 2)] initialClimb: 6000
[2026-09-28 10:08:01] [DEBUG] [CONF] [VADEN_L (ID: 2)] climb via: FALSE
[2026-09-28 10:08:01] [DEBUG] [CONF] [VADEN_L (ID: 2)] prio: 36
[2026-09-28 10:08:01] [DEBUG] [CONF] [VADEN_L (ID: 2)] pilotfiled: FALSE
[2026-09-28 10:08:01] [DEBUG] [CONF] [VADEN_L (ID: 2)] actDepRwy: allow - all - 
[2026-09-28 10:08:01] [DEBUG] [CONF] [VADEN_L (ID: 2)] actDepRwy: allow - any - 34L,34R,35L,35R
[2026-09-28 10:08:01] [DEBUG] [CONF] [VADEN_L (ID: 2)] actDepRwy: deny - all - 
[2026-09-28 10:08:01] [DEBUG] [CONF] [VADEN_L (ID: 2)] actDepRwy: deny - any - 36
[2026-09-28 10:08:01] [DEBUG] [CONF] [VADEN_L (ID: 2)] wtc: 
[2026-09-28 10:08:01] [DEBUG] [CONF] [VADEN_L (ID: 2)] engType: 
[2026-09-28 10:08:01] [DEBUG] [CONF] [VADEN_L (ID: 2)] wingType: LSAT
[2026-09-28 10:08:01] [DEBUG] [CONF] [VADEN_L (ID: 2)] engCount: 0
[2026-09-28 10:08:01] [DEBUG] [CONF] [VADEN_L (ID: 2)] mtow: 0
[2026-09-28 10:08:01] [DEBUG] [CONF] [VADEN_L (ID: 2)] rule: 
[2026-09-28 10:08:01] [DEBUG] [CONF] [VADEN_L (ID: 2)] area: 
[2026-09-28 10:08:01] [DEBUG] [CONF] [VADEN_L (ID: 2)] lvp: -1
[2026-09-28 10:08:01] [DEBUG] [CONF] [VADEN_L (ID: 2)] timeFrom: -1
[2026-09-28 10:08:01] [DEBUG] [CONF] [VADEN_L (ID: 2)] timeTo: -1
[2026-09-28 10:08:01] [DEBUG] [CONF] [VADEN_M (ID: 1)] wpt: VADEN
[2026-09-28 10:08:01] [DEBUG] [CONF] [VADEN_M (ID: 1)] rwys: 09
[2026-09-28 10:08:01] [DEBUG] [CONF] [VADEN_M (ID: 1)] equip: NON-RNAV allowed FALSE
[2026-09-28 10:08:01] [DEBUG] [CONF] [VADEN_M (ID: 1)] equip: RNAV allowed TRUE
[2026-09-28 10:08:01] [DEBUG] [CONF] [VADEN_M (ID: 1)] initialClimb: 6000
[2026-09-28 10:08:01] [DEBUG] [CONF] [VADEN_M (ID: 1)] climb via: FALSE
[2026-09-28 10:08:01] [DEBUG] [CONF] [VADEN_M (ID: 1)] prio: 3
[2026-09-28 10:08:01] [DEBUG] [CONF] [VADEN_M (ID: 1)] pilotfiled: FALSE
[2026-09-28 10:08:01] [DEBUG] [CONF] [VADEN_M (ID: 1)] actDepRwy: allow - all - 
[2026-09-28 10:08:01] [DEBUG] [CONF] [VADEN_M (ID: 1)] actDepRwy: allow - any - 16L,16R,17L,17R,18
[2026-09-28 10:08:01] [DEBUG] [CONF] [VADEN_M (ID: 1)] wtc: 
[2026-09-28 10:08:01] [DEBUG] [CONF] [VADEN_M (ID: 1)] engType: 
[2026-09-28 10:08:01] [DEBUG] [CONF] [VADEN_M (ID: 1)] wingType: LSAT
[2026-09-28 10:08:01] [DEBUG] [CONF] [VADEN_M (ID: 1)] engCount: 0
[2026-09-28 10:08:01] [DEBUG] [CONF] [VADEN_M (ID: 1)] mtow: 0
[2026-09-28 10:08:01] [DEBUG] [CONF] [VADEN_M (ID: 1)] rule: 
[2026-09-28 10:08:01] [DEBUG] [CONF] [VADEN_M (ID: 1)] area: EAST
[2026-09-28 10:08:01] [DEBUG] [CONF] [VADEN_M (ID: 1)] lvp: -1
[2026-09-28 10:08:01] [DEBUG] [CONF] [VADEN_M (ID: 1)] timeFrom: -1
[2026-09-28 10:08:01] [DEBUG] [CONF] [VADEN_M (ID: 1)] timeTo: -1
[2026-09-28 10:08:01] [DEBUG] [CONF] [VADEN_M (ID: 2)] wpt: VADEN
[2026-09-28 10:08:01] [DEBUG] [CONF] [VADEN_M (ID: 2)] rwys: 09
[2026-09-28 10:08:01] [DEBUG] [CONF] [VADEN_M (ID: 2)] equip: NON-RNAV allowed FALSE
[2026-09-28 10:08:01] [DEBUG] [CONF] [VADEN_M (ID: 2)] equip: RNAV allowed TRUE
[2026-09-28 10:08:01] [DEBUG] [CONF] [VADEN_M (ID: 2)] initialClimb: 6000
[2026-09-28 10:08:01] [DEBUG] [CONF] [VADEN_M (ID: 2)] climb via: FALSE
[2026-09-28 10:08:01] [DEBUG] [CONF] [VADEN_M (ID: 2)] prio: 36
[2026-09-28 10:08:01] [DEBUG] [CONF] [VADEN_M (ID: 2)] pilotfiled: FALSE
[2026-09-28 10:08:01] [DEBUG] [CONF] [VADEN_M (ID: 2)] actDepRwy: allow - all - 
[2026-09-28 10:08:01] [DEBUG] [CONF] [VADEN_M (ID: 2)] actDepRwy: allow - any - 16L,16R,17L,17R,18
[2026-09-28 10:08:01] [DEBUG] [CONF] [VADEN_M (ID: 2)] wtc: 
[2026-09-28 10:08:01] [DEBUG] [CONF] [VADEN_M (ID: 2)] engType: 
[2026-09-28 10:08:01] [DEBUG] [CONF] [VADEN_M (ID: 2)] wingType: LSAT
[2026-09-28 10:08:01] [DEBUG] [CONF] [VADEN_M (ID: 2)] engCount: 0
[2026-09-28 10:08:01] [DEBUG] [CONF] [VADEN_M (ID: 2)] mtow: 0
[2026-09-28 10:08:01] [DEBUG] [CONF] [VADEN_M (ID: 2)] rule: 
[2026-09-28 10:08:01] [DEBUG] [CONF] [VADEN_M (ID: 2)] area: 
[2026-09-28 10:08:01] [DEBUG] [CONF] [VADEN_M (ID: 2)] lvp: -1
[2026-09-28 10:08:01] [DEBUG] [CONF] [VADEN_M (ID: 2)] timeFrom: -1
[2026-09-28 10:08:01] [DEBUG] [CONF] [VADEN_M (ID: 2)] timeTo: -1
[2026-09-28 10:08:01] [DEBUG] [CONF] [VADEN_M (ID: 3)] wpt: VADEN
[2026-09-28 10:08:01] [DEBUG] [CONF] [VADEN_M (ID: 3)] rwys: 09
[2026-09-28 10:08:01] [DEBUG] [CONF] [VADEN_M (ID: 3)] equip: NON-RNAV allowed FALSE
[2026-09-28 10:08:01] [DEBUG] [CONF] [VADEN_M (ID: 3)] equip: RNAV allowed TRUE
[2026-09-28 10:08:01] [DEBUG] [CONF] [VADEN_M (ID: 3)] initialClimb: 6000
[2026-09-28 10:08:01] [DEBUG] [CONF] [VADEN_M (ID: 3)] climb via: FALSE
[2026-09-28 10:08:01] [DEBUG] [CONF] [VADEN_M (ID: 3)] prio: 40
[2026-09-28 10:08:01] [DEBUG] [CONF] [VADEN_M (ID: 3)] pilotfiled: FALSE
[2026-09-28 10:08:01] [DEBUG] [CONF] [VADEN_M (ID: 3)] actDepRwy: deny - all - 
[2026-09-28 10:08:01] [DEBUG] [CONF] [VADEN_M (ID: 3)] actDepRwy: deny - any - 16L,16R,17L,17R,18,34L,34R,35L,35R,36
[2026-09-28 10:08:01] [DEBUG] [CONF] [VADEN_M (ID: 3)] wtc: 
[2026-09-28 10:08:01] [DEBUG] [CONF] [VADEN_M (ID: 3)] engType: 
[2026-09-28 10:08:01] [DEBUG] [CONF] [VADEN_M (ID: 3)] wingType: LSAT
[2026-09-28 10:08:01] [DEBUG] [CONF] [VADEN_M (ID: 3)] engCount: 0
[2026-09-28 10:08:01] [DEBUG] [CONF] [VADEN_M (ID: 3)] mtow: 0
[2026-09-28 10:08:01] [DEBUG] [CONF] [VADEN_M (ID: 3)] rule: 
[2026-09-28 10:08:01] [DEBUG] [CONF] [VADEN_M (ID: 3)] area: 
[2026-09-28 10:08:01] [DEBUG] [CONF] [VADEN_M (ID: 3)] lvp: -1
[2026-09-28 10:08:01] [DEBUG] [CONF] [VADEN_M (ID: 3)] timeFrom: -1
[2026-09-28 10:08:01] [DEBUG] [CONF] [VADEN_M (ID: 3)] timeTo: -1
[2026-09-28 10:08:01] [DEBUG] [CONF] [VADEN_C (ID: 1)] wpt: VADEN
[2026-09-28 10:08:01] [DEBUG] [CONF] [VADEN_C (ID: 1)] rwys: 34L,34R
[2026-09-28 10:08:01] [DEBUG] [CONF] [VADEN_C (ID: 1)] equip: NON-RNAV allowed FALSE
[2026-09-28 10:08:01] [DEBUG] [CONF] [VADEN_C (ID: 1)] equip: RNAV allowed TRUE
[2026-09-28 10:08:01] [DEBUG] [CONF] [VADEN_C (ID: 1)] initialClimb: 4000
[2026-09-28 10:08:01] [DEBUG] [CONF] [VADEN_C (ID: 1)] climb via: FALSE
[2026-09-28 10:08:01] [DEBUG] [CONF] [VADEN_C (ID: 1)] prio: 15
[2026-09-28 10:08:01] [DEBUG] [CONF] [VADEN_C (ID: 1)] pilotfiled: FALSE
[2026-09-28 10:08:01] [DEBUG] [CONF] [VADEN_C (ID: 1)] wtc: 
[2026-09-28 10:08:01] [DEBUG] [CONF] [VADEN_C (ID: 1)] engType: 
[2026-09-28 10:08:01] [DEBUG] [CONF] [VADEN_C (ID: 1)] wingType: LSAT
[2026-09-28 10:08:01] [DEBUG] [CONF] [VADEN_C (ID: 1)] engCount: 0
[2026-09-28 10:08:01] [DEBUG] [CONF] [VADEN_C (ID: 1)] mtow: 0
[2026-09-28 10:08:01] [DEBUG] [CONF] [VADEN_C (ID: 1)] rule: 
[2026-09-28 10:08:01] [DEBUG] [CONF] [VADEN_C (ID: 1)] area: 
[2026-09-28 10:08:01] [DEBUG] [CONF] [VADEN_C (ID: 1)] lvp: -1
[2026-09-28 10:08:01] [DEBUG] [CONF] [VADEN_C (ID: 1)] timeFrom: -1
[2026-09-28 10:08:01] [DEBUG] [CONF] [VADEN_C (ID: 1)] timeTo: -1
[2026-09-28 10:08:01] [DEBUG] [CONF] [VADEN_D (ID: 1)] wpt: VADEN
[2026-09-28 10:08:01] [DEBUG] [CONF] [VADEN_D (ID: 1)] rwys: 35L,35R
[2026-09-28 10:08:01] [DEBUG] [CONF] [VADEN_D (ID: 1)] equip: NON-RNAV allowed FALSE
[2026-09-28 10:08:01] [DEBUG] [CONF] [VADEN_D (ID: 1)] equip: RNAV allowed TRUE
[2026-09-28 10:08:01] [DEBUG] [CONF] [VADEN_D (ID: 1)] initialClimb: 5000
[2026-09-28 10:08:01] [DEBUG] [CONF] [VADEN_D (ID: 1)] climb via: FALSE
[2026-09-28 10:08:01] [DEBUG] [CONF] [VADEN_D (ID: 1)] prio: 15
[2026-09-28 10:08:01] [DEBUG] [CONF] [VADEN_D (ID: 1)] pilotfiled: FALSE
[2026-09-28 10:08:01] [DEBUG] [CONF] [VADEN_D (ID: 1)] actDepRwy: deny - all - 
[2026-09-28 10:08:01] [DEBUG] [CONF] [VADEN_D (ID: 1)] actDepRwy: deny - any - 34L,34R
[2026-09-28 10:08:01] [DEBUG] [CONF] [VADEN_D (ID: 1)] wtc: 
[2026-09-28 10:08:01] [DEBUG] [CONF] [VADEN_D (ID: 1)] engType: 
[2026-09-28 10:08:01] [DEBUG] [CONF] [VADEN_D (ID: 1)] wingType: LSAT
[2026-09-28 10:08:01] [DEBUG] [CONF] [VADEN_D (ID: 1)] engCount: 0
[2026-09-28 10:08:01] [DEBUG] [CONF] [VADEN_D (ID: 1)] mtow: 0
[2026-09-28 10:08:01] [DEBUG] [CONF] [VADEN_D (ID: 1)] rule: 
[2026-09-28 10:08:01] [DEBUG] [CONF] [VADEN_D (ID: 1)] area: 
[2026-09-28 10:08:01] [DEBUG] [CONF] [VADEN_D (ID: 1)] lvp: -1
[2026-09-28 10:08:01] [DEBUG] [CONF] [VADEN_D (ID: 1)] timeFrom: -1
[2026-09-28 10:08:01] [DEBUG] [CONF] [VADEN_D (ID: 1)] timeTo: -1
[2026-09-28 10:08:01] [DEBUG] [CONF] [VADEN_E (ID: 1)] wpt: VADEN
[2026-09-28 10:08:01] [DEBUG] [CONF] [VADEN_E (ID: 1)] rwys: 36
[2026-09-28 10:08:01] [DEBUG] [CONF] [VADEN_E (ID: 1)] equip: NON-RNAV allowed FALSE
[2026-09-28 10:08:01] [DEBUG] [CONF] [VADEN_E (ID: 1)] equip: RNAV allowed TRUE
[2026-09-28 10:08:01] [DEBUG] [CONF] [VADEN_E (ID: 1)] initialClimb: 8000
[2026-09-28 10:08:01] [DEBUG] [CONF] [VADEN_E (ID: 1)] climb via: FALSE
[2026-09-28 10:08:01] [DEBUG] [CONF] [VADEN_E (ID: 1)] prio: 4
[2026-09-28 10:08:01] [DEBUG] [CONF] [VADEN_E (ID: 1)] pilotfiled: FALSE
[2026-09-28 10:08:01] [DEBUG] [CONF] [VADEN_E (ID: 1)] wtc: 
[2026-09-28 10:08:01] [DEBUG] [CONF] [VADEN_E (ID: 1)] engType: 
[2026-09-28 10:08:01] [DEBUG] [CONF] [VADEN_E (ID: 1)] wingType: LSAT
[2026-09-28 10:08:01] [DEBUG] [CONF] [VADEN_E (ID: 1)] engCount: 0
[2026-09-28 10:08:01] [DEBUG] [CONF] [VADEN_E (ID: 1)] mtow: 0
[2026-09-28 10:08:01] [DEBUG] [CONF] [VADEN_E (ID: 1)] rule: 
[2026-09-28 10:08:01] [DEBUG] [CONF] [VADEN_E (ID: 1)] area: EAST
[2026-09-28 10:08:01] [DEBUG] [CONF] [VADEN_E (ID: 1)] lvp: -1
[2026-09-28 10:08:01] [DEBUG] [CONF] [VADEN_E (ID: 1)] timeFrom: -1
[2026-09-28 10:08:01] [DEBUG] [CONF] [VADEN_E (ID: 1)] timeTo: -1
[2026-09-28 10:08:01] [DEBUG] [CONF] [VADEN_E (ID: 2)] wpt: VADEN
[2026-09-28 10:08:01] [DEBUG] [CONF] [VADEN_E (ID: 2)] rwys: 36
[2026-09-28 10:08:01] [DEBUG] [CONF] [VADEN_E (ID: 2)] equip: NON-RNAV allowed FALSE
[2026-09-28 10:08:01] [DEBUG] [CONF] [VADEN_E (ID: 2)] equip: RNAV allowed TRUE
[2026-09-28 10:08:01] [DEBUG] [CONF] [VADEN_E (ID: 2)] initialClimb: 8000
[2026-09-28 10:08:01] [DEBUG] [CONF] [VADEN_E (ID: 2)] climb via: FALSE
[2026-09-28 10:08:01] [DEBUG] [CONF] [VADEN_E (ID: 2)] prio: 38
[2026-09-28 10:08:01] [DEBUG] [CONF] [VADEN_E (ID: 2)] pilotfiled: FALSE
[2026-09-28 10:08:01] [DEBUG] [CONF] [VADEN_E (ID: 2)] wtc: 
[2026-09-28 10:08:01] [DEBUG] [CONF] [VADEN_E (ID: 2)] engType: 
[2026-09-28 10:08:01] [DEBUG] [CONF] [VADEN_E (ID: 2)] wingType: LSAT
[2026-09-28 10:08:01] [DEBUG] [CONF] [VADEN_E (ID: 2)] engCount: 0
[2026-09-28 10:08:01] [DEBUG] [CONF] [VADEN_E (ID: 2)] mtow: 0
[2026-09-28 10:08:01] [DEBUG] [CONF] [VADEN_E (ID: 2)] rule: 
[2026-09-28 10:08:01] [DEBUG] [CONF] [VADEN_E (ID: 2)] area: 
[2026-09-28 10:08:01] [DEBUG] [CONF] [VADEN_E (ID: 2)] lvp: -1
[2026-09-28 10:08:01] [DEBUG] [CONF] [VADEN_E (ID: 2)] timeFrom: -1
[2026-09-28 10:08:01] [DEBUG] [CONF] [VADEN_E (ID: 2)] timeTo: -1
[2026-09-28 10:08:01] [DEBUG] [CONF] [VADEN_F (ID: 1)] wpt: VADEN
[2026-09-28 10:08:01] [DEBUG] [CONF] [VADEN_F (ID: 1)] rwys: 16L,16R
[2026-09-28 10:08:01] [DEBUG] [CONF] [VADEN_F (ID: 1)] equip: NON-RNAV allowed FALSE
[2026-09-28 10:08:01] [DEBUG] [CONF] [VADEN_F (ID: 1)] equip: RNAV allowed TRUE
[2026-09-28 10:08:01] [DEBUG] [CONF] [VADEN_F (ID: 1)] initialClimb: 4000
[2026-09-28 10:08:01] [DEBUG] [CONF] [VADEN_F (ID: 1)] climb via: FALSE
[2026-09-28 10:08:01] [DEBUG] [CONF] [VADEN_F (ID: 1)] prio: 15
[2026-09-28 10:08:01] [DEBUG] [CONF] [VADEN_F (ID: 1)] pilotfiled: FALSE
[2026-09-28 10:08:01] [DEBUG] [CONF] [VADEN_F (ID: 1)] wtc: 
[2026-09-28 10:08:01] [DEBUG] [CONF] [VADEN_F (ID: 1)] engType: 
[2026-09-28 10:08:01] [DEBUG] [CONF] [VADEN_F (ID: 1)] wingType: LSAT
[2026-09-28 10:08:01] [DEBUG] [CONF] [VADEN_F (ID: 1)] engCount: 0
[2026-09-28 10:08:01] [DEBUG] [CONF] [VADEN_F (ID: 1)] mtow: 0
[2026-09-28 10:08:01] [DEBUG] [CONF] [VADEN_F (ID: 1)] rule: 
[2026-09-28 10:08:01] [DEBUG] [CONF] [VADEN_F (ID: 1)] area: 
[2026-09-28 10:08:01] [DEBUG] [CONF] [VADEN_F (ID: 1)] lvp: -1
[2026-09-28 10:08:01] [DEBUG] [CONF] [VADEN_F (ID: 1)] timeFrom: -1
[2026-09-28 10:08:01] [DEBUG] [CONF] [VADEN_F (ID: 1)] timeTo: -1
[2026-09-28 10:08:01] [DEBUG] [CONF] [VADEN_G (ID: 1)] wpt: VADEN
[2026-09-28 10:08:01] [DEBUG] [CONF] [VADEN_G (ID: 1)] rwys: 17L,17R
[2026-09-28 10:08:01] [DEBUG] [CONF] [VADEN_G (ID: 1)] equip: NON-RNAV allowed FALSE
[2026-09-28 10:08:01] [DEBUG] [CONF] [VADEN_G (ID: 1)] equip: RNAV allowed TRUE
[2026-09-28 10:08:01] [DEBUG] [CONF] [VADEN_G (ID: 1)] initialClimb: 5000
[2026-09-28 10:08:01] [DEBUG] [CONF] [VADEN_G (ID: 1)] climb via: FALSE
[2026-09-28 10:08:01] [DEBUG] [CONF] [VADEN_G (ID: 1)] prio: 15
[2026-09-28 10:08:01] [DEBUG] [CONF] [VADEN_G (ID: 1)] pilotfiled: FALSE
[2026-09-28 10:08:01] [DEBUG] [CONF] [VADEN_G (ID: 1)] actDepRwy: deny - all - 
[2026-09-28 10:08:01] [DEBUG] [CONF] [VADEN_G (ID: 1)] actDepRwy: deny - any - 16L,16R
[2026-09-28 10:08:01] [DEBUG] [CONF] [VADEN_G (ID: 1)] wtc: 
[2026-09-28 10:08:01] [DEBUG] [CONF] [VADEN_G (ID: 1)] engType: 
[2026-09-28 10:08:01] [DEBUG] [CONF] [VADEN_G (ID: 1)] wingType: LSAT
[2026-09-28 10:08:01] [DEBUG] [CONF] [VADEN_G (ID: 1)] engCount: 0
[2026-09-28 10:08:01] [DEBUG] [CONF] [VADEN_G (ID: 1)] mtow: 0
[2026-09-28 10:08:01] [DEBUG] [CONF] [VADEN_G (ID: 1)] rule: 
[2026-09-28 10:08:01] [DEBUG] [CONF] [VADEN_G (ID: 1)] area: 
[2026-09-28 10:08:01] [DEBUG] [CONF] [VADEN_G (ID: 1)] lvp: -1
[2026-09-28 10:08:01] [DEBUG] [CONF] [VADEN_G (ID: 1)] timeFrom: -1
[2026-09-28 10:08:01] [DEBUG] [CONF] [VADEN_G (ID: 1)] timeTo: -1
[2026-09-28 10:08:01] [DEBUG] [CONF] [VADEN_H (ID: 1)] wpt: VADEN
[2026-09-28 10:08:01] [DEBUG] [CONF] [VADEN_H (ID: 1)] rwys: 18
[2026-09-28 10:08:01] [DEBUG] [CONF] [VADEN_H (ID: 1)] equip: NON-RNAV allowed FALSE
[2026-09-28 10:08:01] [DEBUG] [CONF] [VADEN_H (ID: 1)] equip: RNAV allowed TRUE
[2026-09-28 10:08:01] [DEBUG] [CONF] [VADEN_H (ID: 1)] initialClimb: 8000
[2026-09-28 10:08:01] [DEBUG] [CONF] [VADEN_H (ID: 1)] climb via: FALSE
[2026-09-28 10:08:01] [DEBUG] [CONF] [VADEN_H (ID: 1)] prio: 4
[2026-09-28 10:08:01] [DEBUG] [CONF] [VADEN_H (ID: 1)] pilotfiled: FALSE
[2026-09-28 10:08:01] [DEBUG] [CONF] [VADEN_H (ID: 1)] actDepRwy: deny - all - 
[2026-09-28 10:08:01] [DEBUG] [CONF] [VADEN_H (ID: 1)] actDepRwy: deny - any - 09
[2026-09-28 10:08:01] [DEBUG] [CONF] [VADEN_H (ID: 1)] wtc: 
[2026-09-28 10:08:01] [DEBUG] [CONF] [VADEN_H (ID: 1)] engType: 
[2026-09-28 10:08:01] [DEBUG] [CONF] [VADEN_H (ID: 1)] wingType: LSAT
[2026-09-28 10:08:01] [DEBUG] [CONF] [VADEN_H (ID: 1)] engCount: 0
[2026-09-28 10:08:01] [DEBUG] [CONF] [VADEN_H (ID: 1)] mtow: 0
[2026-09-28 10:08:01] [DEBUG] [CONF] [VADEN_H (ID: 1)] rule: 
[2026-09-28 10:08:01] [DEBUG] [CONF] [VADEN_H (ID: 1)] area: EAST
[2026-09-28 10:08:01] [DEBUG] [CONF] [VADEN_H (ID: 1)] lvp: -1
[2026-09-28 10:08:01] [DEBUG] [CONF] [VADEN_H (ID: 1)] timeFrom: -1
[2026-09-28 10:08:01] [DEBUG] [CONF] [VADEN_H (ID: 1)] timeTo: -1
[2026-09-28 10:08:01] [DEBUG] [CONF] [VADEN_H (ID: 2)] wpt: VADEN
[2026-09-28 10:08:01] [DEBUG] [CONF] [VADEN_H (ID: 2)] rwys: 18
[2026-09-28 10:08:01] [DEBUG] [CONF] [VADEN_H (ID: 2)] equip: NON-RNAV allowed FALSE
[2026-09-28 10:08:01] [DEBUG] [CONF] [VADEN_H (ID: 2)] equip: RNAV allowed TRUE
[2026-09-28 10:08:01] [DEBUG] [CONF] [VADEN_H (ID: 2)] initialClimb: 8000
[2026-09-28 10:08:01] [DEBUG] [CONF] [VADEN_H (ID: 2)] climb via: FALSE
[2026-09-28 10:08:01] [DEBUG] [CONF] [VADEN_H (ID: 2)] prio: 38
[2026-09-28 10:08:01] [DEBUG] [CONF] [VADEN_H (ID: 2)] pilotfiled: FALSE
[2026-09-28 10:08:01] [DEBUG] [CONF] [VADEN_H (ID: 2)] actDepRwy: deny - all - 
[2026-09-28 10:08:01] [DEBUG] [CONF] [VADEN_H (ID: 2)] actDepRwy: deny - any - 09
[2026-09-28 10:08:01] [DEBUG] [CONF] [VADEN_H (ID: 2)] wtc: 
[2026-09-28 10:08:01] [DEBUG] [CONF] [VADEN_H (ID: 2)] engType: 
[2026-09-28 10:08:01] [DEBUG] [CONF] [VADEN_H (ID: 2)] wingType: LSAT
[2026-09-28 10:08:01] [DEBUG] [CONF] [VADEN_H (ID: 2)] engCount: 0
[2026-09-28 10:08:01] [DEBUG] [CONF] [VADEN_H (ID: 2)] mtow: 0
[2026-09-28 10:08:01] [DEBUG] [CONF] [VADEN_H (ID: 2)] rule: 
[2026-09-28 10:08:01] [DEBUG] [CONF] [VADEN_H (ID: 2)] area: 
[2026-09-28 10:08:01] [DEBUG] [CONF] [VADEN_H (ID: 2)] lvp: -1
[2026-09-28 10:08:01] [DEBUG] [CONF] [VADEN_H (ID: 2)] timeFrom: -1
[2026-09-28 10:08:01] [DEBUG] [CONF] [VADEN_H (ID: 2)] timeTo: -1
[2026-09-28 10:08:01] [DEBUG] [CONF] [VICEN_L (ID: 1)] wpt: VICEN
[2026-09-28 10:08:01] [DEBUG] [CONF] [VICEN_L (ID: 1)] rwys: 09
[2026-09-28 10:08:01] [DEBUG] [CONF] [VICEN_L (ID: 1)] equip: NON-RNAV allowed FALSE
[2026-09-28 10:08:01] [DEBUG] [CONF] [VICEN_L (ID: 1)] equip: RNAV allowed TRUE
[2026-09-28 10:08:01] [DEBUG] [CONF] [VICEN_L (ID: 1)] initialClimb: 6000
[2026-09-28 10:08:01] [DEBUG] [CONF] [VICEN_L (ID: 1)] climb via: FALSE
[2026-09-28 10:08:01] [DEBUG] [CONF] [VICEN_L (ID: 1)] prio: 3
[2026-09-28 10:08:01] [DEBUG] [CONF] [VICEN_L (ID: 1)] pilotfiled: FALSE
[2026-09-28 10:08:01] [DEBUG] [CONF] [VICEN_L (ID: 1)] actDepRwy: allow - all - 
[2026-09-28 10:08:01] [DEBUG] [CONF] [VICEN_L (ID: 1)] actDepRwy: allow - any - 34L,34R,35L,35R,36
[2026-09-28 10:08:01] [DEBUG] [CONF] [VICEN_L (ID: 1)] wtc: 
[2026-09-28 10:08:01] [DEBUG] [CONF] [VICEN_L (ID: 1)] engType: 
[2026-09-28 10:08:01] [DEBUG] [CONF] [VICEN_L (ID: 1)] wingType: LSAT
[2026-09-28 10:08:01] [DEBUG] [CONF] [VICEN_L (ID: 1)] engCount: 0
[2026-09-28 10:08:01] [DEBUG] [CONF] [VICEN_L (ID: 1)] mtow: 0
[2026-09-28 10:08:01] [DEBUG] [CONF] [VICEN_L (ID: 1)] rule: 
[2026-09-28 10:08:01] [DEBUG] [CONF] [VICEN_L (ID: 1)] area: EAST
[2026-09-28 10:08:01] [DEBUG] [CONF] [VICEN_L (ID: 1)] lvp: -1
[2026-09-28 10:08:01] [DEBUG] [CONF] [VICEN_L (ID: 1)] timeFrom: -1
[2026-09-28 10:08:01] [DEBUG] [CONF] [VICEN_L (ID: 1)] timeTo: -1
[2026-09-28 10:08:01] [DEBUG] [CONF] [VICEN_L (ID: 2)] wpt: VICEN
[2026-09-28 10:08:01] [DEBUG] [CONF] [VICEN_L (ID: 2)] rwys: 09
[2026-09-28 10:08:01] [DEBUG] [CONF] [VICEN_L (ID: 2)] equip: NON-RNAV allowed FALSE
[2026-09-28 10:08:01] [DEBUG] [CONF] [VICEN_L (ID: 2)] equip: RNAV allowed TRUE
[2026-09-28 10:08:01] [DEBUG] [CONF] [VICEN_L (ID: 2)] initialClimb: 6000
[2026-09-28 10:08:01] [DEBUG] [CONF] [VICEN_L (ID: 2)] climb via: FALSE
[2026-09-28 10:08:01] [DEBUG] [CONF] [VICEN_L (ID: 2)] prio: 36
[2026-09-28 10:08:01] [DEBUG] [CONF] [VICEN_L (ID: 2)] pilotfiled: FALSE
[2026-09-28 10:08:01] [DEBUG] [CONF] [VICEN_L (ID: 2)] actDepRwy: allow - all - 
[2026-09-28 10:08:01] [DEBUG] [CONF] [VICEN_L (ID: 2)] actDepRwy: allow - any - 34L,34R,35L,35R,36
[2026-09-28 10:08:01] [DEBUG] [CONF] [VICEN_L (ID: 2)] wtc: 
[2026-09-28 10:08:01] [DEBUG] [CONF] [VICEN_L (ID: 2)] engType: 
[2026-09-28 10:08:01] [DEBUG] [CONF] [VICEN_L (ID: 2)] wingType: LSAT
[2026-09-28 10:08:01] [DEBUG] [CONF] [VICEN_L (ID: 2)] engCount: 0
[2026-09-28 10:08:01] [DEBUG] [CONF] [VICEN_L (ID: 2)] mtow: 0
[2026-09-28 10:08:01] [DEBUG] [CONF] [VICEN_L (ID: 2)] rule: 
[2026-09-28 10:08:01] [DEBUG] [CONF] [VICEN_L (ID: 2)] area: 
[2026-09-28 10:08:01] [DEBUG] [CONF] [VICEN_L (ID: 2)] lvp: -1
[2026-09-28 10:08:01] [DEBUG] [CONF] [VICEN_L (ID: 2)] timeFrom: -1
[2026-09-28 10:08:01] [DEBUG] [CONF] [VICEN_L (ID: 2)] timeTo: -1
[2026-09-28 10:08:01] [DEBUG] [CONF] [VICEN_M (ID: 1)] wpt: VICEN
[2026-09-28 10:08:01] [DEBUG] [CONF] [VICEN_M (ID: 1)] rwys: 09
[2026-09-28 10:08:01] [DEBUG] [CONF] [VICEN_M (ID: 1)] equip: NON-RNAV allowed FALSE
[2026-09-28 10:08:01] [DEBUG] [CONF] [VICEN_M (ID: 1)] equip: RNAV allowed TRUE
[2026-09-28 10:08:01] [DEBUG] [CONF] [VICEN_M (ID: 1)] initialClimb: 6000
[2026-09-28 10:08:01] [DEBUG] [CONF] [VICEN_M (ID: 1)] climb via: FALSE
[2026-09-28 10:08:01] [DEBUG] [CONF] [VICEN_M (ID: 1)] prio: 3
[2026-09-28 10:08:01] [DEBUG] [CONF] [VICEN_M (ID: 1)] pilotfiled: FALSE
[2026-09-28 10:08:01] [DEBUG] [CONF] [VICEN_M (ID: 1)] actDepRwy: allow - all - 
[2026-09-28 10:08:01] [DEBUG] [CONF] [VICEN_M (ID: 1)] actDepRwy: allow - any - 16L,16R,17L,17R
[2026-09-28 10:08:01] [DEBUG] [CONF] [VICEN_M (ID: 1)] actDepRwy: deny - all - 
[2026-09-28 10:08:01] [DEBUG] [CONF] [VICEN_M (ID: 1)] actDepRwy: deny - any - 18
[2026-09-28 10:08:01] [DEBUG] [CONF] [VICEN_M (ID: 1)] wtc: 
[2026-09-28 10:08:01] [DEBUG] [CONF] [VICEN_M (ID: 1)] engType: 
[2026-09-28 10:08:01] [DEBUG] [CONF] [VICEN_M (ID: 1)] wingType: LSAT
[2026-09-28 10:08:01] [DEBUG] [CONF] [VICEN_M (ID: 1)] engCount: 0
[2026-09-28 10:08:01] [DEBUG] [CONF] [VICEN_M (ID: 1)] mtow: 0
[2026-09-28 10:08:01] [DEBUG] [CONF] [VICEN_M (ID: 1)] rule: 
[2026-09-28 10:08:01] [DEBUG] [CONF] [VICEN_M (ID: 1)] area: EAST
[2026-09-28 10:08:01] [DEBUG] [CONF] [VICEN_M (ID: 1)] lvp: -1
[2026-09-28 10:08:01] [DEBUG] [CONF] [VICEN_M (ID: 1)] timeFrom: -1
[2026-09-28 10:08:01] [DEBUG] [CONF] [VICEN_M (ID: 1)] timeTo: -1
[2026-09-28 10:08:01] [DEBUG] [CONF] [VICEN_M (ID: 2)] wpt: VICEN
[2026-09-28 10:08:01] [DEBUG] [CONF] [VICEN_M (ID: 2)] rwys: 09
[2026-09-28 10:08:01] [DEBUG] [CONF] [VICEN_M (ID: 2)] equip: NON-RNAV allowed FALSE
[2026-09-28 10:08:01] [DEBUG] [CONF] [VICEN_M (ID: 2)] equip: RNAV allowed TRUE
[2026-09-28 10:08:01] [DEBUG] [CONF] [VICEN_M (ID: 2)] initialClimb: 6000
[2026-09-28 10:08:01] [DEBUG] [CONF] [VICEN_M (ID: 2)] climb via: FALSE
[2026-09-28 10:08:01] [DEBUG] [CONF] [VICEN_M (ID: 2)] prio: 36
[2026-09-28 10:08:01] [DEBUG] [CONF] [VICEN_M (ID: 2)] pilotfiled: FALSE
[2026-09-28 10:08:01] [DEBUG] [CONF] [VICEN_M (ID: 2)] actDepRwy: allow - all - 
[2026-09-28 10:08:01] [DEBUG] [CONF] [VICEN_M (ID: 2)] actDepRwy: allow - any - 16L,16R,17L,17R
[2026-09-28 10:08:01] [DEBUG] [CONF] [VICEN_M (ID: 2)] actDepRwy: deny - all - 
[2026-09-28 10:08:01] [DEBUG] [CONF] [VICEN_M (ID: 2)] actDepRwy: deny - any - 18
[2026-09-28 10:08:01] [DEBUG] [CONF] [VICEN_M (ID: 2)] wtc: 
[2026-09-28 10:08:01] [DEBUG] [CONF] [VICEN_M (ID: 2)] engType: 
[2026-09-28 10:08:01] [DEBUG] [CONF] [VICEN_M (ID: 2)] wingType: LSAT
[2026-09-28 10:08:01] [DEBUG] [CONF] [VICEN_M (ID: 2)] engCount: 0
[2026-09-28 10:08:01] [DEBUG] [CONF] [VICEN_M (ID: 2)] mtow: 0
[2026-09-28 10:08:01] [DEBUG] [CONF] [VICEN_M (ID: 2)] rule: 
[2026-09-28 10:08:01] [DEBUG] [CONF] [VICEN_M (ID: 2)] area: 
[2026-09-28 10:08:01] [DEBUG] [CONF] [VICEN_M (ID: 2)] lvp: -1
[2026-09-28 10:08:01] [DEBUG] [CONF] [VICEN_M (ID: 2)] timeFrom: -1
[2026-09-28 10:08:01] [DEBUG] [CONF] [VICEN_M (ID: 2)] timeTo: -1
[2026-09-28 10:08:01] [DEBUG] [CONF] [VICEN_M (ID: 3)] wpt: VICEN
[2026-09-28 10:08:01] [DEBUG] [CONF] [VICEN_M (ID: 3)] rwys: 09
[2026-09-28 10:08:01] [DEBUG] [CONF] [VICEN_M (ID: 3)] equip: NON-RNAV allowed FALSE
[2026-09-28 10:08:01] [DEBUG] [CONF] [VICEN_M (ID: 3)] equip: RNAV allowed TRUE
[2026-09-28 10:08:01] [DEBUG] [CONF] [VICEN_M (ID: 3)] initialClimb: 6000
[2026-09-28 10:08:01] [DEBUG] [CONF] [VICEN_M (ID: 3)] climb via: FALSE
[2026-09-28 10:08:01] [DEBUG] [CONF] [VICEN_M (ID: 3)] prio: 40
[2026-09-28 10:08:01] [DEBUG] [CONF] [VICEN_M (ID: 3)] pilotfiled: FALSE
[2026-09-28 10:08:01] [DEBUG] [CONF] [VICEN_M (ID: 3)] actDepRwy: deny - all - 
[2026-09-28 10:08:01] [DEBUG] [CONF] [VICEN_M (ID: 3)] actDepRwy: deny - any - 16L,16R,17L,17R,18,34L,34R,35L,35R,36
[2026-09-28 10:08:01] [DEBUG] [CONF] [VICEN_M (ID: 3)] wtc: 
[2026-09-28 10:08:01] [DEBUG] [CONF] [VICEN_M (ID: 3)] engType: 
[2026-09-28 10:08:01] [DEBUG] [CONF] [VICEN_M (ID: 3)] wingType: LSAT
[2026-09-28 10:08:01] [DEBUG] [CONF] [VICEN_M (ID: 3)] engCount: 0
[2026-09-28 10:08:01] [DEBUG] [CONF] [VICEN_M (ID: 3)] mtow: 0
[2026-09-28 10:08:01] [DEBUG] [CONF] [VICEN_M (ID: 3)] rule: 
[2026-09-28 10:08:01] [DEBUG] [CONF] [VICEN_M (ID: 3)] area: 
[2026-09-28 10:08:01] [DEBUG] [CONF] [VICEN_M (ID: 3)] lvp: -1
[2026-09-28 10:08:01] [DEBUG] [CONF] [VICEN_M (ID: 3)] timeFrom: -1
[2026-09-28 10:08:01] [DEBUG] [CONF] [VICEN_M (ID: 3)] timeTo: -1
[2026-09-28 10:08:01] [DEBUG] [CONF] [VICEN_Y (ID: 1)] wpt: VICEN
[2026-09-28 10:08:01] [DEBUG] [CONF] [VICEN_Y (ID: 1)] rwys: 09
[2026-09-28 10:08:01] [DEBUG] [CONF] [VICEN_Y (ID: 1)] equip: NON-RNAV allowed FALSE
[2026-09-28 10:08:01] [DEBUG] [CONF] [VICEN_Y (ID: 1)] equip: RNAV allowed TRUE
[2026-09-28 10:08:01] [DEBUG] [CONF] [VICEN_Y (ID: 1)] initialClimb: 6000
[2026-09-28 10:08:01] [DEBUG] [CONF] [VICEN_Y (ID: 1)] climb via: FALSE
[2026-09-28 10:08:01] [DEBUG] [CONF] [VICEN_Y (ID: 1)] prio: 1
[2026-09-28 10:08:01] [DEBUG] [CONF] [VICEN_Y (ID: 1)] pilotfiled: FALSE
[2026-09-28 10:08:01] [DEBUG] [CONF] [VICEN_Y (ID: 1)] actDepRwy: allow - all - 
[2026-09-28 10:08:01] [DEBUG] [CONF] [VICEN_Y (ID: 1)] actDepRwy: allow - any - 16L,16R,17L,17R
[2026-09-28 10:08:01] [DEBUG] [CONF] [VICEN_Y (ID: 1)] actDepRwy: deny - all - 
[2026-09-28 10:08:01] [DEBUG] [CONF] [VICEN_Y (ID: 1)] actDepRwy: deny - any - 18
[2026-09-28 10:08:01] [DEBUG] [CONF] [VICEN_Y (ID: 1)] wtc: 
[2026-09-28 10:08:01] [DEBUG] [CONF] [VICEN_Y (ID: 1)] engType: 
[2026-09-28 10:08:01] [DEBUG] [CONF] [VICEN_Y (ID: 1)] wingType: LSAT
[2026-09-28 10:08:01] [DEBUG] [CONF] [VICEN_Y (ID: 1)] engCount: 0
[2026-09-28 10:08:01] [DEBUG] [CONF] [VICEN_Y (ID: 1)] mtow: 0
[2026-09-28 10:08:01] [DEBUG] [CONF] [VICEN_Y (ID: 1)] rule: OPPOSITE
[2026-09-28 10:08:01] [DEBUG] [CONF] [VICEN_Y (ID: 1)] area: EAST
[2026-09-28 10:08:01] [DEBUG] [CONF] [VICEN_Y (ID: 1)] lvp: -1
[2026-09-28 10:08:01] [DEBUG] [CONF] [VICEN_Y (ID: 1)] timeFrom: -1
[2026-09-28 10:08:01] [DEBUG] [CONF] [VICEN_Y (ID: 1)] timeTo: -1
[2026-09-28 10:08:01] [DEBUG] [CONF] [VICEN_Y (ID: 2)] wpt: VICEN
[2026-09-28 10:08:01] [DEBUG] [CONF] [VICEN_Y (ID: 2)] rwys: 09
[2026-09-28 10:08:01] [DEBUG] [CONF] [VICEN_Y (ID: 2)] equip: NON-RNAV allowed FALSE
[2026-09-28 10:08:01] [DEBUG] [CONF] [VICEN_Y (ID: 2)] equip: RNAV allowed TRUE
[2026-09-28 10:08:01] [DEBUG] [CONF] [VICEN_Y (ID: 2)] initialClimb: 6000
[2026-09-28 10:08:01] [DEBUG] [CONF] [VICEN_Y (ID: 2)] climb via: FALSE
[2026-09-28 10:08:01] [DEBUG] [CONF] [VICEN_Y (ID: 2)] prio: 32
[2026-09-28 10:08:01] [DEBUG] [CONF] [VICEN_Y (ID: 2)] pilotfiled: FALSE
[2026-09-28 10:08:01] [DEBUG] [CONF] [VICEN_Y (ID: 2)] actDepRwy: allow - all - 
[2026-09-28 10:08:01] [DEBUG] [CONF] [VICEN_Y (ID: 2)] actDepRwy: allow - any - 16L,16R,17L,17R
[2026-09-28 10:08:01] [DEBUG] [CONF] [VICEN_Y (ID: 2)] actDepRwy: deny - all - 
[2026-09-28 10:08:01] [DEBUG] [CONF] [VICEN_Y (ID: 2)] actDepRwy: deny - any - 18
[2026-09-28 10:08:01] [DEBUG] [CONF] [VICEN_Y (ID: 2)] wtc: 
[2026-09-28 10:08:01] [DEBUG] [CONF] [VICEN_Y (ID: 2)] engType: 
[2026-09-28 10:08:01] [DEBUG] [CONF] [VICEN_Y (ID: 2)] wingType: LSAT
[2026-09-28 10:08:01] [DEBUG] [CONF] [VICEN_Y (ID: 2)] engCount: 0
[2026-09-28 10:08:01] [DEBUG] [CONF] [VICEN_Y (ID: 2)] mtow: 0
[2026-09-28 10:08:01] [DEBUG] [CONF] [VICEN_Y (ID: 2)] rule: OPPOSITE
[2026-09-28 10:08:01] [DEBUG] [CONF] [VICEN_Y (ID: 2)] area: 
[2026-09-28 10:08:01] [DEBUG] [CONF] [VICEN_Y (ID: 2)] lvp: -1
[2026-09-28 10:08:01] [DEBUG] [CONF] [VICEN_Y (ID: 2)] timeFrom: -1
[2026-09-28 10:08:01] [DEBUG] [CONF] [VICEN_Y (ID: 2)] timeTo: -1
[2026-09-28 10:08:01] [DEBUG] [CONF] [VICEN_Z (ID: 1)] wpt: VICEN
[2026-09-28 10:08:01] [DEBUG] [CONF] [VICEN_Z (ID: 1)] rwys: 09
[2026-09-28 10:08:01] [DEBUG] [CONF] [VICEN_Z (ID: 1)] equip: NON-RNAV allowed FALSE
[2026-09-28 10:08:01] [DEBUG] [CONF] [VICEN_Z (ID: 1)] equip: RNAV allowed TRUE
[2026-09-28 10:08:01] [DEBUG] [CONF] [VICEN_Z (ID: 1)] initialClimb: 6000
[2026-09-28 10:08:01] [DEBUG] [CONF] [VICEN_Z (ID: 1)] climb via: FALSE
[2026-09-28 10:08:01] [DEBUG] [CONF] [VICEN_Z (ID: 1)] prio: 1
[2026-09-28 10:08:01] [DEBUG] [CONF] [VICEN_Z (ID: 1)] pilotfiled: FALSE
[2026-09-28 10:08:01] [DEBUG] [CONF] [VICEN_Z (ID: 1)] actDepRwy: allow - all - 
[2026-09-28 10:08:01] [DEBUG] [CONF] [VICEN_Z (ID: 1)] actDepRwy: allow - any - 34L,34R,35L,35R,36
[2026-09-28 10:08:01] [DEBUG] [CONF] [VICEN_Z (ID: 1)] wtc: 
[2026-09-28 10:08:01] [DEBUG] [CONF] [VICEN_Z (ID: 1)] engType: 
[2026-09-28 10:08:01] [DEBUG] [CONF] [VICEN_Z (ID: 1)] wingType: LSAT
[2026-09-28 10:08:01] [DEBUG] [CONF] [VICEN_Z (ID: 1)] engCount: 0
[2026-09-28 10:08:01] [DEBUG] [CONF] [VICEN_Z (ID: 1)] mtow: 0
[2026-09-28 10:08:01] [DEBUG] [CONF] [VICEN_Z (ID: 1)] rule: OPPOSITE
[2026-09-28 10:08:01] [DEBUG] [CONF] [VICEN_Z (ID: 1)] area: EAST
[2026-09-28 10:08:01] [DEBUG] [CONF] [VICEN_Z (ID: 1)] lvp: -1
[2026-09-28 10:08:01] [DEBUG] [CONF] [VICEN_Z (ID: 1)] timeFrom: -1
[2026-09-28 10:08:01] [DEBUG] [CONF] [VICEN_Z (ID: 1)] timeTo: -1
[2026-09-28 10:08:01] [DEBUG] [CONF] [VICEN_Z (ID: 2)] wpt: VICEN
[2026-09-28 10:08:01] [DEBUG] [CONF] [VICEN_Z (ID: 2)] rwys: 09
[2026-09-28 10:08:01] [DEBUG] [CONF] [VICEN_Z (ID: 2)] equip: NON-RNAV allowed FALSE
[2026-09-28 10:08:01] [DEBUG] [CONF] [VICEN_Z (ID: 2)] equip: RNAV allowed TRUE
[2026-09-28 10:08:01] [DEBUG] [CONF] [VICEN_Z (ID: 2)] initialClimb: 6000
[2026-09-28 10:08:01] [DEBUG] [CONF] [VICEN_Z (ID: 2)] climb via: FALSE
[2026-09-28 10:08:01] [DEBUG] [CONF] [VICEN_Z (ID: 2)] prio: 32
[2026-09-28 10:08:01] [DEBUG] [CONF] [VICEN_Z (ID: 2)] pilotfiled: FALSE
[2026-09-28 10:08:01] [DEBUG] [CONF] [VICEN_Z (ID: 2)] actDepRwy: allow - all - 
[2026-09-28 10:08:01] [DEBUG] [CONF] [VICEN_Z (ID: 2)] actDepRwy: allow - any - 34L,34R,35L,35R,36
[2026-09-28 10:08:01] [DEBUG] [CONF] [VICEN_Z (ID: 2)] wtc: 
[2026-09-28 10:08:01] [DEBUG] [CONF] [VICEN_Z (ID: 2)] engType: 
[2026-09-28 10:08:01] [DEBUG] [CONF] [VICEN_Z (ID: 2)] wingType: LSAT
[2026-09-28 10:08:01] [DEBUG] [CONF] [VICEN_Z (ID: 2)] engCount: 0
[2026-09-28 10:08:01] [DEBUG] [CONF] [VICEN_Z (ID: 2)] mtow: 0
[2026-09-28 10:08:01] [DEBUG] [CONF] [VICEN_Z (ID: 2)] rule: OPPOSITE
[2026-09-28 10:08:01] [DEBUG] [CONF] [VICEN_Z (ID: 2)] area: 
[2026-09-28 10:08:01] [DEBUG] [CONF] [VICEN_Z (ID: 2)] lvp: -1
[2026-09-28 10:08:01] [DEBUG] [CONF] [VICEN_Z (ID: 2)] timeFrom: -1
[2026-09-28 10:08:01] [DEBUG] [CONF] [VICEN_Z (ID: 2)] timeTo: -1
[2026-09-28 10:08:01] [DEBUG] [CONF] [VICEN_C (ID: 1)] wpt: VICEN
[2026-09-28 10:08:01] [DEBUG] [CONF] [VICEN_C (ID: 1)] rwys: 34L,34R
[2026-09-28 10:08:01] [DEBUG] [CONF] [VICEN_C (ID: 1)] equip: NON-RNAV allowed FALSE
[2026-09-28 10:08:01] [DEBUG] [CONF] [VICEN_C (ID: 1)] equip: RNAV allowed TRUE
[2026-09-28 10:08:01] [DEBUG] [CONF] [VICEN_C (ID: 1)] initialClimb: 4000
[2026-09-28 10:08:01] [DEBUG] [CONF] [VICEN_C (ID: 1)] climb via: FALSE
[2026-09-28 10:08:01] [DEBUG] [CONF] [VICEN_C (ID: 1)] prio: 15
[2026-09-28 10:08:01] [DEBUG] [CONF] [VICEN_C (ID: 1)] pilotfiled: FALSE
[2026-09-28 10:08:01] [DEBUG] [CONF] [VICEN_C (ID: 1)] wtc: 
[2026-09-28 10:08:01] [DEBUG] [CONF] [VICEN_C (ID: 1)] engType: 
[2026-09-28 10:08:01] [DEBUG] [CONF] [VICEN_C (ID: 1)] wingType: LSAT
[2026-09-28 10:08:01] [DEBUG] [CONF] [VICEN_C (ID: 1)] engCount: 0
[2026-09-28 10:08:01] [DEBUG] [CONF] [VICEN_C (ID: 1)] mtow: 0
[2026-09-28 10:08:01] [DEBUG] [CONF] [VICEN_C (ID: 1)] rule: 
[2026-09-28 10:08:01] [DEBUG] [CONF] [VICEN_C (ID: 1)] area: 
[2026-09-28 10:08:01] [DEBUG] [CONF] [VICEN_C (ID: 1)] lvp: -1
[2026-09-28 10:08:01] [DEBUG] [CONF] [VICEN_C (ID: 1)] timeFrom: -1
[2026-09-28 10:08:01] [DEBUG] [CONF] [VICEN_C (ID: 1)] timeTo: -1
[2026-09-28 10:08:01] [DEBUG] [CONF] [VICEN_D (ID: 1)] wpt: VICEN
[2026-09-28 10:08:01] [DEBUG] [CONF] [VICEN_D (ID: 1)] rwys: 35L,35R
[2026-09-28 10:08:01] [DEBUG] [CONF] [VICEN_D (ID: 1)] equip: NON-RNAV allowed FALSE
[2026-09-28 10:08:01] [DEBUG] [CONF] [VICEN_D (ID: 1)] equip: RNAV allowed TRUE
[2026-09-28 10:08:01] [DEBUG] [CONF] [VICEN_D (ID: 1)] initialClimb: 5000
[2026-09-28 10:08:01] [DEBUG] [CONF] [VICEN_D (ID: 1)] climb via: FALSE
[2026-09-28 10:08:01] [DEBUG] [CONF] [VICEN_D (ID: 1)] prio: 15
[2026-09-28 10:08:01] [DEBUG] [CONF] [VICEN_D (ID: 1)] pilotfiled: FALSE
[2026-09-28 10:08:01] [DEBUG] [CONF] [VICEN_D (ID: 1)] actDepRwy: deny - all - 
[2026-09-28 10:08:01] [DEBUG] [CONF] [VICEN_D (ID: 1)] actDepRwy: deny - any - 34L,34R
[2026-09-28 10:08:01] [DEBUG] [CONF] [VICEN_D (ID: 1)] wtc: 
[2026-09-28 10:08:01] [DEBUG] [CONF] [VICEN_D (ID: 1)] engType: 
[2026-09-28 10:08:01] [DEBUG] [CONF] [VICEN_D (ID: 1)] wingType: LSAT
[2026-09-28 10:08:01] [DEBUG] [CONF] [VICEN_D (ID: 1)] engCount: 0
[2026-09-28 10:08:01] [DEBUG] [CONF] [VICEN_D (ID: 1)] mtow: 0
[2026-09-28 10:08:01] [DEBUG] [CONF] [VICEN_D (ID: 1)] rule: 
[2026-09-28 10:08:01] [DEBUG] [CONF] [VICEN_D (ID: 1)] area: 
[2026-09-28 10:08:01] [DEBUG] [CONF] [VICEN_D (ID: 1)] lvp: -1
[2026-09-28 10:08:01] [DEBUG] [CONF] [VICEN_D (ID: 1)] timeFrom: -1
[2026-09-28 10:08:01] [DEBUG] [CONF] [VICEN_D (ID: 1)] timeTo: -1
[2026-09-28 10:08:01] [DEBUG] [CONF] [VICEN_E (ID: 1)] wpt: VICEN
[2026-09-28 10:08:01] [DEBUG] [CONF] [VICEN_E (ID: 1)] rwys: 36
[2026-09-28 10:08:01] [DEBUG] [CONF] [VICEN_E (ID: 1)] equip: NON-RNAV allowed FALSE
[2026-09-28 10:08:01] [DEBUG] [CONF] [VICEN_E (ID: 1)] equip: RNAV allowed TRUE
[2026-09-28 10:08:01] [DEBUG] [CONF] [VICEN_E (ID: 1)] initialClimb: 8000
[2026-09-28 10:08:01] [DEBUG] [CONF] [VICEN_E (ID: 1)] climb via: FALSE
[2026-09-28 10:08:01] [DEBUG] [CONF] [VICEN_E (ID: 1)] prio: 4
[2026-09-28 10:08:01] [DEBUG] [CONF] [VICEN_E (ID: 1)] pilotfiled: FALSE
[2026-09-28 10:08:01] [DEBUG] [CONF] [VICEN_E (ID: 1)] actDepRwy: deny - all - 
[2026-09-28 10:08:01] [DEBUG] [CONF] [VICEN_E (ID: 1)] actDepRwy: deny - any - 09
[2026-09-28 10:08:01] [DEBUG] [CONF] [VICEN_E (ID: 1)] wtc: 
[2026-09-28 10:08:01] [DEBUG] [CONF] [VICEN_E (ID: 1)] engType: 
[2026-09-28 10:08:01] [DEBUG] [CONF] [VICEN_E (ID: 1)] wingType: LSAT
[2026-09-28 10:08:01] [DEBUG] [CONF] [VICEN_E (ID: 1)] engCount: 0
[2026-09-28 10:08:01] [DEBUG] [CONF] [VICEN_E (ID: 1)] mtow: 0
[2026-09-28 10:08:01] [DEBUG] [CONF] [VICEN_E (ID: 1)] rule: 
[2026-09-28 10:08:01] [DEBUG] [CONF] [VICEN_E (ID: 1)] area: EAST
[2026-09-28 10:08:01] [DEBUG] [CONF] [VICEN_E (ID: 1)] lvp: -1
[2026-09-28 10:08:01] [DEBUG] [CONF] [VICEN_E (ID: 1)] timeFrom: -1
[2026-09-28 10:08:01] [DEBUG] [CONF] [VICEN_E (ID: 1)] timeTo: -1
[2026-09-28 10:08:01] [DEBUG] [CONF] [VICEN_E (ID: 2)] wpt: VICEN
[2026-09-28 10:08:01] [DEBUG] [CONF] [VICEN_E (ID: 2)] rwys: 36
[2026-09-28 10:08:01] [DEBUG] [CONF] [VICEN_E (ID: 2)] equip: NON-RNAV allowed FALSE
[2026-09-28 10:08:01] [DEBUG] [CONF] [VICEN_E (ID: 2)] equip: RNAV allowed TRUE
[2026-09-28 10:08:01] [DEBUG] [CONF] [VICEN_E (ID: 2)] initialClimb: 8000
[2026-09-28 10:08:01] [DEBUG] [CONF] [VICEN_E (ID: 2)] climb via: FALSE
[2026-09-28 10:08:01] [DEBUG] [CONF] [VICEN_E (ID: 2)] prio: 38
[2026-09-28 10:08:01] [DEBUG] [CONF] [VICEN_E (ID: 2)] pilotfiled: FALSE
[2026-09-28 10:08:01] [DEBUG] [CONF] [VICEN_E (ID: 2)] actDepRwy: deny - all - 
[2026-09-28 10:08:01] [DEBUG] [CONF] [VICEN_E (ID: 2)] actDepRwy: deny - any - 09
[2026-09-28 10:08:01] [DEBUG] [CONF] [VICEN_E (ID: 2)] wtc: 
[2026-09-28 10:08:01] [DEBUG] [CONF] [VICEN_E (ID: 2)] engType: 
[2026-09-28 10:08:01] [DEBUG] [CONF] [VICEN_E (ID: 2)] wingType: LSAT
[2026-09-28 10:08:01] [DEBUG] [CONF] [VICEN_E (ID: 2)] engCount: 0
[2026-09-28 10:08:01] [DEBUG] [CONF] [VICEN_E (ID: 2)] mtow: 0
[2026-09-28 10:08:01] [DEBUG] [CONF] [VICEN_E (ID: 2)] rule: 
[2026-09-28 10:08:01] [DEBUG] [CONF] [VICEN_E (ID: 2)] area: 
[2026-09-28 10:08:01] [DEBUG] [CONF] [VICEN_E (ID: 2)] lvp: -1
[2026-09-28 10:08:01] [DEBUG] [CONF] [VICEN_E (ID: 2)] timeFrom: -1
[2026-09-28 10:08:01] [DEBUG] [CONF] [VICEN_E (ID: 2)] timeTo: -1
[2026-09-28 10:08:01] [DEBUG] [CONF] [VICEN_F (ID: 1)] wpt: VICEN
[2026-09-28 10:08:01] [DEBUG] [CONF] [VICEN_F (ID: 1)] rwys: 16L,16R
[2026-09-28 10:08:01] [DEBUG] [CONF] [VICEN_F (ID: 1)] equip: NON-RNAV allowed FALSE
[2026-09-28 10:08:01] [DEBUG] [CONF] [VICEN_F (ID: 1)] equip: RNAV allowed TRUE
[2026-09-28 10:08:01] [DEBUG] [CONF] [VICEN_F (ID: 1)] initialClimb: 4000
[2026-09-28 10:08:01] [DEBUG] [CONF] [VICEN_F (ID: 1)] climb via: FALSE
[2026-09-28 10:08:01] [DEBUG] [CONF] [VICEN_F (ID: 1)] prio: 15
[2026-09-28 10:08:01] [DEBUG] [CONF] [VICEN_F (ID: 1)] pilotfiled: FALSE
[2026-09-28 10:08:01] [DEBUG] [CONF] [VICEN_F (ID: 1)] actDepRwy: deny - all - 
[2026-09-28 10:08:01] [DEBUG] [CONF] [VICEN_F (ID: 1)] actDepRwy: deny - any - 17L,17R
[2026-09-28 10:08:01] [DEBUG] [CONF] [VICEN_F (ID: 1)] wtc: 
[2026-09-28 10:08:01] [DEBUG] [CONF] [VICEN_F (ID: 1)] engType: 
[2026-09-28 10:08:01] [DEBUG] [CONF] [VICEN_F (ID: 1)] wingType: LSAT
[2026-09-28 10:08:01] [DEBUG] [CONF] [VICEN_F (ID: 1)] engCount: 0
[2026-09-28 10:08:01] [DEBUG] [CONF] [VICEN_F (ID: 1)] mtow: 0
[2026-09-28 10:08:01] [DEBUG] [CONF] [VICEN_F (ID: 1)] rule: 
[2026-09-28 10:08:01] [DEBUG] [CONF] [VICEN_F (ID: 1)] area: 
[2026-09-28 10:08:01] [DEBUG] [CONF] [VICEN_F (ID: 1)] lvp: -1
[2026-09-28 10:08:01] [DEBUG] [CONF] [VICEN_F (ID: 1)] timeFrom: -1
[2026-09-28 10:08:01] [DEBUG] [CONF] [VICEN_F (ID: 1)] timeTo: -1
[2026-09-28 10:08:01] [DEBUG] [CONF] [VICEN_G (ID: 1)] wpt: VICEN
[2026-09-28 10:08:01] [DEBUG] [CONF] [VICEN_G (ID: 1)] rwys: 17L,17R
[2026-09-28 10:08:01] [DEBUG] [CONF] [VICEN_G (ID: 1)] equip: NON-RNAV allowed FALSE
[2026-09-28 10:08:01] [DEBUG] [CONF] [VICEN_G (ID: 1)] equip: RNAV allowed TRUE
[2026-09-28 10:08:01] [DEBUG] [CONF] [VICEN_G (ID: 1)] initialClimb: 5000
[2026-09-28 10:08:01] [DEBUG] [CONF] [VICEN_G (ID: 1)] climb via: FALSE
[2026-09-28 10:08:01] [DEBUG] [CONF] [VICEN_G (ID: 1)] prio: 15
[2026-09-28 10:08:01] [DEBUG] [CONF] [VICEN_G (ID: 1)] pilotfiled: FALSE
[2026-09-28 10:08:01] [DEBUG] [CONF] [VICEN_G (ID: 1)] wtc: 
[2026-09-28 10:08:01] [DEBUG] [CONF] [VICEN_G (ID: 1)] engType: 
[2026-09-28 10:08:01] [DEBUG] [CONF] [VICEN_G (ID: 1)] wingType: LSAT
[2026-09-28 10:08:01] [DEBUG] [CONF] [VICEN_G (ID: 1)] engCount: 0
[2026-09-28 10:08:01] [DEBUG] [CONF] [VICEN_G (ID: 1)] mtow: 0
[2026-09-28 10:08:01] [DEBUG] [CONF] [VICEN_G (ID: 1)] rule: 
[2026-09-28 10:08:01] [DEBUG] [CONF] [VICEN_G (ID: 1)] area: 
[2026-09-28 10:08:01] [DEBUG] [CONF] [VICEN_G (ID: 1)] lvp: -1
[2026-09-28 10:08:01] [DEBUG] [CONF] [VICEN_G (ID: 1)] timeFrom: -1
[2026-09-28 10:08:01] [DEBUG] [CONF] [VICEN_G (ID: 1)] timeTo: -1
[2026-09-28 10:08:01] [DEBUG] [CONF] [VICEN_H (ID: 1)] wpt: VICEN
[2026-09-28 10:08:01] [DEBUG] [CONF] [VICEN_H (ID: 1)] rwys: 18
[2026-09-28 10:08:01] [DEBUG] [CONF] [VICEN_H (ID: 1)] equip: NON-RNAV allowed FALSE
[2026-09-28 10:08:01] [DEBUG] [CONF] [VICEN_H (ID: 1)] equip: RNAV allowed TRUE
[2026-09-28 10:08:01] [DEBUG] [CONF] [VICEN_H (ID: 1)] initialClimb: 8000
[2026-09-28 10:08:01] [DEBUG] [CONF] [VICEN_H (ID: 1)] climb via: FALSE
[2026-09-28 10:08:01] [DEBUG] [CONF] [VICEN_H (ID: 1)] prio: 4
[2026-09-28 10:08:01] [DEBUG] [CONF] [VICEN_H (ID: 1)] pilotfiled: FALSE
[2026-09-28 10:08:01] [DEBUG] [CONF] [VICEN_H (ID: 1)] wtc: 
[2026-09-28 10:08:01] [DEBUG] [CONF] [VICEN_H (ID: 1)] engType: 
[2026-09-28 10:08:01] [DEBUG] [CONF] [VICEN_H (ID: 1)] wingType: LSAT
[2026-09-28 10:08:01] [DEBUG] [CONF] [VICEN_H (ID: 1)] engCount: 0
[2026-09-28 10:08:01] [DEBUG] [CONF] [VICEN_H (ID: 1)] mtow: 0
[2026-09-28 10:08:01] [DEBUG] [CONF] [VICEN_H (ID: 1)] rule: 
[2026-09-28 10:08:01] [DEBUG] [CONF] [VICEN_H (ID: 1)] area: EAST
[2026-09-28 10:08:01] [DEBUG] [CONF] [VICEN_H (ID: 1)] lvp: -1
[2026-09-28 10:08:01] [DEBUG] [CONF] [VICEN_H (ID: 1)] timeFrom: -1
[2026-09-28 10:08:01] [DEBUG] [CONF] [VICEN_H (ID: 1)] timeTo: -1
[2026-09-28 10:08:01] [DEBUG] [CONF] [VICEN_H (ID: 2)] wpt: VICEN
[2026-09-28 10:08:01] [DEBUG] [CONF] [VICEN_H (ID: 2)] rwys: 18
[2026-09-28 10:08:01] [DEBUG] [CONF] [VICEN_H (ID: 2)] equip: NON-RNAV allowed FALSE
[2026-09-28 10:08:01] [DEBUG] [CONF] [VICEN_H (ID: 2)] equip: RNAV allowed TRUE
[2026-09-28 10:08:01] [DEBUG] [CONF] [VICEN_H (ID: 2)] initialClimb: 8000
[2026-09-28 10:08:01] [DEBUG] [CONF] [VICEN_H (ID: 2)] climb via: FALSE
[2026-09-28 10:08:01] [DEBUG] [CONF] [VICEN_H (ID: 2)] prio: 38
[2026-09-28 10:08:01] [DEBUG] [CONF] [VICEN_H (ID: 2)] pilotfiled: FALSE
[2026-09-28 10:08:01] [DEBUG] [CONF] [VICEN_H (ID: 2)] wtc: 
[2026-09-28 10:08:01] [DEBUG] [CONF] [VICEN_H (ID: 2)] engType: 
[2026-09-28 10:08:01] [DEBUG] [CONF] [VICEN_H (ID: 2)] wingType: LSAT
[2026-09-28 10:08:01] [DEBUG] [CONF] [VICEN_H (ID: 2)] engCount: 0
[2026-09-28 10:08:01] [DEBUG] [CONF] [VICEN_H (ID: 2)] mtow: 0
[2026-09-28 10:08:01] [DEBUG] [CONF] [VICEN_H (ID: 2)] rule: 
[2026-09-28 10:08:01] [DEBUG] [CONF] [VICEN_H (ID: 2)] area: 
[2026-09-28 10:08:01] [DEBUG] [CONF] [VICEN_H (ID: 2)] lvp: -1
[2026-09-28 10:08:01] [DEBUG] [CONF] [VICEN_H (ID: 2)] timeFrom: -1
[2026-09-28 10:08:01] [DEBUG] [CONF] [VICEN_H (ID: 2)] timeTo: -1
[2026-09-28 10:08:01] [DEBUG] [CONF] [VICEN_Q (ID: 1)] wpt: VICEN
[2026-09-28 10:08:01] [DEBUG] [CONF] [VICEN_Q (ID: 1)] rwys: 34L,34R
[2026-09-28 10:08:01] [DEBUG] [CONF] [VICEN_Q (ID: 1)] equip: NON-RNAV allowed FALSE
[2026-09-28 10:08:01] [DEBUG] [CONF] [VICEN_Q (ID: 1)] equip: RNAV allowed TRUE
[2026-09-28 10:08:01] [DEBUG] [CONF] [VICEN_Q (ID: 1)] initialClimb: 4000
[2026-09-28 10:08:01] [DEBUG] [CONF] [VICEN_Q (ID: 1)] climb via: FALSE
[2026-09-28 10:08:01] [DEBUG] [CONF] [VICEN_Q (ID: 1)] prio: 12
[2026-09-28 10:08:01] [DEBUG] [CONF] [VICEN_Q (ID: 1)] pilotfiled: FALSE
[2026-09-28 10:08:01] [DEBUG] [CONF] [VICEN_Q (ID: 1)] wtc: 
[2026-09-28 10:08:01] [DEBUG] [CONF] [VICEN_Q (ID: 1)] engType: 
[2026-09-28 10:08:01] [DEBUG] [CONF] [VICEN_Q (ID: 1)] wingType: LSAT
[2026-09-28 10:08:01] [DEBUG] [CONF] [VICEN_Q (ID: 1)] engCount: 0
[2026-09-28 10:08:01] [DEBUG] [CONF] [VICEN_Q (ID: 1)] mtow: 0
[2026-09-28 10:08:01] [DEBUG] [CONF] [VICEN_Q (ID: 1)] rule: OPPOSITE
[2026-09-28 10:08:01] [DEBUG] [CONF] [VICEN_Q (ID: 1)] area: 
[2026-09-28 10:08:01] [DEBUG] [CONF] [VICEN_Q (ID: 1)] lvp: -1
[2026-09-28 10:08:01] [DEBUG] [CONF] [VICEN_Q (ID: 1)] timeFrom: -1
[2026-09-28 10:08:01] [DEBUG] [CONF] [VICEN_Q (ID: 1)] timeTo: -1
[2026-09-28 10:08:01] [DEBUG] [CONF] [VICEN_R (ID: 1)] wpt: VICEN
[2026-09-28 10:08:01] [DEBUG] [CONF] [VICEN_R (ID: 1)] rwys: 35L,35R
[2026-09-28 10:08:01] [DEBUG] [CONF] [VICEN_R (ID: 1)] equip: NON-RNAV allowed FALSE
[2026-09-28 10:08:01] [DEBUG] [CONF] [VICEN_R (ID: 1)] equip: RNAV allowed TRUE
[2026-09-28 10:08:01] [DEBUG] [CONF] [VICEN_R (ID: 1)] initialClimb: 5000
[2026-09-28 10:08:01] [DEBUG] [CONF] [VICEN_R (ID: 1)] climb via: FALSE
[2026-09-28 10:08:01] [DEBUG] [CONF] [VICEN_R (ID: 1)] prio: 12
[2026-09-28 10:08:01] [DEBUG] [CONF] [VICEN_R (ID: 1)] pilotfiled: FALSE
[2026-09-28 10:08:01] [DEBUG] [CONF] [VICEN_R (ID: 1)] actDepRwy: deny - all - 
[2026-09-28 10:08:01] [DEBUG] [CONF] [VICEN_R (ID: 1)] actDepRwy: deny - any - 34L,34R
[2026-09-28 10:08:01] [DEBUG] [CONF] [VICEN_R (ID: 1)] wtc: 
[2026-09-28 10:08:01] [DEBUG] [CONF] [VICEN_R (ID: 1)] engType: 
[2026-09-28 10:08:01] [DEBUG] [CONF] [VICEN_R (ID: 1)] wingType: LSAT
[2026-09-28 10:08:01] [DEBUG] [CONF] [VICEN_R (ID: 1)] engCount: 0
[2026-09-28 10:08:01] [DEBUG] [CONF] [VICEN_R (ID: 1)] mtow: 0
[2026-09-28 10:08:01] [DEBUG] [CONF] [VICEN_R (ID: 1)] rule: OPPOSITE
[2026-09-28 10:08:01] [DEBUG] [CONF] [VICEN_R (ID: 1)] area: 
[2026-09-28 10:08:01] [DEBUG] [CONF] [VICEN_R (ID: 1)] lvp: -1
[2026-09-28 10:08:01] [DEBUG] [CONF] [VICEN_R (ID: 1)] timeFrom: -1
[2026-09-28 10:08:01] [DEBUG] [CONF] [VICEN_R (ID: 1)] timeTo: -1
[2026-09-28 10:08:01] [DEBUG] [CONF] [VICEN_S (ID: 1)] wpt: VICEN
[2026-09-28 10:08:01] [DEBUG] [CONF] [VICEN_S (ID: 1)] rwys: 36
[2026-09-28 10:08:01] [DEBUG] [CONF] [VICEN_S (ID: 1)] equip: NON-RNAV allowed FALSE
[2026-09-28 10:08:01] [DEBUG] [CONF] [VICEN_S (ID: 1)] equip: RNAV allowed TRUE
[2026-09-28 10:08:01] [DEBUG] [CONF] [VICEN_S (ID: 1)] initialClimb: 8000
[2026-09-28 10:08:01] [DEBUG] [CONF] [VICEN_S (ID: 1)] climb via: FALSE
[2026-09-28 10:08:01] [DEBUG] [CONF] [VICEN_S (ID: 1)] prio: 2
[2026-09-28 10:08:01] [DEBUG] [CONF] [VICEN_S (ID: 1)] pilotfiled: FALSE
[2026-09-28 10:08:01] [DEBUG] [CONF] [VICEN_S (ID: 1)] actDepRwy: deny - all - 
[2026-09-28 10:08:01] [DEBUG] [CONF] [VICEN_S (ID: 1)] actDepRwy: deny - any - 09
[2026-09-28 10:08:01] [DEBUG] [CONF] [VICEN_S (ID: 1)] wtc: 
[2026-09-28 10:08:01] [DEBUG] [CONF] [VICEN_S (ID: 1)] engType: 
[2026-09-28 10:08:01] [DEBUG] [CONF] [VICEN_S (ID: 1)] wingType: LSAT
[2026-09-28 10:08:01] [DEBUG] [CONF] [VICEN_S (ID: 1)] engCount: 0
[2026-09-28 10:08:01] [DEBUG] [CONF] [VICEN_S (ID: 1)] mtow: 0
[2026-09-28 10:08:01] [DEBUG] [CONF] [VICEN_S (ID: 1)] rule: OPPOSITE
[2026-09-28 10:08:01] [DEBUG] [CONF] [VICEN_S (ID: 1)] area: EAST
[2026-09-28 10:08:01] [DEBUG] [CONF] [VICEN_S (ID: 1)] lvp: -1
[2026-09-28 10:08:01] [DEBUG] [CONF] [VICEN_S (ID: 1)] timeFrom: -1
[2026-09-28 10:08:01] [DEBUG] [CONF] [VICEN_S (ID: 1)] timeTo: -1
[2026-09-28 10:08:01] [DEBUG] [CONF] [VICEN_S (ID: 2)] wpt: VICEN
[2026-09-28 10:08:01] [DEBUG] [CONF] [VICEN_S (ID: 2)] rwys: 36
[2026-09-28 10:08:01] [DEBUG] [CONF] [VICEN_S (ID: 2)] equip: NON-RNAV allowed FALSE
[2026-09-28 10:08:01] [DEBUG] [CONF] [VICEN_S (ID: 2)] equip: RNAV allowed TRUE
[2026-09-28 10:08:01] [DEBUG] [CONF] [VICEN_S (ID: 2)] initialClimb: 8000
[2026-09-28 10:08:01] [DEBUG] [CONF] [VICEN_S (ID: 2)] climb via: FALSE
[2026-09-28 10:08:01] [DEBUG] [CONF] [VICEN_S (ID: 2)] prio: 34
[2026-09-28 10:08:01] [DEBUG] [CONF] [VICEN_S (ID: 2)] pilotfiled: FALSE
[2026-09-28 10:08:01] [DEBUG] [CONF] [VICEN_S (ID: 2)] actDepRwy: deny - all - 
[2026-09-28 10:08:01] [DEBUG] [CONF] [VICEN_S (ID: 2)] actDepRwy: deny - any - 09
[2026-09-28 10:08:01] [DEBUG] [CONF] [VICEN_S (ID: 2)] wtc: 
[2026-09-28 10:08:01] [DEBUG] [CONF] [VICEN_S (ID: 2)] engType: 
[2026-09-28 10:08:01] [DEBUG] [CONF] [VICEN_S (ID: 2)] wingType: LSAT
[2026-09-28 10:08:01] [DEBUG] [CONF] [VICEN_S (ID: 2)] engCount: 0
[2026-09-28 10:08:01] [DEBUG] [CONF] [VICEN_S (ID: 2)] mtow: 0
[2026-09-28 10:08:01] [DEBUG] [CONF] [VICEN_S (ID: 2)] rule: OPPOSITE
[2026-09-28 10:08:01] [DEBUG] [CONF] [VICEN_S (ID: 2)] area: 
[2026-09-28 10:08:01] [DEBUG] [CONF] [VICEN_S (ID: 2)] lvp: -1
[2026-09-28 10:08:01] [DEBUG] [CONF] [VICEN_S (ID: 2)] timeFrom: -1
[2026-09-28 10:08:01] [DEBUG] [CONF] [VICEN_S (ID: 2)] timeTo: -1
[2026-09-28 10:08:01] [DEBUG] [CONF] [VICEN_T (ID: 1)] wpt: VICEN
[2026-09-28 10:08:01] [DEBUG] [CONF] [VICEN_T (ID: 1)] rwys: 16L,16R
[2026-09-28 10:08:01] [DEBUG] [CONF] [VICEN_T (ID: 1)] equip: NON-RNAV allowed FALSE
[2026-09-28 10:08:01] [DEBUG] [CONF] [VICEN_T (ID: 1)] equip: RNAV allowed TRUE
[2026-09-28 10:08:01] [DEBUG] [CONF] [VICEN_T (ID: 1)] initialClimb: 4000
[2026-09-28 10:08:01] [DEBUG] [CONF] [VICEN_T (ID: 1)] climb via: FALSE
[2026-09-28 10:08:01] [DEBUG] [CONF] [VICEN_T (ID: 1)] prio: 12
[2026-09-28 10:08:01] [DEBUG] [CONF] [VICEN_T (ID: 1)] pilotfiled: FALSE
[2026-09-28 10:08:01] [DEBUG] [CONF] [VICEN_T (ID: 1)] actDepRwy: deny - all - 
[2026-09-28 10:08:01] [DEBUG] [CONF] [VICEN_T (ID: 1)] actDepRwy: deny - any - 17L,17R
[2026-09-28 10:08:01] [DEBUG] [CONF] [VICEN_T (ID: 1)] wtc: 
[2026-09-28 10:08:01] [DEBUG] [CONF] [VICEN_T (ID: 1)] engType: 
[2026-09-28 10:08:01] [DEBUG] [CONF] [VICEN_T (ID: 1)] wingType: LSAT
[2026-09-28 10:08:01] [DEBUG] [CONF] [VICEN_T (ID: 1)] engCount: 0
[2026-09-28 10:08:01] [DEBUG] [CONF] [VICEN_T (ID: 1)] mtow: 0
[2026-09-28 10:08:01] [DEBUG] [CONF] [VICEN_T (ID: 1)] rule: OPPOSITE
[2026-09-28 10:08:01] [DEBUG] [CONF] [VICEN_T (ID: 1)] area: 
[2026-09-28 10:08:01] [DEBUG] [CONF] [VICEN_T (ID: 1)] lvp: -1
[2026-09-28 10:08:01] [DEBUG] [CONF] [VICEN_T (ID: 1)] timeFrom: -1
[2026-09-28 10:08:01] [DEBUG] [CONF] [VICEN_T (ID: 1)] timeTo: -1
[2026-09-28 10:08:01] [DEBUG] [CONF] [VICEN_U (ID: 1)] wpt: VICEN
[2026-09-28 10:08:01] [DEBUG] [CONF] [VICEN_U (ID: 1)] rwys: 17L,17R
[2026-09-28 10:08:01] [DEBUG] [CONF] [VICEN_U (ID: 1)] equip: NON-RNAV allowed FALSE
[2026-09-28 10:08:01] [DEBUG] [CONF] [VICEN_U (ID: 1)] equip: RNAV allowed TRUE
[2026-09-28 10:08:01] [DEBUG] [CONF] [VICEN_U (ID: 1)] initialClimb: 5000
[2026-09-28 10:08:01] [DEBUG] [CONF] [VICEN_U (ID: 1)] climb via: FALSE
[2026-09-28 10:08:01] [DEBUG] [CONF] [VICEN_U (ID: 1)] prio: 12
[2026-09-28 10:08:01] [DEBUG] [CONF] [VICEN_U (ID: 1)] pilotfiled: FALSE
[2026-09-28 10:08:01] [DEBUG] [CONF] [VICEN_U (ID: 1)] wtc: 
[2026-09-28 10:08:01] [DEBUG] [CONF] [VICEN_U (ID: 1)] engType: 
[2026-09-28 10:08:01] [DEBUG] [CONF] [VICEN_U (ID: 1)] wingType: LSAT
[2026-09-28 10:08:01] [DEBUG] [CONF] [VICEN_U (ID: 1)] engCount: 0
[2026-09-28 10:08:01] [DEBUG] [CONF] [VICEN_U (ID: 1)] mtow: 0
[2026-09-28 10:08:01] [DEBUG] [CONF] [VICEN_U (ID: 1)] rule: OPPOSITE
[2026-09-28 10:08:01] [DEBUG] [CONF] [VICEN_U (ID: 1)] area: 
[2026-09-28 10:08:01] [DEBUG] [CONF] [VICEN_U (ID: 1)] lvp: -1
[2026-09-28 10:08:01] [DEBUG] [CONF] [VICEN_U (ID: 1)] timeFrom: -1
[2026-09-28 10:08:01] [DEBUG] [CONF] [VICEN_U (ID: 1)] timeTo: -1
[2026-09-28 10:08:01] [DEBUG] [CONF] [VICEN_V (ID: 1)] wpt: VICEN
[2026-09-28 10:08:01] [DEBUG] [CONF] [VICEN_V (ID: 1)] rwys: 18
[2026-09-28 10:08:01] [DEBUG] [CONF] [VICEN_V (ID: 1)] equip: NON-RNAV allowed FALSE
[2026-09-28 10:08:01] [DEBUG] [CONF] [VICEN_V (ID: 1)] equip: RNAV allowed TRUE
[2026-09-28 10:08:01] [DEBUG] [CONF] [VICEN_V (ID: 1)] initialClimb: 8000
[2026-09-28 10:08:01] [DEBUG] [CONF] [VICEN_V (ID: 1)] climb via: FALSE
[2026-09-28 10:08:01] [DEBUG] [CONF] [VICEN_V (ID: 1)] prio: 2
[2026-09-28 10:08:01] [DEBUG] [CONF] [VICEN_V (ID: 1)] pilotfiled: FALSE
[2026-09-28 10:08:01] [DEBUG] [CONF] [VICEN_V (ID: 1)] wtc: 
[2026-09-28 10:08:01] [DEBUG] [CONF] [VICEN_V (ID: 1)] engType: 
[2026-09-28 10:08:01] [DEBUG] [CONF] [VICEN_V (ID: 1)] wingType: LSAT
[2026-09-28 10:08:01] [DEBUG] [CONF] [VICEN_V (ID: 1)] engCount: 0
[2026-09-28 10:08:01] [DEBUG] [CONF] [VICEN_V (ID: 1)] mtow: 0
[2026-09-28 10:08:01] [DEBUG] [CONF] [VICEN_V (ID: 1)] rule: OPPOSITE
[2026-09-28 10:08:01] [DEBUG] [CONF] [VICEN_V (ID: 1)] area: EAST
[2026-09-28 10:08:01] [DEBUG] [CONF] [VICEN_V (ID: 1)] lvp: -1
[2026-09-28 10:08:01] [DEBUG] [CONF] [VICEN_V (ID: 1)] timeFrom: -1
[2026-09-28 10:08:01] [DEBUG] [CONF] [VICEN_V (ID: 1)] timeTo: -1
[2026-09-28 10:08:01] [DEBUG] [CONF] [VICEN_V (ID: 2)] wpt: VICEN
[2026-09-28 10:08:01] [DEBUG] [CONF] [VICEN_V (ID: 2)] rwys: 18
[2026-09-28 10:08:01] [DEBUG] [CONF] [VICEN_V (ID: 2)] equip: NON-RNAV allowed FALSE
[2026-09-28 10:08:01] [DEBUG] [CONF] [VICEN_V (ID: 2)] equip: RNAV allowed TRUE
[2026-09-28 10:08:01] [DEBUG] [CONF] [VICEN_V (ID: 2)] initialClimb: 8000
[2026-09-28 10:08:01] [DEBUG] [CONF] [VICEN_V (ID: 2)] climb via: FALSE
[2026-09-28 10:08:01] [DEBUG] [CONF] [VICEN_V (ID: 2)] prio: 34
[2026-09-28 10:08:01] [DEBUG] [CONF] [VICEN_V (ID: 2)] pilotfiled: FALSE
[2026-09-28 10:08:01] [DEBUG] [CONF] [VICEN_V (ID: 2)] wtc: 
[2026-09-28 10:08:01] [DEBUG] [CONF] [VICEN_V (ID: 2)] engType: 
[2026-09-28 10:08:01] [DEBUG] [CONF] [VICEN_V (ID: 2)] wingType: LSAT
[2026-09-28 10:08:01] [DEBUG] [CONF] [VICEN_V (ID: 2)] engCount: 0
[2026-09-28 10:08:01] [DEBUG] [CONF] [VICEN_V (ID: 2)] mtow: 0
[2026-09-28 10:08:01] [DEBUG] [CONF] [VICEN_V (ID: 2)] rule: OPPOSITE
[2026-09-28 10:08:01] [DEBUG] [CONF] [VICEN_V (ID: 2)] area: 
[2026-09-28 10:08:01] [DEBUG] [CONF] [VICEN_V (ID: 2)] lvp: -1
[2026-09-28 10:08:01] [DEBUG] [CONF] [VICEN_V (ID: 2)] timeFrom: -1
[2026-09-28 10:08:01] [DEBUG] [CONF] [VICEN_V (ID: 2)] timeTo: -1
[2026-09-28 10:08:01] [DEBUG] [CONF] [YAQZI_K (ID: 1)] wpt: YAQZI
[2026-09-28 10:08:01] [DEBUG] [CONF] [YAQZI_K (ID: 1)] rwys: 34L,34R
[2026-09-28 10:08:01] [DEBUG] [CONF] [YAQZI_K (ID: 1)] equip: NON-RNAV allowed TRUE
[2026-09-28 10:08:01] [DEBUG] [CONF] [YAQZI_K (ID: 1)] equip: RNAV allowed FALSE
[2026-09-28 10:08:01] [DEBUG] [CONF] [YAQZI_K (ID: 1)] initialClimb: 4000
[2026-09-28 10:08:01] [DEBUG] [CONF] [YAQZI_K (ID: 1)] climb via: FALSE
[2026-09-28 10:08:01] [DEBUG] [CONF] [YAQZI_K (ID: 1)] prio: 20
[2026-09-28 10:08:01] [DEBUG] [CONF] [YAQZI_K (ID: 1)] pilotfiled: FALSE
[2026-09-28 10:08:01] [DEBUG] [CONF] [YAQZI_K (ID: 1)] wtc: 
[2026-09-28 10:08:01] [DEBUG] [CONF] [YAQZI_K (ID: 1)] engType: 
[2026-09-28 10:08:01] [DEBUG] [CONF] [YAQZI_K (ID: 1)] wingType: LSAT
[2026-09-28 10:08:01] [DEBUG] [CONF] [YAQZI_K (ID: 1)] engCount: 0
[2026-09-28 10:08:01] [DEBUG] [CONF] [YAQZI_K (ID: 1)] mtow: 0
[2026-09-28 10:08:01] [DEBUG] [CONF] [YAQZI_K (ID: 1)] rule: 
[2026-09-28 10:08:01] [DEBUG] [CONF] [YAQZI_K (ID: 1)] area: 
[2026-09-28 10:08:01] [DEBUG] [CONF] [YAQZI_K (ID: 1)] lvp: -1
[2026-09-28 10:08:01] [DEBUG] [CONF] [YAQZI_K (ID: 1)] timeFrom: -1
[2026-09-28 10:08:01] [DEBUG] [CONF] [YAQZI_K (ID: 1)] timeTo: -1
[2026-09-28 10:08:01] [DEBUG] [CONF] [YAQZI_K (ID: 2)] wpt: XXX
[2026-09-28 10:08:01] [DEBUG] [CONF] [YAQZI_K (ID: 2)] rwys: 34L,34R
[2026-09-28 10:08:01] [DEBUG] [CONF] [YAQZI_K (ID: 2)] equip: NON-RNAV allowed TRUE
[2026-09-28 10:08:01] [DEBUG] [CONF] [YAQZI_K (ID: 2)] equip: RNAV allowed FALSE
[2026-09-28 10:08:01] [DEBUG] [CONF] [YAQZI_K (ID: 2)] initialClimb: 4000
[2026-09-28 10:08:01] [DEBUG] [CONF] [YAQZI_K (ID: 2)] climb via: FALSE
[2026-09-28 10:08:01] [DEBUG] [CONF] [YAQZI_K (ID: 2)] prio: 25
[2026-09-28 10:08:01] [DEBUG] [CONF] [YAQZI_K (ID: 2)] pilotfiled: FALSE
[2026-09-28 10:08:01] [DEBUG] [CONF] [YAQZI_K (ID: 2)] wtc: 
[2026-09-28 10:08:01] [DEBUG] [CONF] [YAQZI_K (ID: 2)] engType: 
[2026-09-28 10:08:01] [DEBUG] [CONF] [YAQZI_K (ID: 2)] wingType: LSAT
[2026-09-28 10:08:01] [DEBUG] [CONF] [YAQZI_K (ID: 2)] engCount: 0
[2026-09-28 10:08:01] [DEBUG] [CONF] [YAQZI_K (ID: 2)] mtow: 0
[2026-09-28 10:08:01] [DEBUG] [CONF] [YAQZI_K (ID: 2)] rule: 
[2026-09-28 10:08:01] [DEBUG] [CONF] [YAQZI_K (ID: 2)] area: 
[2026-09-28 10:08:01] [DEBUG] [CONF] [YAQZI_K (ID: 2)] lvp: -1
[2026-09-28 10:08:01] [DEBUG] [CONF] [YAQZI_K (ID: 2)] timeFrom: -1
[2026-09-28 10:08:01] [DEBUG] [CONF] [YAQZI_K (ID: 2)] timeTo: -1
[2026-09-28 10:08:01] [DEBUG] [CONF] Checking .ese file for SID mastering...
[2026-09-28 10:08:01] [DEBUG] [CONF] [ASFON1G (ID: 1)] mastered. Master rwy [18]
[2026-09-28 10:08:01] [DEBUG] [CONF] [ASFON1G (ID: 2)] mastered. Master rwy [18]
[2026-09-28 10:08:01] [DEBUG] [CONF] [ASFON1G (ID: 3)] mastered. Master rwy [18]
[2026-09-28 10:08:01] [DEBUG] [CONF] [ASFON1G (ID: 4)] mastered. Master rwy [18]
[2026-09-28 10:08:01] [DEBUG] [CONF] [BARPE1C (ID: 1)] mastered. Master rwy [34L]
[2026-09-28 10:08:01] [DEBUG] [CONF] [BARPE1D (ID: 1)] mastered. Master rwy [35L]
[2026-09-28 10:08:01] [DEBUG] [CONF] [BARPE1E (ID: 1)] mastered. Master rwy [36]
[2026-09-28 10:08:01] [DEBUG] [CONF] [BARPE1E (ID: 2)] mastered. Master rwy [36]
[2026-09-28 10:08:01] [DEBUG] [CONF] [BARPE1F (ID: 1)] mastered. Master rwy [16L]
[2026-09-28 10:08:01] [DEBUG] [CONF] [BARPE1G (ID: 1)] mastered. Master rwy [17L]
[2026-09-28 10:08:01] [DEBUG] [CONF] [BARPE1H (ID: 1)] mastered. Master rwy [18]
[2026-09-28 10:08:01] [DEBUG] [CONF] [BARPE1H (ID: 2)] mastered. Master rwy [18]
[2026-09-28 10:08:01] [DEBUG] [CONF] [BARPE1L (ID: 1)] mastered. Master rwy [09]
[2026-09-28 10:08:01] [DEBUG] [CONF] [BARPE1L (ID: 2)] mastered. Master rwy [09]
[2026-09-28 10:08:01] [DEBUG] [CONF] [BARPE1M (ID: 1)] mastered. Master rwy [09]
[2026-09-28 10:08:01] [DEBUG] [CONF] [BARPE1M (ID: 2)] mastered. Master rwy [09]
[2026-09-28 10:08:01] [DEBUG] [CONF] [BARPE1M (ID: 3)] mastered. Master rwy [09]
[2026-09-28 10:08:01] [DEBUG] [CONF] [BARPE1V (ID: 1)] mastered. Master rwy [18]
[2026-09-28 10:08:01] [DEBUG] [CONF] [BARPE1V (ID: 2)] mastered. Master rwy [18]
[2026-09-28 10:08:01] [DEBUG] [CONF] [BARPE1Y (ID: 1)] mastered. Master rwy [09]
[2026-09-28 10:08:01] [DEBUG] [CONF] [BARPE1Y (ID: 2)] mastered. Master rwy [09]
[2026-09-28 10:08:01] [DEBUG] [CONF] [CEK1S (ID: 1)] mastered. Master rwy [34L]
[2026-09-28 10:08:01] [DEBUG] [CONF] [EKAWE1C (ID: 1)] mastered. Master rwy [34L]
[2026-09-28 10:08:01] [DEBUG] [CONF] [EKAWE1C (ID: 2)] mastered. Master rwy [34L]
[2026-09-28 10:08:01] [DEBUG] [CONF] [EKAWE1D (ID: 1)] mastered. Master rwy [35L]
[2026-09-28 10:08:01] [DEBUG] [CONF] [EKAWE1D (ID: 2)] mastered. Master rwy [35L]
[2026-09-28 10:08:01] [DEBUG] [CONF] [EKAWE1E (ID: 1)] mastered. Master rwy [36]
[2026-09-28 10:08:01] [DEBUG] [CONF] [EKAWE1E (ID: 2)] mastered. Master rwy [36]
[2026-09-28 10:08:01] [DEBUG] [CONF] [EKAWE1E (ID: 3)] mastered. Master rwy [36]
[2026-09-28 10:08:01] [DEBUG] [CONF] [EKAWE1E (ID: 4)] mastered. Master rwy [36]
[2026-09-28 10:08:01] [DEBUG] [CONF] [EKAWE1F (ID: 1)] mastered. Master rwy [16L]
[2026-09-28 10:08:01] [DEBUG] [CONF] [EKAWE1F (ID: 2)] mastered. Master rwy [16L]
[2026-09-28 10:08:01] [DEBUG] [CONF] [EKAWE1G (ID: 1)] mastered. Master rwy [17L]
[2026-09-28 10:08:01] [DEBUG] [CONF] [EKAWE1G (ID: 2)] mastered. Master rwy [17L]
[2026-09-28 10:08:01] [DEBUG] [CONF] [EKAWE1H (ID: 1)] mastered. Master rwy [18]
[2026-09-28 10:08:01] [DEBUG] [CONF] [EKAWE1H (ID: 2)] mastered. Master rwy [18]
[2026-09-28 10:08:01] [DEBUG] [CONF] [EKAWE1H (ID: 3)] mastered. Master rwy [18]
[2026-09-28 10:08:01] [DEBUG] [CONF] [EKAWE1H (ID: 4)] mastered. Master rwy [18]
[2026-09-28 10:08:01] [DEBUG] [CONF] [EKAWE1L (ID: 1)] mastered. Master rwy [09]
[2026-09-28 10:08:01] [DEBUG] [CONF] [EKAWE1L (ID: 2)] mastered. Master rwy [09]
[2026-09-28 10:08:01] [DEBUG] [CONF] [EKAWE1L (ID: 3)] mastered. Master rwy [09]
[2026-09-28 10:08:01] [DEBUG] [CONF] [EKAWE1L (ID: 4)] mastered. Master rwy [09]
[2026-09-28 10:08:01] [DEBUG] [CONF] [EKAWE1M (ID: 1)] mastered. Master rwy [09]
[2026-09-28 10:08:01] [DEBUG] [CONF] [EKAWE1M (ID: 2)] mastered. Master rwy [09]
[2026-09-28 10:08:01] [DEBUG] [CONF] [EKAWE1M (ID: 3)] mastered. Master rwy [09]
[2026-09-28 10:08:01] [DEBUG] [CONF] [EKAWE1M (ID: 4)] mastered. Master rwy [09]
[2026-09-28 10:08:01] [DEBUG] [CONF] [EKAWE1M (ID: 5)] mastered. Master rwy [09]
[2026-09-28 10:08:01] [DEBUG] [CONF] [EKAWE1M (ID: 6)] mastered. Master rwy [09]
[2026-09-28 10:08:01] [DEBUG] [CONF] [ELCAH1K (ID: 1)] mastered. Master rwy [36]
[2026-09-28 10:08:01] [DEBUG] [CONF] [ELCAH1K (ID: 2)] mastered. Master rwy [36]
[2026-09-28 10:08:01] [DEBUG] [CONF] [ELCAH1K (ID: 3)] mastered. Master rwy [36]
[2026-09-28 10:08:01] [DEBUG] [CONF] [ELCAH1K (ID: 4)] mastered. Master rwy [36]
[2026-09-28 10:08:01] [DEBUG] [CONF] [ELNIN1K (ID: 1)] mastered. Master rwy [35L]
[2026-09-28 10:08:01] [DEBUG] [CONF] [ELNIN1K (ID: 2)] mastered. Master rwy [35L]
[2026-09-28 10:08:01] [DEBUG] [CONF] [GAPDI1G (ID: 1)] mastered. Master rwy [17L]
[2026-09-28 10:08:01] [DEBUG] [CONF] [GAPDI1G (ID: 2)] mastered. Master rwy [17L]
[2026-09-28 10:08:01] [DEBUG] [CONF] [IBLAL1C (ID: 1)] mastered. Master rwy [34L]
[2026-09-28 10:08:01] [DEBUG] [CONF] [IBLAL1C (ID: 2)] mastered. Master rwy [34L]
[2026-09-28 10:08:01] [DEBUG] [CONF] [IBLAL1D (ID: 1)] mastered. Master rwy [35L]
[2026-09-28 10:08:01] [DEBUG] [CONF] [IBLAL1D (ID: 2)] mastered. Master rwy [35L]
[2026-09-28 10:08:01] [DEBUG] [CONF] [IBLAL1E (ID: 1)] mastered. Master rwy [36]
[2026-09-28 10:08:01] [DEBUG] [CONF] [IBLAL1E (ID: 2)] mastered. Master rwy [36]
[2026-09-28 10:08:01] [DEBUG] [CONF] [IBLAL1E (ID: 3)] mastered. Master rwy [36]
[2026-09-28 10:08:01] [DEBUG] [CONF] [IBLAL1E (ID: 4)] mastered. Master rwy [36]
[2026-09-28 10:08:01] [DEBUG] [CONF] [IBLAL1F (ID: 1)] mastered. Master rwy [16L]
[2026-09-28 10:08:01] [DEBUG] [CONF] [IBLAL1F (ID: 2)] mastered. Master rwy [16L]
[2026-09-28 10:08:01] [DEBUG] [CONF] [IBLAL1G (ID: 1)] mastered. Master rwy [17L]
[2026-09-28 10:08:01] [DEBUG] [CONF] [IBLAL1G (ID: 2)] mastered. Master rwy [17L]
[2026-09-28 10:08:01] [DEBUG] [CONF] [IBLAL1H (ID: 1)] mastered. Master rwy [18]
[2026-09-28 10:08:01] [DEBUG] [CONF] [IBLAL1H (ID: 2)] mastered. Master rwy [18]
[2026-09-28 10:08:01] [DEBUG] [CONF] [IBLAL1H (ID: 3)] mastered. Master rwy [18]
[2026-09-28 10:08:01] [DEBUG] [CONF] [IBLAL1H (ID: 4)] mastered. Master rwy [18]
[2026-09-28 10:08:01] [DEBUG] [CONF] [IBLAL1L (ID: 1)] mastered. Master rwy [09]
[2026-09-28 10:08:01] [DEBUG] [CONF] [IBLAL1L (ID: 2)] mastered. Master rwy [09]
[2026-09-28 10:08:01] [DEBUG] [CONF] [IBLAL1L (ID: 3)] mastered. Master rwy [09]
[2026-09-28 10:08:01] [DEBUG] [CONF] [IBLAL1L (ID: 4)] mastered. Master rwy [09]
[2026-09-28 10:08:01] [DEBUG] [CONF] [IBLAL1M (ID: 1)] mastered. Master rwy [09]
[2026-09-28 10:08:01] [DEBUG] [CONF] [IBLAL1M (ID: 2)] mastered. Master rwy [09]
[2026-09-28 10:08:01] [DEBUG] [CONF] [IBLAL1M (ID: 3)] mastered. Master rwy [09]
[2026-09-28 10:08:01] [DEBUG] [CONF] [IBLAL1M (ID: 4)] mastered. Master rwy [09]
[2026-09-28 10:08:01] [DEBUG] [CONF] [IBLAL1M (ID: 5)] mastered. Master rwy [09]
[2026-09-28 10:08:01] [DEBUG] [CONF] [IBLAL1M (ID: 6)] mastered. Master rwy [09]
[2026-09-28 10:08:01] [DEBUG] [CONF] [IST1N (ID: 1)] mastered. Master rwy [35L]
[2026-09-28 10:08:01] [DEBUG] [CONF] [IST1P (ID: 1)] mastered. Master rwy [17L]
[2026-09-28 10:08:01] [DEBUG] [CONF] [IST1S (ID: 1)] mastered. Master rwy [36]
[2026-09-28 10:08:01] [DEBUG] [CONF] [IVGUS1C (ID: 1)] mastered. Master rwy [34L]
[2026-09-28 10:08:01] [DEBUG] [CONF] [IVGUS1D (ID: 1)] mastered. Master rwy [35L]
[2026-09-28 10:08:01] [DEBUG] [CONF] [IVGUS1E (ID: 1)] mastered. Master rwy [36]
[2026-09-28 10:08:01] [DEBUG] [CONF] [IVGUS1E (ID: 2)] mastered. Master rwy [36]
[2026-09-28 10:08:01] [DEBUG] [CONF] [IVGUS1F (ID: 1)] mastered. Master rwy [16L]
[2026-09-28 10:08:01] [DEBUG] [CONF] [IVGUS1G (ID: 1)] mastered. Master rwy [17L]
[2026-09-28 10:08:01] [DEBUG] [CONF] [IVGUS1H (ID: 1)] mastered. Master rwy [18]
[2026-09-28 10:08:01] [DEBUG] [CONF] [IVGUS1H (ID: 2)] mastered. Master rwy [18]
[2026-09-28 10:08:01] [DEBUG] [CONF] [IVGUS1L (ID: 1)] mastered. Master rwy [09]
[2026-09-28 10:08:01] [DEBUG] [CONF] [IVGUS1L (ID: 2)] mastered. Master rwy [09]
[2026-09-28 10:08:01] [DEBUG] [CONF] [IVGUS1M (ID: 1)] mastered. Master rwy [09]
[2026-09-28 10:08:01] [DEBUG] [CONF] [IVGUS1M (ID: 2)] mastered. Master rwy [09]
[2026-09-28 10:08:01] [DEBUG] [CONF] [IVGUS1M (ID: 3)] mastered. Master rwy [09]
[2026-09-28 10:08:01] [DEBUG] [CONF] [IVGUS1V (ID: 1)] mastered. Master rwy [18]
[2026-09-28 10:08:01] [DEBUG] [CONF] [IVGUS1V (ID: 2)] mastered. Master rwy [18]
[2026-09-28 10:08:01] [DEBUG] [CONF] [IVGUS1Y (ID: 1)] mastered. Master rwy [09]
[2026-09-28 10:08:01] [DEBUG] [CONF] [IVGUS1Y (ID: 2)] mastered. Master rwy [09]
[2026-09-28 10:08:01] [DEBUG] [CONF] [LESQE1G (ID: 1)] mastered. Master rwy [16L]
[2026-09-28 10:08:01] [DEBUG] [CONF] [LESQE1G (ID: 2)] mastered. Master rwy [16L]
[2026-09-28 10:08:01] [DEBUG] [CONF] [MAKOL1C (ID: 1)] mastered. Master rwy [34L]
[2026-09-28 10:08:01] [DEBUG] [CONF] [MAKOL1D (ID: 1)] mastered. Master rwy [35L]
[2026-09-28 10:08:01] [DEBUG] [CONF] [MAKOL1E (ID: 1)] mastered. Master rwy [36]
[2026-09-28 10:08:01] [DEBUG] [CONF] [MAKOL1E (ID: 2)] mastered. Master rwy [36]
[2026-09-28 10:08:01] [DEBUG] [CONF] [MAKOL1F (ID: 1)] mastered. Master rwy [16L]
[2026-09-28 10:08:01] [DEBUG] [CONF] [MAKOL1G (ID: 1)] mastered. Master rwy [17L]
[2026-09-28 10:08:01] [DEBUG] [CONF] [MAKOL1H (ID: 1)] mastered. Master rwy [18]
[2026-09-28 10:08:01] [DEBUG] [CONF] [MAKOL1H (ID: 2)] mastered. Master rwy [18]
[2026-09-28 10:08:01] [DEBUG] [CONF] [MAKOL1L (ID: 1)] mastered. Master rwy [09]
[2026-09-28 10:08:01] [DEBUG] [CONF] [MAKOL1L (ID: 2)] mastered. Master rwy [09]
[2026-09-28 10:08:01] [DEBUG] [CONF] [MAKOL1M (ID: 1)] mastered. Master rwy [09]
[2026-09-28 10:08:01] [DEBUG] [CONF] [MAKOL1M (ID: 2)] mastered. Master rwy [09]
[2026-09-28 10:08:01] [DEBUG] [CONF] [MAKOL1M (ID: 3)] mastered. Master rwy [09]
[2026-09-28 10:08:01] [DEBUG] [CONF] [RATVU1C (ID: 1)] mastered. Master rwy [34L]
[2026-09-28 10:08:01] [DEBUG] [CONF] [RATVU1D (ID: 1)] mastered. Master rwy [35L]
[2026-09-28 10:08:01] [DEBUG] [CONF] [RATVU1E (ID: 1)] mastered. Master rwy [36]
[2026-09-28 10:08:01] [DEBUG] [CONF] [RATVU1E (ID: 2)] mastered. Master rwy [36]
[2026-09-28 10:08:01] [DEBUG] [CONF] [RATVU1F (ID: 1)] mastered. Master rwy [16L]
[2026-09-28 10:08:01] [DEBUG] [CONF] [RATVU1G (ID: 1)] mastered. Master rwy [17L]
[2026-09-28 10:08:01] [DEBUG] [CONF] [RATVU1H (ID: 1)] mastered. Master rwy [18]
[2026-09-28 10:08:01] [DEBUG] [CONF] [RATVU1H (ID: 2)] mastered. Master rwy [18]
[2026-09-28 10:08:01] [DEBUG] [CONF] [RATVU1L (ID: 1)] mastered. Master rwy [09]
[2026-09-28 10:08:01] [DEBUG] [CONF] [RATVU1L (ID: 2)] mastered. Master rwy [09]
[2026-09-28 10:08:01] [DEBUG] [CONF] [RATVU1M (ID: 1)] mastered. Master rwy [09]
[2026-09-28 10:08:01] [DEBUG] [CONF] [RATVU1M (ID: 2)] mastered. Master rwy [09]
[2026-09-28 10:08:01] [DEBUG] [CONF] [RATVU1M (ID: 3)] mastered. Master rwy [09]
[2026-09-28 10:08:01] [DEBUG] [CONF] [RATVU1U (ID: 1)] mastered. Master rwy [17L]
[2026-09-28 10:08:01] [DEBUG] [CONF] [RATVU1V (ID: 1)] mastered. Master rwy [18]
[2026-09-28 10:08:01] [DEBUG] [CONF] [RATVU1V (ID: 2)] mastered. Master rwy [18]
[2026-09-28 10:08:01] [DEBUG] [CONF] [RATVU1Y (ID: 1)] mastered. Master rwy [09]
[2026-09-28 10:08:01] [DEBUG] [CONF] [RATVU1Y (ID: 2)] mastered. Master rwy [09]
[2026-09-28 10:08:01] [DEBUG] [CONF] [REZOV1C (ID: 1)] mastered. Master rwy [34L]
[2026-09-28 10:08:01] [DEBUG] [CONF] [REZOV1C (ID: 2)] mastered. Master rwy [34L]
[2026-09-28 10:08:01] [DEBUG] [CONF] [REZOV1D (ID: 1)] mastered. Master rwy [35L]
[2026-09-28 10:08:01] [DEBUG] [CONF] [REZOV1D (ID: 2)] mastered. Master rwy [35L]
[2026-09-28 10:08:01] [DEBUG] [CONF] [REZOV1E (ID: 1)] mastered. Master rwy [36]
[2026-09-28 10:08:01] [DEBUG] [CONF] [REZOV1E (ID: 2)] mastered. Master rwy [36]
[2026-09-28 10:08:01] [DEBUG] [CONF] [REZOV1E (ID: 3)] mastered. Master rwy [36]
[2026-09-28 10:08:01] [DEBUG] [CONF] [REZOV1E (ID: 4)] mastered. Master rwy [36]
[2026-09-28 10:08:01] [DEBUG] [CONF] [REZOV1F (ID: 1)] mastered. Master rwy [16L]
[2026-09-28 10:08:01] [DEBUG] [CONF] [REZOV1F (ID: 2)] mastered. Master rwy [16L]
[2026-09-28 10:08:01] [DEBUG] [CONF] [REZOV1G (ID: 1)] mastered. Master rwy [17L]
[2026-09-28 10:08:01] [DEBUG] [CONF] [REZOV1G (ID: 2)] mastered. Master rwy [17L]
[2026-09-28 10:08:01] [DEBUG] [CONF] [REZOV1H (ID: 1)] mastered. Master rwy [18]
[2026-09-28 10:08:01] [DEBUG] [CONF] [REZOV1H (ID: 2)] mastered. Master rwy [18]
[2026-09-28 10:08:01] [DEBUG] [CONF] [REZOV1H (ID: 3)] mastered. Master rwy [18]
[2026-09-28 10:08:01] [DEBUG] [CONF] [REZOV1H (ID: 4)] mastered. Master rwy [18]
[2026-09-28 10:08:01] [DEBUG] [CONF] [REZOV1L (ID: 1)] mastered. Master rwy [09]
[2026-09-28 10:08:01] [DEBUG] [CONF] [REZOV1L (ID: 2)] mastered. Master rwy [09]
[2026-09-28 10:08:01] [DEBUG] [CONF] [REZOV1L (ID: 3)] mastered. Master rwy [09]
[2026-09-28 10:08:01] [DEBUG] [CONF] [REZOV1L (ID: 4)] mastered. Master rwy [09]
[2026-09-28 10:08:01] [DEBUG] [CONF] [REZOV1M (ID: 1)] mastered. Master rwy [09]
[2026-09-28 10:08:01] [DEBUG] [CONF] [REZOV1M (ID: 2)] mastered. Master rwy [09]
[2026-09-28 10:08:01] [DEBUG] [CONF] [REZOV1M (ID: 3)] mastered. Master rwy [09]
[2026-09-28 10:08:01] [DEBUG] [CONF] [REZOV1M (ID: 4)] mastered. Master rwy [09]
[2026-09-28 10:08:01] [DEBUG] [CONF] [REZOV1M (ID: 5)] mastered. Master rwy [09]
[2026-09-28 10:08:01] [DEBUG] [CONF] [REZOV1M (ID: 6)] mastered. Master rwy [09]
[2026-09-28 10:08:01] [DEBUG] [CONF] [TUDBU1C (ID: 1)] mastered. Master rwy [34L]
[2026-09-28 10:08:01] [DEBUG] [CONF] [TUDBU1D (ID: 1)] mastered. Master rwy [35L]
[2026-09-28 10:08:01] [DEBUG] [CONF] [TUDBU1E (ID: 1)] mastered. Master rwy [36]
[2026-09-28 10:08:01] [DEBUG] [CONF] [TUDBU1E (ID: 2)] mastered. Master rwy [36]
[2026-09-28 10:08:01] [DEBUG] [CONF] [TUDBU1F (ID: 1)] mastered. Master rwy [16L]
[2026-09-28 10:08:01] [DEBUG] [CONF] [TUDBU1G (ID: 1)] mastered. Master rwy [17L]
[2026-09-28 10:08:01] [DEBUG] [CONF] [TUDBU1H (ID: 1)] mastered. Master rwy [18]
[2026-09-28 10:08:01] [DEBUG] [CONF] [TUDBU1H (ID: 2)] mastered. Master rwy [18]
[2026-09-28 10:08:01] [DEBUG] [CONF] [TUDBU1L (ID: 1)] mastered. Master rwy [09]
[2026-09-28 10:08:01] [DEBUG] [CONF] [TUDBU1L (ID: 2)] mastered. Master rwy [09]
[2026-09-28 10:08:01] [DEBUG] [CONF] [TUDBU1M (ID: 1)] mastered. Master rwy [09]
[2026-09-28 10:08:01] [DEBUG] [CONF] [TUDBU1M (ID: 2)] mastered. Master rwy [09]
[2026-09-28 10:08:01] [DEBUG] [CONF] [TUDBU1M (ID: 3)] mastered. Master rwy [09]
[2026-09-28 10:08:01] [DEBUG] [CONF] [VADEN1C (ID: 1)] mastered. Master rwy [34L]
[2026-09-28 10:08:01] [DEBUG] [CONF] [VADEN1D (ID: 1)] mastered. Master rwy [35L]
[2026-09-28 10:08:01] [DEBUG] [CONF] [VADEN1E (ID: 1)] mastered. Master rwy [36]
[2026-09-28 10:08:01] [DEBUG] [CONF] [VADEN1E (ID: 2)] mastered. Master rwy [36]
[2026-09-28 10:08:01] [DEBUG] [CONF] [VADEN1F (ID: 1)] mastered. Master rwy [16L]
[2026-09-28 10:08:01] [DEBUG] [CONF] [VADEN1G (ID: 1)] mastered. Master rwy [17L]
[2026-09-28 10:08:01] [DEBUG] [CONF] [VADEN1H (ID: 1)] mastered. Master rwy [18]
[2026-09-28 10:08:01] [DEBUG] [CONF] [VADEN1H (ID: 2)] mastered. Master rwy [18]
[2026-09-28 10:08:01] [DEBUG] [CONF] [VADEN1L (ID: 1)] mastered. Master rwy [09]
[2026-09-28 10:08:01] [DEBUG] [CONF] [VADEN1L (ID: 2)] mastered. Master rwy [09]
[2026-09-28 10:08:01] [DEBUG] [CONF] [VADEN1M (ID: 1)] mastered. Master rwy [09]
[2026-09-28 10:08:01] [DEBUG] [CONF] [VADEN1M (ID: 2)] mastered. Master rwy [09]
[2026-09-28 10:08:01] [DEBUG] [CONF] [VADEN1M (ID: 3)] mastered. Master rwy [09]
[2026-09-28 10:08:01] [DEBUG] [CONF] [VICEN1C (ID: 1)] mastered. Master rwy [34L]
[2026-09-28 10:08:01] [DEBUG] [CONF] [VICEN1D (ID: 1)] mastered. Master rwy [35L]
[2026-09-28 10:08:01] [DEBUG] [CONF] [VICEN1E (ID: 1)] mastered. Master rwy [36]
[2026-09-28 10:08:01] [DEBUG] [CONF] [VICEN1E (ID: 2)] mastered. Master rwy [36]
[2026-09-28 10:08:01] [DEBUG] [CONF] [VICEN1F (ID: 1)] mastered. Master rwy [16L]
[2026-09-28 10:08:01] [DEBUG] [CONF] [VICEN1G (ID: 1)] mastered. Master rwy [17L]
[2026-09-28 10:08:01] [DEBUG] [CONF] [VICEN1H (ID: 1)] mastered. Master rwy [18]
[2026-09-28 10:08:01] [DEBUG] [CONF] [VICEN1H (ID: 2)] mastered. Master rwy [18]
[2026-09-28 10:08:01] [DEBUG] [CONF] [VICEN1L (ID: 1)] mastered. Master rwy [09]
[2026-09-28 10:08:01] [DEBUG] [CONF] [VICEN1L (ID: 2)] mastered. Master rwy [09]
[2026-09-28 10:08:01] [DEBUG] [CONF] [VICEN1M (ID: 1)] mastered. Master rwy [09]
[2026-09-28 10:08:01] [DEBUG] [CONF] [VICEN1M (ID: 2)] mastered. Master rwy [09]
[2026-09-28 10:08:01] [DEBUG] [CONF] [VICEN1M (ID: 3)] mastered. Master rwy [09]
[2026-09-28 10:08:01] [DEBUG] [CONF] [VICEN1Q (ID: 1)] mastered. Master rwy [34L]
[2026-09-28 10:08:01] [DEBUG] [CONF] [VICEN1R (ID: 1)] mastered. Master rwy [35L]
[2026-09-28 10:08:01] [DEBUG] [CONF] [VICEN1S (ID: 1)] mastered. Master rwy [36]
[2026-09-28 10:08:01] [DEBUG] [CONF] [VICEN1S (ID: 2)] mastered. Master rwy [36]
[2026-09-28 10:08:01] [DEBUG] [CONF] [VICEN1T (ID: 1)] mastered. Master rwy [16L]
[2026-09-28 10:08:01] [DEBUG] [CONF] [VICEN1U (ID: 1)] mastered. Master rwy [17L]
[2026-09-28 10:08:01] [DEBUG] [CONF] [VICEN1V (ID: 1)] mastered. Master rwy [18]
[2026-09-28 10:08:01] [DEBUG] [CONF] [VICEN1V (ID: 2)] mastered. Master rwy [18]
[2026-09-28 10:08:01] [DEBUG] [CONF] [VICEN1Y (ID: 1)] mastered. Master rwy [09]
[2026-09-28 10:08:01] [DEBUG] [CONF] [VICEN1Y (ID: 2)] mastered. Master rwy [09]
[2026-09-28 10:08:01] [DEBUG] [CONF] [VICEN1Z (ID: 1)] mastered. Master rwy [09]
[2026-09-28 10:08:01] [DEBUG] [CONF] [VICEN1Z (ID: 2)] mastered. Master rwy [09]
[2026-09-28 10:08:01] [DEBUG] [CONF] [YAQZI1K (ID: 1)] mastered. Master rwy [34L]
[2026-09-28 10:08:01] [DEBUG] [CONF] [YAQZI1K (ID: 2)] mastered. Master rwy [34L]
[2026-09-28 10:08:01] [INFO] Airports updated. [1] active.
[2026-09-28 10:08:06] [DEBUG] [MENU] Removing display with id [1] from saved displays.
[2026-09-28 10:08:06] [DEBUG] [MENU] (deleteScreen) size: 1
[2026-09-28 10:08:06] [DEBUG] [MENU] (deleteScreen) present id [1] is valid [TRUE]
[2026-09-28 10:08:06] [DEBUG] [MENU] (deleteScreen) Removing id [1] use count [1]
[2026-09-28 10:08:06] [DEBUG] [MENU] Removed display with id: 1
[2026-09-28 10:08:06] [DEBUG] [MENU] (deleteScreen) size after deletion [0]
